Date,Close,log_returns,log_returns_zscore
2000-01-03,3.224977493286133,0.0,0.0
2000-01-04,3.147453546524048,-0.0243322434185208,-0.7071067811865476
2000-01-05,3.147453546524048,0.0,0.5773502691896257
2000-01-06,3.25598669052124,0.0339016324753299,1.3165163245166318
2000-01-07,3.3800246715545654,0.0373876482905988,1.077930723312963
2000-01-10,3.3335111141204834,-0.0138568716049252,-0.7720299319958248
2000-01-11,3.3025007247924805,-0.0093461602577204,-0.5401194038200942
2000-01-12,3.240481376647949,-0.0189580850742931,-0.8421686660388745
2000-01-13,3.38777494430542,0.0444514554749261,1.4887279407812282
2000-01-14,3.3567676544189453,-0.0091948439473743,-0.5255318007645141
2000-01-18,3.2482337951660156,-0.03286710235617,-1.27480266927325
2000-01-19,3.2094719409942627,-0.0120049817327896,-0.4579836231838863
2000-01-20,3.1939680576324463,-0.004842370244877,-0.16876989584459823
2000-01-21,3.07768177986145,-0.0370874042896624,-1.335165525365001
2000-01-24,3.0156641006469727,-0.0203565732330955,-0.6417290655381652
2000-01-25,2.837359666824341,-0.0609461465200857,-1.9066303555771176
2000-01-26,2.8916261196136475,0.0189450900721584,0.9166605821067898
2000-01-27,2.845111608505249,-0.0162167185189725,-0.34348795220884953
2000-01-28,2.7520833015441895,-0.0332441074424541,-0.9266846918794742
2000-01-31,2.7365787029266357,-0.0056496974475555,0.09790945900475939
2000-02-01,2.550522565841675,-0.0704102256653408,-2.0508738997651426
2000-02-02,2.6357994079589844,0.0328882506557693,1.415530139224423
2000-02-03,2.5660276412963867,-0.0268274783426864,-0.5772030139022062
2000-02-04,2.511760950088501,-0.021374957373317,-0.3817292777309046
2000-02-07,2.4032275676727295,-0.0441714271391122,-1.121027816984205
2000-02-08,2.2718942165374756,-0.0561987136048259,-1.4417447714844451
2000-02-09,2.0462608337402344,-0.1045997960269116,-2.5854245228614445
2000-02-10,2.038480520248413,-0.003809456818209,0.37648086890495047
2000-02-11,1.9840166568756104,-0.0270812828771969,-0.31438976447850214
2000-02-14,2.092942953109741,0.0534477826230439,1.9536266943219112
2000-02-15,2.303016185760498,0.0956484618808027,2.6992095359296164
2000-02-16,2.264113426208496,-0.0170363899325198,-0.15404099300404744
2000-02-17,2.248551607131958,-0.0068969802318594,0.10545749018766824
2000-02-18,2.124064683914185,-0.0569547220333099,-1.1614235329211051
2000-02-22,2.1396262645721436,0.0072996143224248,0.5000870599916376
2000-02-23,2.1551871299743652,0.007246383982028,0.4901737096061321
2000-02-24,2.1007237434387207,-0.0255956299532041,-0.3769043447817036
2000-02-25,2.069601058959961,-0.0149260615241843,-0.08871168020575204
2000-02-28,2.1396262645721436,0.0332753074953606,1.1870572904480152
2000-02-29,2.124064683914185,-0.0072996143224247,0.08621881777514646
2000-03-01,2.124064683914185,0.0,0.28291831046798643
2000-03-02,2.1085047721862793,-0.0073524992256599,0.07776052160114173
2000-03-03,2.1940901279449463,0.0397883827808546,1.3559094291125993
2000-03-06,2.225211381912231,0.0140844739208985,0.6307668095529511
2000-03-07,2.1318464279174805,-0.0428634424367809,-0.9439807654624742
2000-03-08,2.092942953109741,-0.0184172847224259,-0.25554499539317216
2000-03-09,2.1085047721862793,0.0074078704574535,0.47010582454332944
2000-03-10,1.8595292568206787,-0.1256556895483743,-2.9664857593217753
2000-03-13,1.8673096895217896,0.0041753583219188,0.4017116623893041
2000-03-14,1.8439691066741943,-0.0125783547205248,-0.03702652215885179
2000-03-15,1.890651822090149,0.025001277463512,0.940264967642442
2000-03-16,1.96067476272583,0.0363670316660024,1.2116004741963
2000-03-17,1.9062124490737915,-0.0281704183600716,-0.4849108168383712
2000-03-20,1.991798758506775,0.0439198668800323,1.3909441614755302
2000-03-21,1.9840166568756104,-0.0039147247829921,0.13064663831580567
2000-03-22,1.968456983566284,-0.0078734256592086,0.02526028462151297
2000-03-23,2.007360458374023,0.0195706755020554,0.7505632004983267
2000-03-24,1.9139926433563232,-0.0476292048460226,-1.0388465163153495
2000-03-27,1.898432374000549,-0.0081629701245395,0.02219700532626039
2000-03-28,1.8673096895217896,-0.0165297530182425,-0.20298994722321462
2000-03-29,1.875090479850769,0.0041581878943985,0.35944221309547664
2000-03-30,2.0462608337402344,0.0873572299469656,2.4906525772584778
2000-03-31,2.1396262645721436,0.0446170269331762,1.3358165883748268
2000-04-03,2.225211381912231,0.0392207431536685,1.172398295589214
2000-04-04,2.124064683914185,-0.0465203574760933,-1.0433179473287189
2000-04-05,2.124064683914185,0.0,0.16588288017987438
2000-04-06,2.077383279800415,-0.0222224935753037,-0.4131172747956376
2000-04-07,2.054040908813477,-0.0113000351958862,-0.1240199129560135
2000-04-10,2.116286039352417,0.0298536561732057,0.9562913957225783
2000-04-11,2.092942953109741,-0.0110914970851293,-0.1316503075946548
2000-04-12,2.069601058959961,-0.0112153234898222,-0.13400944409691828
2000-04-13,2.1318464279174805,0.0296326082122483,0.9549458635157817
2000-04-14,2.038480520248413,-0.0447837844682728,-1.038422256090999
2000-04-17,2.085162878036499,0.0226422838547258,0.771768931009631
2000-04-18,2.069601058959961,-0.0074911075987012,-0.04293803311698344
2000-04-19,2.038480520248413,-0.0151511762560246,-0.24978169014402563
2000-04-20,2.085162878036499,0.0226422838547258,0.7776387992911773
2000-04-24,2.1007237434387207,0.0074349539254831,0.3572646933030916
2000-04-25,2.007360458374023,-0.045461270814559,-1.0888495123860318
2000-04-26,2.077383279800415,0.0342884088880069,1.0963209828686737
2000-04-27,2.092942953109741,0.00746212389219,0.354646840076003
2000-04-28,2.225211381912231,0.0612807271592069,1.7972427065831078
2000-05-01,2.349698066711426,0.0544349234387439,1.575937920674141
2000-05-02,2.3652613162994385,0.006601671338787,0.28002286722578695
2000-05-03,2.3419189453125,-0.0099178535880823,-0.16839512940724946
2000-05-04,2.388601064682007,0.0197372105850693,0.637859096077668
2000-05-05,2.443063497543335,0.0225449175774101,0.7087841478017316
2000-05-08,2.388601064682007,-0.0225449175774102,-0.5291232412203419
2000-05-09,2.3730406761169434,-0.0065357474593218,-0.0859127455199407
2000-05-10,2.3661677837371826,-0.0029004409728744,0.015107984101981402
2000-05-11,2.3974051475524902,0.013115286373526,0.45998678208184396
2000-05-12,2.272458076477051,-0.0535248652237531,-1.389355190861254
2000-05-15,2.3193135261535645,0.020409149289246,0.6713572924532536
2000-05-16,2.3036956787109375,-0.0067565977766787,-0.08954220069306691
2000-05-17,2.2802677154541016,-0.0102217950848892,-0.18617198544963764
2000-05-18,2.2802677154541016,0.0,0.10280667117604972
2000-05-19,2.233412981033325,-0.0207619548899419,-0.4852341243533096
2000-05-22,2.225604295730591,-0.0035024279120215,0.008110111912149795
2000-05-23,2.2021775245666504,-0.0105818175850189,-0.19429782296848555
2000-05-24,2.272458076477051,0.0314154439593043,1.0081306732278101
2000-05-25,2.186558485031128,-0.0385332589493015,-1.001415594899491
2000-05-26,2.2099854946136475,0.0106571122297768,0.4163650521878903
2000-05-30,2.2412216663360596,0.0140351519699279,0.5111537206058983
2000-05-31,2.272458076477051,0.0138409947495968,0.5024692065193617
2000-06-01,2.373978853225708,0.0437052897878363,1.3557909596132753
2000-06-02,2.3661677837371826,-0.0032957109376093,-0.010941005318174143
2000-06-05,2.31150484085083,-0.0233729188641669,-0.5938116467854301
2000-06-06,2.3036956787109375,-0.0033841084734927,-0.00792673059125818
2000-06-07,2.2958860397338867,-0.0033958072537222,-0.008233542942238235
2000-06-08,2.3036956787109375,0.0033958072537221,0.19178713450381948
2000-06-09,2.3193135261535645,0.0067565977766787,0.2902380558945419
2000-06-12,2.373978853225708,0.0232961404985902,0.7781531670087003
2000-06-13,2.4286417961120605,0.0227647809585653,0.7569580808801208
2000-06-14,2.3974051475524902,-0.0129452055226485,-0.3110430002193216
2000-06-15,2.545778274536133,0.0600494446441234,1.8472287959124443
2000-06-16,2.4286417961120605,-0.0471042391214749,-1.3238357376317023
2000-06-19,2.44425892829895,0.0064098107226568,0.26128354239142265
2000-06-20,2.4598777294158936,0.0063696650460696,0.25891890032476317
2000-06-21,2.452067613601685,-0.003180052647415,-0.026335591917047742
2000-06-22,2.358358860015869,-0.0389656137345131,-1.0901514950373807
2000-06-23,2.3193135261535645,-0.016694730843954,-0.4203316616138701
2000-06-26,2.4208316802978516,0.0428399026786549,1.3548506391380057
2000-06-27,2.373978853225708,-0.0195437621800644,-0.5128113660345414
2000-06-28,2.4286417961120605,0.0227647809585653,0.7546609159119149
2000-06-29,2.381786584854126,-0.019481297471063,-0.5153429269228705
2000-06-30,2.2490315437316895,-0.0573511734309909,-1.6350646811039375
2000-07-03,2.358358860015869,0.0474662802888522,1.4907821560253738
2000-07-05,2.3036956787109375,-0.0234513286206326,-0.6232179044662796
2000-07-06,2.288076162338257,-0.0068032895181978,-0.12446736866193843
2000-07-07,2.3036956787109375,0.0068032895181977,0.28316507857123335
2000-07-10,2.373978853225708,0.030052738275269,0.976828898909002
2000-07-11,2.358358860015869,-0.0066014096546362,-0.12806125277802002
2000-07-12,2.358358860015869,0.0,0.07149999456653716
2000-07-13,2.2568399906158447,-0.0440003782358547,-1.2532627961098557
2000-07-14,2.2802677154541016,0.0103272545303327,0.3921949839252072
2000-07-17,2.288076162338257,0.0034185055666914,0.18137943205506019
2000-07-18,2.288076162338257,0.0,0.07675086472177536
2000-07-19,2.31150484085083,0.0101873979916904,0.38724151843974686
2000-07-20,2.3036956787109375,-0.0033841084734927,-0.029729773438894717
2000-07-21,2.2568399906158447,-0.0205490496152219,-0.5565491929446986
2000-07-24,2.2099854946136475,-0.0209796486168699,-0.5671961594105355
2000-07-25,2.3271238803863525,0.0516471670103945,1.6613975854892058
2000-07-26,2.3661677837371826,0.0166385585593569,0.5804797297954558
2000-07-27,2.272458076477051,-0.0404095788502269,-1.170829406966354
2000-07-28,2.272458076477051,0.0,0.07468595699773914
2000-07-31,2.217794179916382,-0.02434900943078,-0.675184185027376
2000-08-01,2.2568399906158447,0.0174525113281253,0.6174883239073377
2000-08-02,2.2021775245666504,-0.0245189458566497,-0.6827261029400888
2000-08-03,2.350550413131714,0.0652028643400466,2.071114096601671
2000-08-04,2.3895957469940186,0.0164746890347423,0.5695818240826159
2000-08-07,2.233412981033325,-0.0675933078777485,-1.9888537395319148
2000-08-08,2.1943671703338623,-0.017637200369991,-0.4622194999294373
2000-08-09,2.20314884185791,0.0039939289240007,0.19906646077923112
2000-08-10,2.297233819961548,0.0418180833573292,1.3477257615278213
2000-08-11,2.3599562644958496,0.0269373747190305,0.8869901500807319
2000-08-14,2.3677968978881836,0.0033168569979372,0.1628059432926837
2000-08-15,2.336435556411743,-0.0133334423414645,-0.3476684309497449
2000-08-16,2.2658724784851074,-0.030666616550371,-0.8769316283908954
2000-08-17,2.2658724784851074,0.0,0.06868412695544941
2000-08-18,2.250190496444702,-0.0069450072596397,-0.14573001924822093
2000-08-21,2.250190496444702,0.0,0.06959620025364169
2000-08-22,2.2423503398895264,-0.0034903030601177,-0.03894600927490738
2000-08-23,2.250190496444702,0.0034903030601176,0.17849149077488763
2000-08-24,2.2580318450927734,0.0034786911387928,0.1775699226580752
2000-08-25,2.250190496444702,-0.0034786911387928,-0.04088522738351585
2000-08-28,2.226670742034912,-0.0105073485850071,-0.26153746931731986
2000-08-29,2.250190496444702,0.010507348585007,0.40117866971227545
2000-08-30,2.2580318450927734,0.0034786911387928,0.1779480546458248
2000-08-31,2.250190496444702,-0.0034786911387928,-0.042993193762707396
2000-09-01,2.281552791595459,0.0138413823841589,0.5071096431549117
2000-09-05,2.250190496444702,-0.0138413823841589,-0.37581522686546687
2000-09-06,2.328596591949463,0.0342508873387032,1.1561903939960534
2000-09-07,2.3129146099090576,-0.006757299952422,-0.1551297100278181
2000-09-08,2.2658724784851074,-0.0205485801266414,-0.5952215183966801
2000-09-11,2.250190496444702,-0.0069450072596397,-0.15755109235673087
2000-09-12,2.187469005584717,-0.0282697074452819,-0.8407385422167994
2000-09-13,2.156106472015381,-0.0144411343946355,-0.39339257460028665
2000-09-14,2.014979600906372,-0.0676949641513237,-2.0832303262326564
2000-09-15,1.983618974685669,-0.0156861303583967,-0.41634829512901594
2000-09-18,2.0071401596069336,0.0117879613861237,0.46395551369846777
2000-09-19,2.0620217323303223,0.0269760222262114,0.9475331040220027
2000-09-20,2.093384265899658,0.0150950973781191,0.5631899415058196
2000-09-21,2.14042592048645,0.0222228151351658,0.7894561720692009
2000-09-22,2.171787977218628,0.0145459434300937,0.5398120504223399
2000-09-25,2.116905212402344,-0.0255955642658309,-0.7549164684318658
2000-09-26,2.148266315460205,0.0147059352910632,0.547804551702147
2000-09-27,2.20314884185791,0.0252264768458702,0.8847758071758264
2000-09-28,2.218830108642578,0.00709245009735,0.2954357042456393
2000-09-29,2.3050737380981445,0.0381325875415319,1.2959206480965644
2000-10-02,2.1639463901519775,-0.0631790792549079,-1.96801339948349
2000-10-03,2.1639463901519775,0.0,0.06748499023148567
2000-10-04,2.148266315460205,-0.0072724352298441,-0.16700776811181414
2000-10-05,2.2423503398895264,0.0428634227085741,1.445067794846542
2000-10-06,2.2658724784851074,0.0104353103197575,0.3966288892940338
2000-10-09,2.20314884185791,-0.0280722561824614,-0.8459406436486417
2000-10-10,2.187469005584717,-0.0071424585224604,-0.16760799408267768
2000-10-11,2.2893929481506348,0.0455415240065531,1.5298717471843317
2000-10-12,2.2580318450927734,-0.0137931254224782,-0.38889649341237137
2000-10-13,2.3129146099090576,0.0240148962474882,0.8335374867222582
2000-10-16,2.336435556411743,0.0101180364237297,0.3814652101726869
2000-10-17,2.3207550048828125,-0.0067339356535041,-0.16616639191588004
2000-10-18,2.281552791595459,-0.0170363057723477,-0.50048349286731
2000-10-19,2.3207550048828125,0.0170363057723477,0.610328746142853
2000-10-20,2.2580318450927734,-0.0273989970177138,-0.8397475731093228
2000-10-23,2.250190496444702,-0.0034786911387928,-0.05654406886179618
2000-10-24,2.2893929481506348,0.0172718165612711,0.6223175629507449
2000-10-25,2.2658724784851074,-0.0103268093016312,-0.2839920715221566
2000-10-26,2.2893929481506348,0.0103268093016313,0.3952260720755256
2000-10-27,2.422680616378784,0.0565879255679376,1.9007638648697036
2000-10-30,2.4932432174682617,0.0287097400902933,0.9818381535279006
2000-10-31,2.477562427520752,-0.0063091752455356,-0.16633587450035817
2000-11-01,2.4932432174682617,0.0063091752455357,0.24787223007367226
2000-11-02,2.508922815322876,0.0062691438490068,0.2459412943948699
2000-11-03,2.5246052742004395,0.0062312196701595,0.24408499087047936
2000-11-06,2.5246052742004395,0.0,0.03777643075338722
2000-11-07,2.5402848720550537,0.006191505636354,0.2425682826511047
2000-11-08,2.5569660663604736,0.0065451962472391,0.25370480839329124
2000-11-09,2.588434934616089,0.0122319953750891,0.4419608221427257
2000-11-10,2.6749789714813232,0.0328880984722661,1.125571697082732
2000-11-13,2.635641098022461,-0.0148150658308554,-0.46443856787668286
2000-11-14,2.6828458309173584,0.0177516549801949,0.6219243073258554
2000-11-15,2.7693898677825928,0.0317489232611477,1.0849778760568733
2000-11-16,2.722184419631958,-0.0171923781468508,-0.5505401664066996
2000-11-17,2.753655433654785,0.0114946241591718,0.409506148049735
2000-11-20,2.7300515174865723,-0.0086087977183836,-0.26465960025262275
2000-11-21,2.761521577835083,0.0114613442451135,0.40936276466437466
2000-11-22,2.722184419631958,-0.0143471706859015,-0.45911830956422817
2000-11-24,2.690714120864868,-0.0116280226295839,-0.3664151151126379
2000-11-27,2.6828458309173584,-0.0029285224847129,-0.07202291289884995
2000-11-28,2.619905710220337,-0.0237397796780482,-0.7747351313020803
2000-11-29,2.651376247406006,0.0119405151723809,0.4346178573272652
2000-11-30,2.667111396789551,0.0059171690703385,0.22939139912833817
2000-12-01,2.7300515174865723,0.0233244669904136,0.8192522786797801
2000-12-04,2.7300515174865723,0.0,0.024316377656634226
2000-12-05,2.6828458309173584,-0.0174423715550847,-0.5697790638863031
2000-12-06,2.706449508666992,0.0087595231608249,0.32561739851891697
2000-12-07,2.761521577835083,0.0201441926393733,0.7134604528960161
2000-12-08,2.942476749420166,0.0634698343415403,2.1729815241472856
2000-12-11,2.934609889984131,-0.0026771305639054,-0.07783104642618166
2000-12-12,2.8559329509735107,-0.0271759602638979,-0.9097878965790264
2000-12-13,2.7929930686950684,-0.0222847623621304,-0.7405454054860157
2000-12-14,2.761521577835083,-0.0113319811516063,-0.3657019451988958
2000-12-15,2.6592438220977783,-0.0377400191658554,-1.2622422955532846
2000-12-18,2.6828458309173584,0.0088363033656571,0.32825904978574605
2000-12-19,2.690714120864868,0.0029285224847127,0.1257918613729887
2000-12-20,2.7143163681030273,0.0087334927363515,0.32415338332881233
2000-12-21,2.737919330596924,0.0086581399794741,0.3208479463632665
2000-12-22,2.8165957927703857,0.0283307265158837,0.9940101459282706
2000-12-26,2.7851240634918213,-0.0112365706325326,-0.3671616985486904
2000-12-27,2.942476749420166,0.0549592390578487,1.8977046514191005
2000-12-28,2.9188742637634277,-0.0080536426421923,-0.26310547583280186
2000-12-29,2.8008604049682617,-0.0412713583707868,-1.3963592271708647
2001-01-02,2.722184419631958,-0.0284920040144625,-0.9524353214374267
2001-01-03,2.635641098022461,-0.0323082000944916,-1.0808924703185168
2001-01-04,2.4940247535705566,-0.0552286809003287,-1.8446236563641294
2001-01-05,2.501891613006592,0.0031493185077152,0.14288040165425062
2001-01-08,2.7929930686950684,0.1100667143246131,3.683625748256167
2001-01-09,2.7693898677825928,-0.0084867736906569,-0.25769798936194305
2001-01-10,2.8480656147003174,0.0280130005547512,0.9493138441141137
2001-01-11,2.8323309421539307,-0.0055400050445337,-0.16626800945277706
2001-01-12,2.8795363903045654,0.0165292784919029,0.5726348786046216
2001-01-16,2.8559329509735107,-0.008230737949333,-0.25306364132462855
2001-01-17,2.895270824432373,0.0136800880243794,0.47224701220154697
2001-01-18,2.950345516204834,0.0188436319542164,0.6403163428258605
2001-01-19,2.966078996658325,0.0053185898028562,0.18738323599864964
2001-01-22,3.036886215209961,0.0235918417479624,0.7908492233956744
2001-01-23,3.0998291969299316,0.020514293027342,0.6824832643073443
2001-01-24,3.068358898162842,-0.0102041543971224,-0.354565408917172
2001-01-25,3.0840930938720703,0.005114783514428,0.16397251152583242
2001-01-26,2.973947048187256,-0.0363675983599747,-1.2302002592083416
2001-01-29,2.9833879470825195,0.003169506769784,0.09615995821547889
2001-01-30,3.08661150932312,0.0340143405448312,1.1290346034574759
2001-01-31,3.1457738876342773,0.0189860388018611,0.6177648705710792
2001-02-01,3.138221502304077,-0.0024036901677534,-0.10560653180832948
2001-02-02,2.646026372909546,-0.1705972061855895,-5.472958445298064
2001-02-05,2.751765489578247,0.0391836691682546,1.2418868953407407
2001-02-06,2.689886569976806,-0.0227436764675286,-0.7440712359672956
2001-02-07,2.740401029586792,0.0186052454234766,0.5765125562188598
2001-02-08,2.7290351390838623,-0.0041561530341493,-0.17511587002617005
2001-02-09,2.7467150688171387,0.0064575594210222,0.17430406694943434
2001-02-12,2.708828926086426,-0.0138892663393027,-0.5004776113622295
2001-02-13,2.674731492996216,-0.0126674120409579,-0.4538973042313008
2001-02-14,2.6343207359313965,-0.0152236353241774,-0.5347374079653568
2001-02-15,2.607799768447876,-0.0101184983206285,-0.36258105808231933
2001-02-16,2.70377779006958,0.0361431113600983,1.1989746114508046
2001-02-20,2.6987271308898926,-0.0018697477281325,-0.09621361433767216
2001-02-21,2.655790090560913,-0.0160380325244137,-0.5761330995445805
2001-02-22,2.6520018577575684,-0.0014274234873758,-0.07675041346168504
2001-02-23,2.626744031906128,-0.0095697042959815,-0.35707964810869186
2001-02-26,2.64821195602417,0.0081396101479078,0.24466670499458326
2001-02-27,2.6860992908477783,0.0142053847945703,0.4554112044708457
2001-02-28,2.7606067657470703,0.0273604347474128,0.8997385955032124
2001-03-01,2.689886569976806,-0.0259514727993687,-0.9176208291631973
2001-03-02,2.7138824462890625,0.0088812212235178,0.2689099233967513
2001-03-05,2.7290351390838623,0.0055678711658096,0.16102573418862198
2001-03-06,2.749239921569824,0.0073763634995584,0.22393972318065042
2001-03-07,2.8426921367645264,0.0334270573277742,1.1082278028042425
2001-03-08,2.8351149559020996,-0.0026690534697579,-0.13307678963474237
2001-03-09,2.813645839691162,-0.0076013909469944,-0.30045905508673487
2001-03-12,2.779550552368164,-0.0121918514074856,-0.4924489676634438
2001-03-13,2.732823610305786,-0.0169538786449173,-0.6589845830936468
2001-03-14,2.740401029586792,0.0027689066759719,0.04273106668688541
2001-03-15,2.6658923625946045,-0.0275654240323848,-1.0321800013521791
2001-03-16,2.691149950027466,0.0094297461612474,0.29247767573226224
2001-03-19,2.749239921569824,0.0213558883365466,0.7130860940169672
2001-03-20,2.764394760131836,0.0054972364334287,0.1510492534048431
2001-03-21,2.7063047885894775,-0.0212375599821243,-0.8077704973626714
2001-03-22,2.7025156021118164,-0.0014011140410804,-0.09560090986085598
2001-03-23,2.650737762451172,-0.0193450415521694,-0.7350938384046618
2001-03-26,2.5989606380462646,-0.0197263916700788,-0.7565794128415018
2001-03-27,2.7138824462890625,0.0432686361466565,1.5055450214313122
2001-03-28,2.622955799102783,-0.034078397186683,-1.2713887769074106
2001-03-29,2.561074733734131,-0.0238748612091475,-0.8997725496481419
2001-03-30,2.744189739227295,0.0690588661643191,2.4503990864201093
2001-04-02,2.9020466804504395,0.0559303855243241,1.9692864978560851
2001-04-03,2.9487721920013428,0.0159726376665435,0.5363177015905706
2001-04-04,3.117994785308838,0.055801220574043,1.956121323041581
2001-04-05,3.1003153324127197,-0.005686271735638,-0.2589771653791864
2001-04-06,2.982870101928711,-0.0386178679850764,-1.4394130760870676
2001-04-09,3.0940020084381104,0.0365794428243068,1.2527211475337727
2001-04-10,3.09273910522461,-0.0004082612179304,-0.06872927980208463
2001-04-11,3.0737955570220947,-0.0061440043172996,-0.2754905722455259
2001-04-12,3.0940020084381104,0.0065522655352301,0.1781131634535384
2001-04-16,3.070007801055908,-0.0077852986338907,-0.33236783072685483
2001-04-17,3.05611515045166,-0.0045355519404211,-0.22234055109433268
2001-04-18,3.0055994987487793,-0.0166675022108361,-0.6560347371750636
2001-04-19,3.027069568634033,0.0071179639706812,0.2031203217985892
2001-04-20,3.029595375061035,0.0008340585443991,-0.026753906785008903
2001-04-23,3.039698600769043,0.0033292949988667,0.06652561170602783
2001-04-24,2.9816057682037354,-0.0192963622379574,-0.7497355652369309
2001-04-25,3.0813727378845215,0.0329131880305459,1.1349043494874544
2001-04-26,3.0624313354492188,-0.006166037270029,-0.2809439076376841
2001-04-27,3.138200521469116,0.0244403987693564,0.8313526701785663
2001-04-30,3.029595375061035,-0.0352204822907826,-1.3348960603706508
2001-05-01,3.0182299613952637,-0.0037585169587056,-0.1753853454788823
2001-05-02,3.024545669555664,0.0020903342588983,0.04114165812675794
2001-05-03,3.04853892326355,0.0079015459688747,0.2530725152415351
2001-05-04,3.0434882640838623,-0.0016581214041045,-0.09679910107944852
2001-05-07,3.0207557678222656,-0.0074972585610287,-0.3084936887081215
2001-05-08,3.149566173553467,0.0417576663472721,1.4995574738095931
2001-05-09,3.139437198638916,-0.003221172918267,-0.15977390585514545
2001-05-10,3.141968011856079,0.0008058112060274,-0.01178489798776041
2001-05-11,3.130570888519287,-0.0036339785404763,-0.17315574786473398
2001-05-14,3.149566411972046,0.0060494159515763,0.1768488628161107
2001-05-15,3.1634981632232666,0.0044136326189365,0.11847752723663105
2001-05-16,3.277475118637085,0.0353949160700093,1.2620321424552723
2001-05-17,3.267344236373902,-0.0030958502611283,-0.16796714766658993
2001-05-18,3.2458138465881348,-0.0066113759059523,-0.29749033367653727
2001-05-21,3.362323045730591,0.0352659988459538,1.2468970025582267
2001-05-22,3.316734552383423,-0.0136513873899151,-0.5643193449605417
2001-05-23,3.30533504486084,-0.0034428870356892,-0.18728715176861477
2001-05-24,3.2888717651367188,-0.0049932658785649,-0.23994059438981566
2001-05-25,3.2572121620178223,-0.0096729129427716,-0.4197105275068234
2001-05-29,3.231884002685547,-0.0078064147346081,-0.3473667534922784
2001-05-30,3.234417200088501,0.0007835074343453,-0.025077332486666888
2001-05-31,3.22301983833313,-0.0035299991382538,-0.18350287550625943
2001-06-01,3.22301983833313,0.0,-0.04551033306214961
2001-06-04,3.311666965484619,0.0271329195148744,0.9659524634497154
2001-06-05,3.4003167152404785,0.026416901257538,0.9317227837194298
2001-06-06,3.315467119216919,-0.0252700543399277,-0.9982947595094006
2001-06-07,3.3306641578674316,0.0045732064273491,0.11572765394749981
2001-06-08,3.3015358448028564,-0.0087839631925537,-0.3815164555328014
2001-06-11,3.267344236373902,-0.0104102729218238,-0.4395944260840907
2001-06-12,3.254678010940552,-0.0038841454006801,-0.19207200520713996
2001-06-13,3.2166874408721924,-0.0117412644332948,-0.4811729498364012
2001-06-14,3.1976914405822754,-0.005922960328632,-0.26456574331173244
2001-06-15,3.188825845718384,-0.0027763490369498,-0.13876656425833997
2001-06-18,3.135637044906616,-0.0168204180399173,-0.6781835251468132
2001-06-19,3.1647629737854004,0.0092458054338499,0.3125715601257366
2001-06-20,3.1976914405822754,0.0103509616430171,0.3539323787303282
2001-06-21,3.135637044906616,-0.0195967670768671,-0.7811776564544628
2001-06-22,3.1369035243988037,0.0004038170803056,-0.02777941141206466
2001-06-25,3.0431885719299316,-0.0303303365577375,-1.1958262429788231
2001-06-26,3.05078649520874,0.0024935865775866,0.06030075377875228
2001-06-27,3.1153736114501953,0.0209496598587994,0.7604695036233633
2001-06-28,3.1343703269958496,0.0060792167607689,0.19416451089188766
2001-06-29,3.22301983833313,0.0278904567742952,1.0218895001166233
2001-07-02,3.1179068088531494,-0.0331568759801317,-1.3278648811798641
2001-07-03,3.09004545211792,-0.0089760818478066,-0.38963414173326943
2001-07-05,3.140702486038208,0.0162606963416739,0.5834908975535861
2001-07-06,3.140702486038208,0.0,-0.04880112941971291
2001-07-09,3.0697827339172363,-0.0228397081826776,-0.9295079573269254
2001-07-10,3.1052424907684326,0.0114850208181374,0.4047798480200963
2001-07-11,3.0710508823394775,-0.0110719992254626,-0.47071204650243326
2001-07-12,3.09004545211792,0.0061659902483289,0.19781472730918073
2001-07-13,3.0621848106384277,-0.0090571486256296,-0.40110190302800874
2001-07-16,3.1077749729156494,0.0147783757483014,0.5291297198044873
2001-07-17,3.102710962295532,-0.001630794045829,-0.11087939882083742
2001-07-18,3.083714485168457,-0.0061413612739021,-0.28602209400638556
2001-07-19,3.1229729652404785,0.0126505495724739,0.4472445529882341
2001-07-20,3.130570888519287,0.0024299588185862,0.04735208461341015
2001-07-23,3.0659849643707275,-0.0208465039698227,-0.8612955136981959
2001-07-24,3.007728338241577,-0.0191837875243853,-0.7968479038024872
2001-07-25,3.0710508823394775,0.0208347210518785,0.7756855236442265
2001-07-26,3.0811808109283447,0.0032930937092056,0.08832120171687807
2001-07-27,3.0267255306243896,-0.017831551485468,-0.7493164839095748
2001-07-30,3.0710508823394775,0.0145384577762623,0.5268040839775143
2001-07-31,3.212887763977051,0.0451503377006275,1.7177796166890353
2001-08-01,3.277475118637085,0.0199031973822241,0.7243165721780677
2001-08-02,3.292670488357544,0.0046255890577858,0.11935037717775462
2001-08-03,3.254678010940552,-0.0116055847195943,-0.514349551878698
2001-08-06,3.231884002685547,-0.0070280996408675,-0.32824431425646616
2001-08-07,3.2166874408721924,-0.0047131647924273,-0.2495896395646767
2001-08-08,3.190648078918457,-0.0081280292659502,-0.3898096008516574
2001-08-09,3.245265245437622,0.0169730308515714,0.625430002318667
2001-08-10,3.332907199859619,0.0266478695617996,1.0231961524682318
2001-08-13,3.3278255462646484,-0.0015258545191943,-0.11771222303009714
2001-08-14,3.3913331031799316,0.0189039882749018,0.711282968081802
2001-08-15,3.38625431060791,-0.0014987024770249,-0.12100170020359109
2001-08-16,3.4281671047210693,0.0123013591586458,0.4353683598060763
2001-08-17,3.398956060409546,-0.0085574031295718,-0.41514488661705456
2001-08-20,3.499298572540283,0.029094197146055,1.113990801891144
2001-08-21,3.4370601177215576,-0.0179460515147535,-0.7986468925178932
2001-08-22,3.4281671047210693,-0.0025907425017296,-0.17397084544651698
2001-08-23,3.387524366378784,-0.0119263673420186,-0.5510409739408053
2001-08-24,3.4167356491088867,0.0085862274886842,0.28230072644622267
2001-08-27,3.3481481075286865,-0.0202782174336985,-0.8873526525033653
2001-08-28,3.2922616004943848,-0.0168326440835036,-0.74596615761125
2001-08-29,3.404035806655884,0.0333869844715147,1.2841368605049572
2001-08-30,3.410386800765991,0.0018639865223618,0.009213062636972018
2001-08-31,3.4599239826202393,0.0144209023150543,0.5140755713042159
2001-09-04,3.431980609893799,-0.0081090866753985,-0.39346974349103836
2001-09-05,3.392604351043701,-0.0115396602231673,-0.5326925595121994
2001-09-06,3.3976850509643555,0.0014964607744974,-0.00011605063224611993
2001-09-07,3.3913331031799316,-0.0018712424959468,-0.13763139669576668
2001-09-10,3.4256269931793213,0.0100614287947707,0.34237116494645736
2001-09-17,3.365931510925293,-0.0175797704191496,-0.7789261989383578
2001-09-18,3.410386800765991,0.0131209679293399,0.46251429521878173
2001-09-19,3.61234450340271,0.0575312922991012,2.238415248444693
2001-09-20,3.5374019145965576,-0.0209644732089381,-0.9493496113174478
2001-09-21,3.3341760635375977,-0.0591669438285568,-2.47741260622678
2001-09-24,3.3824431896209717,0.0143726941060735,0.4976632346071296
2001-09-25,3.433248519897461,0.014908617779935,0.522057895046468
2001-09-26,3.365931510925293,-0.0198021550769547,-0.8777785865079408
2001-09-27,3.353230237960815,-0.0037806168589174,-0.225408190827547
2001-09-28,3.2833709716796875,-0.021053501478073,-0.9186250041645789
2001-10-01,3.2643182277679443,-0.0058197013040815,-0.30583431429529584
2001-10-02,3.365931510925293,0.0306538196410719,1.1687930630982775
2001-10-03,3.406576633453369,0.0120031189791,0.4165058198885643
2001-10-04,3.390063762664795,-0.0048591369608824,-0.26517327868286106
2001-10-05,3.355769157409668,-0.0101677290608083,-0.474473073956641
2001-10-08,3.259237051010132,-0.0291878666442808,-1.2677144948445094
2001-10-09,3.1969993114471436,-0.0192804798530442,-0.8557081937335751
2001-10-10,3.2236711978912354,0.0083081789747344,0.27518331033612536
2001-10-11,3.232564926147461,0.0027550832128805,0.053874404754603575
2001-10-12,3.2173209190368652,-0.0047269163704581,-0.2528670919307292
2001-10-15,3.183028221130371,-0.0107159860545507,-0.5044883040290075
2001-10-16,3.208430528640747,0.0079488712225307,0.2663959987021535
2001-10-17,3.1792173385620117,-0.0091468391375892,-0.43575763892628744
2001-10-18,3.194459915161133,0.0047829863518287,0.142149956733813
2001-10-19,3.237644910812378,0.0134281532180642,0.5053235717379786
2001-10-22,3.2198636531829834,-0.0055071711926372,-0.2833250710737204
2001-10-23,3.210970640182495,-0.0027657433743756,-0.16944885971043927
2001-10-24,3.175407648086548,-0.0111372543523355,-0.5206545105590945
2001-10-25,3.1741364002227783,-0.0004004217849606,-0.06877582712726533
2001-10-26,3.368471622467041,0.0594235215843101,2.399808345352166
2001-10-29,3.3430681228637695,-0.0075701320064873,-0.3792151487692505
2001-10-30,3.302421808242798,-0.0122329043950148,-0.5679079381066315
2001-10-31,3.302421808242798,0.0,-0.06205439636947563
2001-11-01,3.40022611618042,0.0291858535707799,1.143729260268355
2001-11-02,3.340526819229126,-0.0177134093111059,-0.7936940591534527
2001-11-05,3.4167356491088867,0.0225570818369678,0.8915347622916007
2001-11-06,3.42943811416626,0.0037108259512285,0.10130589237274279
2001-11-07,3.393139362335205,-0.0106408742030324,-0.49630392544169233
2001-11-08,3.2861478328704834,-0.0320395511399674,-1.379964783700575
2001-11-09,3.312894344329834,0.0081062242678134,0.2928831679535677
2001-11-12,3.335822343826294,0.0068969972581063,0.24132169992339197
2001-11-13,3.2695889472961426,-0.0200549560127836,-0.8761476351274233
2001-11-14,3.2861478328704834,0.005051734486864,0.16878100875166507
2001-11-15,3.292515754699707,0.0019359323465273,0.04084587872583068
2001-11-16,3.241568803787231,-0.0155945283327008,-0.6827114675129312
2001-11-19,3.244115114212036,0.0007852095747577,-0.0016317231001479842
2001-11-20,3.249211311340332,0.0015696725655455,0.033854534164352384
2001-11-21,3.3269057273864746,0.0236303675551995,0.9591441507357711
2001-11-23,3.3753068447113037,0.0144435761301555,0.5694218945387614
2001-11-26,3.360021591186523,-0.0045388372404583,-0.2233316466343218
2001-11-27,3.3281795978546143,-0.0095219126984638,-0.43200296789633763
2001-11-28,3.3243584632873535,-0.0011487750847467,-0.07902407814529248
2001-11-29,3.3740334510803223,0.014832186323801,0.5861982972568457
2001-11-30,3.349832773208618,-0.0071984722976074,-0.33839865472244157
2001-12-03,3.3625686168670654,0.0037947250771446,0.12157990670835075
2001-12-04,3.3816750049591064,0.0056659991182447,0.19557835877292867
2001-12-05,3.413517951965332,0.0093722666292109,0.35184697689293093
2001-12-06,3.3562023639678955,-0.016933331027274,-0.7494108311393352
2001-12-07,3.3345487117767334,-0.0064727345395508,-0.3056387438439095
2001-12-10,3.3370962142944336,0.0007636805224917,-0.001390884071469239
2001-12-11,3.292515754699707,-0.0134490922757492,-0.6001455341536198
2001-12-12,3.3116214275360107,0.005785987059368,0.20981015835348796
2001-12-13,3.250483274459839,-0.0186342415889872,-0.8114865345344828
2001-12-14,3.3116214275360107,0.0186342415889871,0.7745092744257258
2001-12-17,3.349832773208618,0.0114724994361138,0.4665745285147649
2001-12-18,3.3867697715759277,0.0109661712359573,0.4396017151349519
2001-12-19,3.3396427631378174,-0.014012753257857,-0.6296798535569982
2001-12-20,3.254302978515625,-0.0258857300992303,-1.1327150145824445
2001-12-21,3.301431894302368,0.0143781677015214,0.5798107337940078
2001-12-24,3.3243584632873535,0.0069204303934153,0.2603290595446451
2001-12-26,3.376579761505127,0.0155865801737754,0.6293796268603112
2001-12-27,3.393139362335205,0.004892266150376,0.17173488460637096
2001-12-28,3.4249825477600098,0.009340817712906,0.3622875363746164
2001-12-31,3.3918635845184326,-0.0097168758640375,-0.4491637783942649
2002-01-02,3.376579761505127,-0.0045162079992446,-0.22696391388700723
2002-01-03,3.3689372539520264,-0.002265952574325,-0.12180721806808312
2002-01-04,3.347285032272339,-0.0064477605922831,-0.3038349613001565
2002-01-07,3.2988860607147217,-0.0145647249988434,-0.6650218268367363
2002-01-08,3.305253505706787,0.0019283199275522,0.05078912433440361
2002-01-09,3.3116214275360107,0.0019247526542034,0.04486449657548416
2002-01-10,3.372757911682129,0.0182928543902888,0.7613334191565665
2002-01-11,3.376579761505127,0.0011325111934071,-0.002549037448178035
2002-01-14,3.3753068447113037,-0.0003770551501064,-0.05280422819151908
2002-01-15,3.4848458766937256,0.0319375813261769,1.4461524100320045
2002-01-16,3.4733810424804688,-0.0032953350677899,-0.19091035598495762
2002-01-17,3.553624391555786,0.0228395546329974,1.0238527747665476
2002-01-18,3.512866735458374,-0.011535600153598,-0.5753858976434355
2002-01-22,3.6109414100646977,0.027536078878202,1.238723333028531
2002-01-23,3.7357640266418457,0.0339838395787404,1.5290582898011298
2002-01-24,3.776522636413574,0.0108512924345951,0.4582189986846536
2002-01-25,3.763786792755127,-0.0033780724489369,-0.20067622895209478
2002-01-28,3.77270245552063,0.0023660000381918,0.07001560452749371
2002-01-29,3.7281222343444824,-0.0118868918935168,-0.5876306329047052
2002-01-30,3.7281222343444824,0.0,-0.036007915076850784
2002-01-31,3.7485005855560303,0.0054512317033696,0.21790105805414697
2002-02-01,3.743406295776367,-0.0013599449767569,-0.10653866747545195
2002-02-04,3.745954751968384,0.0006805537279164,-0.010437645533892844
2002-02-05,3.739586114883423,-0.0017015840898826,-0.11600510736397836
2002-02-06,3.669990062713623,-0.0187859864776498,-0.9133956481784148
2002-02-07,3.594649076461792,-0.0207425822830128,-1.0001347814837696
2002-02-08,3.645727634429931,0.0141095988237963,0.7000584790438843
2002-02-11,3.818116426467895,0.0462012480409369,2.4401468553251093
2002-02-12,3.819394826889038,0.0003347688509184,-0.05760998748788522
2002-02-13,3.913888692855835,0.0244394425740161,1.2538247065993522
2002-02-14,3.958585023880005,0.0113552138493592,0.5377613775559058
2002-02-15,3.9432601928710938,-0.0038788029383489,-0.28923825393539754
2002-02-19,3.875582695007324,-0.0173118168674646,-1.0189869986062647
2002-02-20,4.026262283325195,0.0381424480634193,1.973259007459335
2002-02-21,3.961137056350708,-0.016307352975978,-0.9683858984780597
2002-02-22,3.990506887435913,0.0073871427975704,0.30805643446876574
2002-02-25,3.971353769302368,-0.0048112258944189,-0.34485412202875376
2002-02-26,3.961137056350708,-0.0025759169031514,-0.22304815819535817
2002-02-27,3.971353769302368,0.0025759169031514,0.05338581307443394
2002-02-28,3.9458167552948,-0.0064510679645269,-0.43751760742684837
2002-03-01,3.989231824874878,0.0109427188408016,0.5061251447508932
2002-03-04,3.953476905822754,-0.0090032662118197,-0.5772313163486938
2002-03-05,3.9304893016815186,-0.0058314986847809,-0.40032011170942566
2002-03-06,3.968799829483032,0.0096998166645163,0.45194335762926646
2002-03-07,3.907504796981811,-0.0155647280930953,-0.9353516389157416
2002-03-08,3.922827959060669,0.0039138008858784,0.13456962017786792
2002-03-11,3.7670392990112305,-0.0405234507350454,-2.2708538850654185
2002-03-12,3.774702548980713,0.0020322235264296,0.04207152700296428
2002-03-13,3.6329593658447266,-0.0382740161865726,-2.1261723965644412
2002-03-14,3.721071481704712,0.0239640910899844,1.2360646394177948
2002-03-15,3.8321642875671382,0.029418072200094,1.5163587325428325
2002-03-18,3.830888986587525,-0.0003328440885799,-0.08646433470641256
2002-03-19,3.869197130203247,0.0099501379836772,0.4621375083367129
2002-03-20,3.7351152896881104,-0.0352683401283401,-1.952988855962021
2002-03-21,3.733839511871338,-0.0003416215154799,-0.09024669063519683
2002-03-22,3.7121291160583496,-0.005831466239371,-0.3821888268747492
2002-03-25,3.5729386806488037,-0.0382171807130238,-2.0971136195612203
2002-03-26,3.657220125198364,0.0233149131640457,1.1829610591874515
2002-03-27,3.755546808242798,0.0265305657929838,1.3431351004903773
2002-03-28,3.7619333267211914,0.0016991119098989,0.020582071831350923
2002-04-01,3.791299104690552,0.0077757241538814,0.33909669005197873
2002-04-02,3.7415010929107666,-0.0132218394044936,-0.7836199582447193
2002-04-03,3.737668752670288,-0.0010248037295592,-0.12384688367575972
2002-04-04,3.732562780380249,-0.0013670186961658,-0.1504111886850008
2002-04-05,3.792577981948853,0.0159509239603437,0.7843893080839194
2002-04-08,3.902396917343139,0.028544964362659,1.5142578581732484
2002-04-09,3.885798692703247,-0.0042624121429111,-0.3080603530295941
2002-04-10,3.894736051559448,0.0022973646621533,0.06790732328995236
2002-04-11,3.894736051559448,0.0,-0.051235468579992643
2002-04-12,4.007106781005859,0.0284435688555963,1.5843652574608842
2002-04-15,3.963691473007202,-0.0108936987150143,-0.7012084186275824
2002-04-16,3.949645519256592,-0.0035499482746877,-0.2658201427308396
2002-04-17,3.9202756881713863,-0.0074638529810436,-0.49417306101123554
2002-04-18,3.80918025970459,-0.0287479688882917,-1.7304856333422693
2002-04-19,3.83599591255188,0.007015080414774,0.36024465518810245
2002-04-22,3.7593820095062256,-0.0201745067515842,-1.2233815190531654
2002-04-23,3.823225975036621,0.0168399775957044,0.9287941627772573
2002-04-24,3.6853139400482178,-0.036738846259753,-2.1701472588999122
2002-04-25,3.764484643936157,0.0212552550667526,1.1755340748490062
2002-04-26,3.7070212364196777,-0.0153823182352566,-0.93137127682354
2002-04-29,3.669990062713623,-0.0100396985315717,-0.6203874989327918
2002-04-30,3.6521127223968506,-0.0048831261633637,-0.327923721268661
2002-05-01,3.755546808242798,0.0279280677919326,1.5678913747218344
2002-05-02,3.7695932388305664,0.0037332054455993,0.16806771645288623
2002-05-03,3.7721471786499023,0.0006772813105693,-0.003065490732900211
2002-05-06,4.033923149108887,0.067095005819406,3.7490051958816126
2002-05-07,4.409351825714111,0.0889883118007694,4.744104009934089
2002-05-08,4.395914554595947,-0.0030521010878787,-0.24594375571803015
2002-05-09,4.422789096832275,0.0060949151923319,0.2504412075097066
2002-05-10,4.219310760498047,-0.0470987266522865,-2.589094902687613
2002-05-13,4.380558967590332,0.0375045466047243,1.9142276297604501
2002-05-14,4.447105407714844,0.0150770799370413,0.7342710285195978
2002-05-15,4.385677337646484,-0.0139093334927148,-0.8151232124050111
2002-05-16,4.377997398376465,-0.001752676010312,-0.1641892006292333
2002-05-17,4.426626682281494,0.0110464178710794,0.5172067419627397
2002-05-20,4.408712863922119,-0.004055043456488,-0.28820531450408465
2002-05-21,4.4560627937316895,0.0106828152104875,0.49833536539112755
2002-05-22,4.3933539390563965,-0.0141726638557186,-0.8240422205954787
2002-05-23,4.453502178192139,0.0135978623658318,0.6641165539897051
2002-05-24,4.397197246551514,-0.0127234444462151,-0.747272574899058
2002-05-28,4.344725131988525,-0.0120048525859746,-0.702673423266459
2002-05-29,4.352405071258545,0.0017660863035798,0.03715618058333557
2002-05-30,4.402313232421875,0.0114015551577578,0.5542832438087361
2002-05-31,4.44966459274292,0.0106985835046718,0.5128019147977635
2002-06-03,4.4522223472595215,0.0005746544758942,-0.0359541682155107
2002-06-04,4.357520580291748,-0.0215001540366731,-1.2224526353707472
2002-06-05,4.334487438201904,-0.0052998561332735,-0.34810291455140957
2002-06-06,4.203953742980957,-0.0305779153687842,-1.6945203413282293
2002-06-07,4.2935357093811035,0.0210851183180311,1.066124677078493
2002-06-10,4.252580642700195,-0.0095845594693761,-0.5671421494826797
2002-06-11,4.235947132110596,-0.0039190616607327,-0.257825038703584
2002-06-12,4.258983135223389,0.0054234840906875,0.23930205384680045
2002-06-13,4.238507270812988,-0.0048192826498508,-0.31198279366178766
2002-06-14,4.210351943969727,-0.0066649071434101,-0.4122177604367414
2002-06-17,4.365200519561768,0.0361178849376823,1.8772958421472252
2002-06-18,4.340884685516357,-0.0055859543525282,-0.3611955032859008
2002-06-19,4.363922119140625,0.0052930496739721,0.2193434866814702
2002-06-20,4.424071311950684,0.0136891618261534,0.6658536684133656
2002-06-21,4.352405071258545,-0.0163318011702222,-0.94161319632804
2002-06-24,4.180917739868164,-0.0401978048273756,-2.198540560719533
2002-06-25,4.104133605957031,-0.0185361150340584,-1.0387899575712363
2002-06-26,4.1399664878845215,0.0086930306942568,0.40714919033633773
2002-06-27,4.069581508636475,-0.0171475223536063,-0.9659081665960274
2002-06-28,4.009432315826416,-0.0148905065656462,-0.8415890489694947
2002-07-01,4.068301200866699,0.0145758527850397,0.7153459953271946
2002-07-02,3.9902377128601074,-0.0193747106713187,-1.086671041054138
2002-07-03,3.994074821472168,0.0009611620013533,-0.0013215200878391752
2002-07-05,4.119491100311279,0.0309176681039717,1.5818624548519085
2002-07-08,4.096456050872803,-0.0056074143059443,-0.34911167991823716
2002-07-09,3.981279134750366,-0.0285190637821932,-1.5722112840810016
2002-07-10,3.9723193645477295,-0.0022530113868471,-0.17334477909871732
2002-07-11,4.019672393798828,0.0118502583148274,0.5802626105087478
2002-07-12,3.8392276763916016,-0.045929184798799,-2.4636394582138292
2002-07-15,3.813634157180786,-0.0066886388867334,-0.3991713446031776
2002-07-16,3.740686416625977,-0.0193134531013051,-1.0585084438645334
2002-07-17,3.689497470855713,-0.0137788664251681,-0.7654817401309331
2002-07-18,3.671581268310547,-0.00486782944679,-0.2929637541867389
2002-07-19,3.405393362045288,-0.0752619748126742,-3.873871836959523
2002-07-22,3.4373888969421387,0.0093516838220554,0.4584948935373142
2002-07-23,3.4962563514709473,0.0169806406039817,0.844271502812343
2002-07-24,3.493697166442871,-0.0007322466840065,-0.06280125589941217
2002-07-25,3.599914312362671,0.0299495075565349,1.4977128993087916
2002-07-26,3.5167322158813477,-0.023377832389945,-1.211490213643127
2002-07-29,3.722768783569336,0.0569354774247216,2.815253217390302
2002-07-30,3.6408677101135254,-0.0222456529525664,-1.1522918269921893
2002-07-31,3.587117910385132,-0.0148729655419178,-0.7765209960283859
2002-08-01,3.717650890350342,0.0357429181306754,1.743886592340128
2002-08-02,3.6818196773529057,-0.00968488021962,-0.5219351028188799
2002-08-05,3.693335771560669,0.0031229453120096,0.11937691722198392
2002-08-06,3.867380619049072,0.0460473824366672,2.2616233185602184
2002-08-07,3.939866065979004,0.0185692940683757,0.8906019188798826
2002-08-08,3.92831826210022,-0.0029353181594855,-0.18151682605517055
2002-08-09,3.9385831356048584,0.002609637215772,0.09256908232080877
2002-08-12,3.915489435195923,-0.0058807113772855,-0.331882463787785
2002-08-13,3.8051602840423584,-0.0285822219942137,-1.4554739994249186
2002-08-14,3.9462811946868896,0.0364155507420562,1.7598026072413124
2002-08-15,3.948847770690918,0.000650166984148,-0.00636571301008903
2002-08-16,3.939866065979004,-0.0022771034109914,-0.1461556056549523
2002-08-19,4.019408702850342,0.0199880736433971,0.9543690973349109
2002-08-20,3.98220157623291,-0.0092999767517626,-0.49351655962230756
2002-08-21,4.095099449157715,0.0279561763014002,1.3460540028919505
2002-08-22,4.118192672729492,0.0056233929305285,0.24238544965804282
2002-08-23,4.105363845825195,-0.0031200216797291,-0.19163857538458492
2002-08-26,4.111780166625977,0.0015616915305639,0.0458272790486488
2002-08-27,4.093817234039307,-0.0043782214514271,-0.25260421946401457
2002-08-28,4.0091447830200195,-0.0208998963430372,-1.069410031460266
2002-08-29,4.045066833496094,0.0089201253642612,0.40845203087376025
2002-08-30,4.015559196472168,-0.0073214583393665,-0.39582901816657684
2002-09-03,3.9065091609954834,-0.0275324370138656,-1.396699684953805
2002-09-04,3.995030879974365,0.0224071313273533,1.073010161121406
2002-09-05,3.9616761207580566,-0.0083841103103833,-0.4477559968837231
2002-09-06,4.068159103393555,0.026523389849892,1.2824932011454346
2002-09-09,4.157963275909424,0.0218347688606678,1.0468503960170783
2002-09-10,4.227241516113281,0.0165242992384514,0.7779540537695668
2002-09-11,4.234940528869629,0.0018196287529005,0.046600426687124524
2002-09-12,4.059180736541748,-0.042388121013184,-2.118070228501593
2002-09-13,4.145133018493652,0.0209537151632791,0.9888203739203558
2002-09-16,4.131021499633789,-0.0034101665222577,-0.2038031260141635
2002-09-17,4.079705715179443,-0.012499855681205,-0.6513389539150937
2002-09-18,4.068159103393555,-0.0028342687986521,-0.17367634136521418
2002-09-19,4.054044723510742,-0.0034755084681679,-0.1963641659564606
2002-09-20,4.08740234375,0.008194564585292,0.38123586014814675
2002-09-23,4.073288917541504,-0.0034588835253152,-0.21665779032427637
2002-09-24,4.077140808105469,0.000945199450924,0.010398027668916338
2002-09-25,4.131021499633789,0.013128752437124,0.6321036712248305
2002-09-26,4.245203495025635,0.0272650433306054,1.3416093545821373
2002-09-27,4.2054338455200195,-0.0094122943646072,-0.5248690173437323
2002-09-30,4.252902507781982,0.0112242310150087,0.520116196722747
2002-10-01,4.3106303215026855,0.0134824468666385,0.6310388119057996
2002-10-02,4.293952465057373,-0.0038765104001709,-0.24796356563704322
2002-10-03,4.2721452713012695,-0.0050915227767273,-0.3068402788203543
2002-10-04,4.2387895584106445,-0.007838359554798,-0.44684252519939494
2002-10-07,4.241354942321777,0.0006050330838511,-0.01662139617670078
2002-10-08,4.296523571014404,0.0129234437895848,0.6085532484818889
2002-10-09,4.2708611488342285,-0.0059907427456974,-0.3680953870681381
2002-10-10,4.300368309020996,0.0068851911851033,0.2960337781585793
2002-10-11,4.361949920654297,0.0142185145993178,0.6711929086535003
2002-10-14,4.477413177490234,0.0261262770279391,1.2743746245757817
2002-10-15,4.469714641571045,-0.0017208959064408,-0.1576754228306992
2002-10-16,4.455601215362549,-0.0031625632522221,-0.22952841806676916
2002-10-17,4.536427021026611,0.0179776976717071,0.850775506630286
2002-10-18,4.542844295501709,0.0014136102601204,0.0008344475071161678
2002-10-21,4.604421138763428,0.0134636463475976,0.6196758946477899
2002-10-22,4.450472831726074,-0.034006614186177,-1.8010825631990812
2002-10-23,4.408134460449219,-0.0095587697369665,-0.5517185268992353
2002-10-24,4.377342700958252,-0.0070097241180506,-0.42271823233068134
2002-10-25,4.431227684020996,0.0122348242405748,0.5564549436278294
2002-10-28,4.301650047302246,-0.0296779942155783,-1.583265842942935
2002-10-29,4.3965888023376465,0.0218302870253179,1.0695367741683195
2002-10-30,4.478693962097168,0.0185025095579181,0.8910891741130458
2002-10-31,4.4363579750061035,-0.0094977136729966,-0.5494215474958146
2002-11-01,4.453035831451416,0.0037523089598372,0.13868205302603404
2002-11-04,3.896249294281006,-0.1335717019224366,-6.363838050530652
2002-11-05,3.9129250049591064,0.004270806460678,0.1774042315755264
2002-11-06,3.98044490814209,0.0171084215817881,0.7840792271306253
2002-11-07,4.048607349395752,0.0169793586227085,0.7722665252789521
2002-11-08,3.810680866241455,-0.0605650794138038,-2.866919736516447
2002-11-11,3.77081298828125,-0.0105172532525632,-0.5170002727509337
2002-11-12,3.872413396835327,0.0265873044564291,1.2149646163178645
2002-11-13,3.8839871883392334,0.0029843224229245,0.10774158497165018
2002-11-14,4.017740249633789,0.0338573657717644,1.5407465427354219
2002-11-15,4.048607349395752,0.0076533400152489,0.31838957780380767
2002-11-18,4.038317680358887,-0.002544768141627,-0.15939031087984862
2002-11-19,4.051178932189941,0.0031797436313976,0.10720092152234603
2002-11-20,4.025457859039307,-0.0063692749269498,-0.33668612732007075
2002-11-21,4.029316425323486,0.0009580818637774,0.009252432836769093
2002-11-22,4.15535306930542,0.0308006591959355,1.3967873300562035
2002-11-25,4.042176246643066,-0.0276141774078924,-1.3165062147681932
2002-11-26,3.9097089767456055,-0.0333202811241179,-1.5700381677024093
2002-11-27,3.87884521484375,-0.0079254564315529,-0.39460066428870494
2002-11-29,3.873699426651001,-0.001327509659448,-0.08675905968256749
2002-12-02,3.823541164398194,-0.0130329750359628,-0.6268324343426723
2002-12-03,3.8183951377868657,-0.001346786255649,-0.08559327114140013
2002-12-04,3.8556923866271977,0.0097203849690722,0.42525221933451574
2002-12-05,3.8312578201293945,-0.0063574364704282,-0.31508529018007364
2002-12-06,3.806823968887329,-0.0063979243123406,-0.31923779575096856
2002-12-09,3.7746713161468506,-0.0084819271911034,-0.4152610748598576
2002-12-10,3.8518359661102295,0.0202365986056886,0.9085903888533593
2002-12-11,3.840261459350586,-0.003009456291342,-0.1673732166714346
2002-12-12,3.832547664642334,-0.0020106840095735,-0.11977571489026227
2002-12-13,3.899420738220215,0.017298244797941,0.7667483820758481
2002-12-16,3.8904192447662354,-0.0023110866154233,-0.13665341709333403
2002-12-17,3.832547664642334,-0.0149871581825177,-0.718547776248554
2002-12-18,3.886559009552002,0.0139944241398016,0.6223806172201506
2002-12-19,3.856980085372925,-0.0076396768144379,-0.3802478878260086
2002-12-20,3.873699426651001,0.0043254586662753,0.1687859260254911
2002-12-23,3.8839871883392334,0.002652277213464,0.09330912896169302
2002-12-24,3.8544085025787354,-0.0076446930328347,-0.38258417965204977
2002-12-26,3.92257022857666,0.0175295506826447,0.7868605820099888
2002-12-27,3.8878464698791504,-0.0088917118809091,-0.43810721201570263
2002-12-30,3.929003953933716,0.0105305493031819,0.46379407836647735
2002-12-31,3.9135663509368896,-0.0039368784303276,-0.20929629350269105
2003-01-02,3.929003953933716,0.0039368784303277,0.15499054016672056
2003-01-03,3.931573390960694,0.0006537527730477,0.0018998719709027222
2003-01-06,3.99330735206604,0.0155800981426685,0.690912504268356
2003-01-07,3.945719957351685,-0.0119883614956507,-0.5898270382581198
2003-01-08,3.877556800842285,-0.0174261715496685,-0.8376583211076691
2003-01-09,3.90328049659729,0.0066120877460747,0.27638844103163573
2003-01-10,3.9714417457580566,0.0173118363746244,0.7728870997780352
2003-01-13,3.98044490814209,0.0022644101011257,0.07474476868237077
2003-01-14,3.90328049659729,-0.0195762464757502,-0.9331048213204419
2003-01-15,3.8711273670196538,-0.0082715786115832,-0.4038734345417467
2003-01-16,3.99330735206604,0.0310740239108278,1.4130744155113708
2003-01-17,3.9431488513946538,-0.0126401928571296,-0.6051878298484118
2003-01-21,3.954722166061402,0.0029307449881173,0.11415038891805812
2003-01-22,3.838976383209229,-0.0297045857768173,-1.3883287868032717
2003-01-23,3.832547664642334,-0.0016759955470724,-0.08280718189091764
2003-01-24,3.7579524517059326,-0.0196555202864446,-0.9137003184485415
2003-01-27,3.64606261253357,-0.0302263993107949,-1.3952312892737921
2003-01-28,3.665353536605835,0.0052769445600046,0.2498860431260458
2003-01-29,3.621623992919922,-0.0120022515395238,-0.5509457537406255
2003-01-30,3.6126246452331543,-0.0024879853538685,-0.10952168578495405
2003-01-31,3.7528069019317623,0.0380695104582557,1.7535304819778255
2003-02-03,3.666640043258667,-0.023228343997885,-1.0638597322796863
2003-02-04,3.691074848175049,0.0066419792305418,0.3079179786826307
2003-02-05,3.7175097465515137,0.0071363187464421,0.3289558121952972
2003-02-06,3.720085382461548,0.0006925991448354,0.029393114141788235
2003-02-07,3.681402921676636,-0.0104527120481524,-0.4859775033559763
2003-02-10,3.94832181930542,0.0699967245160452,3.1488922451137786
2003-02-11,3.9315595626831055,-0.0042544503129646,-0.19921634839373425
2003-02-12,3.904480457305908,-0.0069114535151313,-0.31894870148575577
2003-02-13,3.832271099090576,-0.0186671252206042,-0.8477478237831851
2003-02-14,3.88771653175354,0.0143643717251769,0.6583360673060525
2003-02-18,3.9057672023773193,0.0046322552318946,0.2129698873135817
2003-02-19,3.9328482151031494,0.0069096693813084,0.3127691051420587
2003-02-20,3.89803409576416,-0.0088915520174573,-0.4023459707367414
2003-02-21,3.9392964839935303,0.0105298019681499,0.48477577891081086
2003-02-24,3.8103508949279785,-0.0332808667004252,-1.5139557248924933
2003-02-25,3.8606374263763423,0.0131110229060535,0.6044718488845252
2003-02-26,3.8361363410949703,-0.0063666073036501,-0.28518020540619043
2003-02-27,3.868375539779663,0.0083689628496052,0.3871778424285358
2003-02-28,3.842588424682617,-0.0066884533111327,-0.3008134766325693
2003-03-03,3.8193764686584473,-0.0060590272495362,-0.26906805170122067
2003-03-04,3.7304036617279057,-0.0235707330927275,-1.0648178882670352
2003-03-05,3.720085382461548,-0.0027698278064517,-0.11641556048205635
2003-03-06,3.6762466430664062,-0.0118543225513404,-0.5269274103601739
2003-03-07,3.716218471527099,0.0108143136009484,0.5026642486444491
2003-03-10,3.65303635597229,-0.0171479112219209,-0.7688824440444244
2003-03-11,3.6723792552948,0.0052810503333195,0.247005563321588
2003-03-12,3.651744842529297,-0.0056346580380144,-0.2525407051691286
2003-03-13,3.693007230758667,0.0112360014126062,0.5155243936973822
2003-03-14,3.707194566726685,0.0038343152627687,0.17805520578930248
2003-03-17,3.776822805404663,0.018607719424692,0.8653540229503733
2003-03-18,3.781982660293579,0.0013652569083295,0.0656583058734419
2003-03-19,3.8193764686584473,0.0098387957677911,0.45852405212677405
2003-03-20,3.805192708969116,-0.0037205449174623,-0.1768434896229865
2003-03-21,3.890294790267944,0.0221183000409779,1.0211533287013463
2003-03-24,3.8193764686584473,-0.0183977551235157,-0.8598020943545852
2003-03-25,3.796168327331543,-0.0060949580875012,-0.296105108572484
2003-03-26,3.7897188663482666,-0.0017003845094341,-0.0862724106608305
2003-03-27,3.806480884552002,0.0044132713618654,0.20485076973257854
2003-03-28,3.814217329025269,0.0020303775098273,0.0928255681376365
2003-03-31,3.914793968200683,0.0260272143299466,1.2136641558960148
2003-04-01,3.904480457305908,-0.0026379728640865,-0.13164136621490694
2003-04-02,3.9960341453552246,0.0231776766974273,1.072005759801258
2003-04-03,3.921243190765381,-0.0188936616081646,-0.891723652620907
2003-04-04,3.9496097564697266,0.007208034176627,0.32947500957054354
2003-04-07,3.944453716278076,-0.0013063084538545,-0.06328631317908598
2003-04-08,3.9328482151031494,-0.0029465696942594,-0.14049639423179658
2003-04-09,3.9199531078338623,-0.0032842086102956,-0.15529540702211472
2003-04-10,3.874822616577149,-0.0115798060531894,-0.5420467686099276
2003-04-11,3.8799800872802734,0.0013301360874001,0.06861615313659546
2003-04-14,3.9173760414123535,0.0095920310009549,0.45363790648720587
2003-04-15,3.89416241645813,-0.0059434369845099,-0.277054364510023
2003-04-16,3.886427640914917,-0.0019882240380649,-0.09196662634046888
2003-04-17,3.9186642169952393,0.0082604433034234,0.38482372840693724
2003-04-21,3.930269479751587,0.0029571586821496,0.13513788694624906
2003-04-22,3.993453741073608,0.0159484623116359,0.7425883541370535
2003-04-23,3.990875005722046,-0.000645949214519,-0.03863346197235329
2003-04-24,3.990875005722046,0.0,-0.015052833828258332
2003-04-25,3.994740486145019,0.0009681109061202,0.03495374226069206
2003-04-28,4.047609806060791,0.0131479181108329,0.6109556749369301
2003-04-29,4.061796188354492,0.0034987511477577,0.14786216153183263
2003-04-30,4.057924747467041,-0.0009535897135924,-0.06551455012420455
2003-05-01,4.055346965789795,-0.0006354481533696,-0.04506175819402071
2003-05-02,4.061796188354492,0.0015890378669619,0.061961520394219476
2003-05-05,4.190738677978516,0.0312517271525598,1.471439345771554
2003-05-06,4.103055000305176,-0.021145195585774,-1.031231965065379
2003-05-07,4.076561450958252,-0.0064779668222288,-0.3115947342135147
2003-05-08,4.079145431518555,0.0006336619704457,0.047016480228521264
2003-05-09,4.10111665725708,0.0053717786382741,0.2865980735368361
2003-05-12,4.071389675140381,-0.007274907357447,-0.3644756243201772
2003-05-13,4.073973178863525,0.0006343495940167,0.047476152030612284
2003-05-14,4.064924716949463,-0.0022235112807313,-0.09622294656836829
2003-05-15,4.084314346313477,0.0047586445317986,0.2600429257027677
2003-05-16,4.103702545166016,0.0047357584492256,0.25750300030766526
2003-05-19,4.1049957275390625,0.000315076115794,0.03171164604142033
2003-05-20,4.076561450958252,-0.0069508506613767,-0.3426556365317068
2003-05-21,4.071389675140381,-0.0012694667487269,-0.04705260969121012
2003-05-22,4.064924716949463,-0.0015891616867147,-0.06620622773960787
2003-05-23,4.070096015930176,0.0012713673012227,0.08426825219486568
2003-05-27,4.123089790344238,0.0129362410889232,0.6824929369272724
2003-05-28,4.121796607971191,-0.000313693196286,-0.0054193882645471505
2003-05-29,4.106287956237793,-0.0037696914702175,-0.1832078313158781
2003-05-30,4.108871936798096,0.0006290761662978,0.046774696315234114
2003-06-02,4.132137775421143,0.0056463713180729,0.30790000272914764
2003-06-03,4.161865711212158,0.007168567783857,0.38533179431464953
2003-06-04,4.136014461517334,-0.0062308283061163,-0.31284140811435474
2003-06-05,4.152818202972412,0.0040545551238766,0.2194036001056453
2003-06-06,4.09724235534668,-0.0134730376632633,-0.6972543060621178
2003-06-09,4.145063400268555,0.0116039329128463,0.6134278779839487
2003-06-10,4.148941993713379,0.0009352763938082,0.05399447592112834
2003-06-11,4.151526927947998,0.0006228405509568,0.03672741086265801
2003-06-12,4.190299987792969,0.0092961264865109,0.4890743933249486
2003-06-13,4.195470333099365,0.0012331236758731,0.0665517886075718
2003-06-16,4.291116714477539,0.0225415542921002,1.1710017608503673
2003-06-17,4.257509231567383,-0.0078627036116792,-0.40741195446689304
2003-06-18,4.251049995422363,-0.0015182916904086,-0.07533273885876182
2003-06-19,4.169619083404541,-0.0193413254360829,-1.003783339403163
2003-06-20,4.204517364501953,0.0083348255295937,0.4475195704156372
2003-06-23,4.1967644691467285,-0.0018456463452917,-0.08930426058199373
2003-06-24,4.245880126953125,0.0116352669712077,0.6125846832931009
2003-06-25,4.231662273406982,-0.0033542425870713,-0.1843028220859795
2003-06-26,4.229077339172363,-0.0006110421626034,-0.03689778706566869
2003-06-27,4.216150283813477,-0.0030613894692061,-0.17012454719074774
2003-06-30,4.230368614196777,0.0033666754280172,0.1677801751726069
2003-07-01,4.305334568023682,0.0175657189118823,0.9220316792665362
2003-07-02,4.333767890930176,0.006582495278349,0.3332207159069367
2003-07-03,4.347987174987793,0.0032756733319712,0.15655431961992425
2003-07-07,4.381591796875,0.0076990626901421,0.39910368672811974
2003-07-08,4.285944938659668,-0.0220710321306929,-1.1881581382860622
2003-07-09,4.324720859527588,0.0090065469720426,0.4653993206146182
2003-07-10,4.338937759399414,0.0032819651046653,0.15721847521881924
2003-07-11,4.333767890930176,-0.0011922159681283,-0.08000712943247096
2003-07-14,4.300161838531494,-0.0077846874287623,-0.4473001209132439
2003-07-15,4.385470867156982,0.0196443425358122,1.0350421098175282
2003-07-16,4.363496780395508,-0.0050232516229997,-0.306146251838832
2003-07-17,4.318257808685303,-0.010421713883677,-0.6004992743836923
2003-07-18,4.33247709274292,0.0032874193985685,0.1430264628698821
2003-07-21,4.245880126953125,-0.0201903243983096,-1.183161339380456
2003-07-22,4.238122940063477,-0.0018286624816249,-0.14944117150655425
2003-07-23,4.179960250854492,-0.0138187312803298,-0.8165323844431048
2003-07-24,4.229077339172363,0.0116821090122799,0.6135443769164669
2003-07-25,4.242000579833984,0.0030511466925272,0.13551206383804926
2003-07-28,4.210980415344238,-0.0073394944948529,-0.4563009140891963
2003-07-29,4.182545185089111,-0.0067755411473786,-0.4184630492736989
2003-07-30,4.247170925140381,0.0153331394213034,0.8528899124458954
2003-07-31,4.187716484069824,-0.014097503107154,-0.8524388080743538
2003-08-01,4.1890082359313965,0.0003084145450613,-0.009657311249934915
2003-08-04,4.464310169219971,0.0636506969690839,3.581369744311847
2003-08-05,4.227784156799316,-0.054436689211449,-3.0712071183326666
2003-08-06,4.402700424194336,0.0405400696328025,2.2427124463281816
2003-08-07,4.321070671081543,-0.0187148733619566,-1.0689098022523593
2003-08-08,4.340505599975586,0.0044876269404479,0.22920124657773763
2003-08-11,4.317185401916504,-0.0053871764315025,-0.322115721653212
2003-08-12,4.3197760581970215,0.0005998999463354,0.011762375987503904
2003-08-13,4.260174751281738,-0.0138933816644831,-0.80663493535293
2003-08-14,4.244626998901367,-0.0036562333037999,-0.22372539865008398
2003-08-15,4.234262943267822,-0.002444673976406,-0.15432055947595794
2003-08-18,4.283498287200928,0.0115607589748152,0.636214855723887
2003-08-19,4.256290435791016,-0.0063720413589221,-0.37473140664095017
2003-08-20,4.249809741973877,-0.0015237758633588,-0.10123832066160737
2003-08-21,4.244626998901367,-0.0012202677761282,-0.07780151879182187
2003-08-22,4.179843425750732,-0.0153801596830334,-0.8803579704164917
2003-08-25,4.144860744476318,-0.0084045958828424,-0.4812155770180333
2003-08-26,4.126722812652588,-0.0043856078512318,-0.25076608038708914
2003-08-27,4.1331987380981445,0.0015680359026776,0.08721030498760277
2003-08-28,4.131902694702148,-0.0003136182700615,-0.02476814533477752
2003-08-29,4.139676094055176,0.0018795448462654,0.10224303968893018
2003-09-02,4.179843425750732,0.0096562412551925,0.543008579590415
2003-09-03,4.205755710601807,0.0061802065436756,0.3382364560300258
2003-09-04,4.21223783493042,0.0015400642860422,0.07665634470685385
2003-09-05,4.178548812866211,-0.0080300464080624,-0.4750403996411945
2003-09-08,4.174662113189697,-0.0009305882471801,-0.05982529843730112
2003-09-09,4.104695796966553,-0.0169017893860277,-0.9769925844328881
2003-09-10,4.178548812866211,0.0178323776332078,1.0362671892159159
2003-09-11,4.139676094055176,-0.0093464656768479,-0.5362118033557587
2003-09-12,4.14615535736084,0.0015639383118743,0.08677259568087205
2003-09-15,4.139676094055176,-0.0015639383118743,-0.09167259078972029
2003-09-16,4.389740467071533,0.0586525595958388,3.357295406955021
2003-09-17,4.470074653625488,0.0181350032994274,1.0204617649234748
2003-09-18,4.470074653625488,0.0,-0.021468279415651825
2003-09-19,4.483030796051025,0.0028942251473142,0.1432812104470238
2003-09-22,4.457117080688477,-0.0057971721035826,-0.35269156655958595
2003-09-23,4.521900653839111,0.0144302415318024,0.8040119616669017
2003-09-24,4.473961353302002,-0.0106581791296306,-0.6320488593320285
2003-09-25,4.472664833068848,-0.0002898344504893,-0.03472409748867527
2003-09-26,4.437682151794434,-0.0078521882654362,-0.4626835084804045
2003-09-29,4.5387444496154785,0.0225182186065263,1.2769386588442464
2003-09-30,4.533562660217285,-0.0011423312502422,-0.08029953055290008
2003-10-01,4.595754623413086,0.0136248797925501,0.7691195388135081
2003-10-02,4.573729038238525,-0.0048041151168248,-0.29073759771270963
2003-10-03,4.559476375579834,-0.0031210672666567,-0.19440138818037336
2003-10-06,4.571135997772217,0.002553964192835,0.1297398859149122
2003-10-07,4.613893508911133,0.0093103282829951,0.516298744646479
2003-10-08,4.586685657501221,-0.0059143952198658,-0.3553857400136944
2003-10-09,4.565953731536865,-0.0045302694753909,-0.2760726359955723
2003-10-10,4.550407886505127,-0.0034105404660117,-0.2092998228257411
2003-10-13,4.5633625984191895,0.0028428893750419,0.15357706795497478
2003-10-14,4.580206394195557,0.0036842976398334,0.2081379597074766
2003-10-15,4.5840935707092285,0.0008483303169211,0.04332027557386242
2003-10-16,4.587980270385742,0.0008475073307282,0.04235396707177777
2003-10-17,4.547813892364502,-0.0087932447063878,-0.5106561492378651
2003-10-20,4.560770511627197,0.0028449268133988,0.1641154693943261
2003-10-21,4.567251205444336,0.0014199560664768,0.08433276493308298
2003-10-22,4.527083873748779,-0.0088335414383529,-0.5207365462981774
2003-10-23,4.4959869384765625,-0.0068927882842967,-0.40794180339203145
2003-10-24,4.4959869384765625,0.0,-0.006212436338660187
2003-10-27,4.532268047332764,0.0080372794565182,0.4655262162332898
2003-10-28,4.521900653839111,-0.002290082804239,-0.1466309053216322
2003-10-29,4.54263162612915,0.0045740933552325,0.2627276848036342
2003-10-30,4.547813892364502,0.0011401568352623,0.06395719785154151
2003-10-31,4.828975200653076,0.0599876170877793,3.4515128746983783
2003-11-03,4.993525981903076,0.0335079984576093,1.8988326454071165
2003-11-04,5.027214050292969,0.0067236940976247,0.37561036769621503
2003-11-05,4.992156505584717,-0.0069979820751689,-0.5234621576103927
2003-11-06,5.036302089691162,0.0088041185670885,0.518166964137877
2003-11-07,5.038898944854736,0.0005154944724528,-0.023280380544376502
2003-11-10,5.102518558502197,0.0125466579401199,0.7764873942120016
2003-11-11,5.083043575286865,-0.0038240416565893,-0.3418870726299177
2003-11-12,5.154453277587891,0.0139508439427854,0.878689690022733
2003-11-13,5.179121494293213,0.0047743910715917,0.2490239884641352
2003-11-14,5.181719779968262,0.0005015588330598,-0.03518429589544759
2003-11-17,5.176523208618164,-0.0010033693536239,-0.1370831194374239
2003-11-18,5.236248016357422,0.0114715787786231,0.7226893371314457
2003-11-19,5.207686901092529,-0.0054694301889651,-0.44740436886613966
2003-11-20,5.129782199859619,-0.0150725821475443,-1.107343480203628
2003-11-21,5.131082534790039,0.0002534552342337,-0.048738701590823746
2003-11-24,5.107711315155029,-0.0045652369933874,-0.3749162875155752
2003-11-25,5.231054306030273,0.023861425557254,1.5947628811819254
2003-11-26,5.2297539710998535,-0.0002486107961581,-0.0991127172093003
2003-11-28,5.259617805480957,0.0056941284391449,0.3170876420286747
2003-12-01,5.329729080200195,0.0132420441004101,0.8453939668376318
2003-12-02,5.34271240234375,0.002433056872627,0.0781943706368911
2003-12-03,5.314148902893066,-0.005360596714657,-0.4717883274830334
2003-12-04,5.384260177612305,0.013107047583904,0.8325191717321622
2003-12-05,5.216774940490723,-0.0316005319287487,-2.29623433675823
2003-12-08,5.197298049926758,-0.0037404987060968,-0.34819809038797195
2003-12-09,5.180418968200684,-0.0032529498695481,-0.3157627385451481
2003-12-10,5.154453277587891,-0.0050248797721189,-0.4341985830535137
2003-12-11,5.119396686553955,-0.0068244576695956,-0.5592987277324457
2003-12-12,5.159646034240723,0.0078313816742188,0.4668866875356379
2003-12-15,5.158346652984619,-0.0002518670641395,-0.09585649788134137
2003-12-16,5.251828193664551,0.0179601312901154,1.176962250818749
2003-12-17,5.273899555206299,0.004193799121068,0.20594393821315773
2003-12-18,5.3037638664245605,0.0056466895154494,0.31094020625147106
2003-12-19,5.083043575286865,-0.0425065208099021,-3.0180712797745333
2003-12-22,5.098622798919678,0.0030602526578072,0.13636510534442092
2003-12-23,5.0908331871032715,-0.0015289556860692,-0.1801585837907578
2003-12-24,5.123291492462158,0.0063555939712905,0.3619358735670794
2003-12-26,5.102518558502197,-0.0040628492864393,-0.3544619549107524
2003-12-29,5.153153419494629,0.0098745889182723,0.6079591328937675
2003-12-30,5.184313774108887,0.0060286428786343,0.34239041215083527
2003-12-31,5.141469478607178,-0.0082985552435446,-0.6513581798070274
2004-01-02,5.128485202789307,-0.0025285959167135,-0.2489547794492274
2004-01-05,5.18820858001709,0.0115781364959905,0.7266599772806192
2004-01-06,5.164838790893555,-0.0045145797133433,-0.38456712185073033
2004-01-07,5.177821159362793,0.0025104519243566,0.09965207132331912
2004-01-08,5.181719779968262,0.0007526628471952,-0.027777769388900125
2004-01-09,5.125887393951416,-0.0108333449501494,-0.8309480111694992
2004-01-12,5.1219940185546875,-0.0007598400932508,-0.12371627158492099
2004-01-13,5.115502834320068,-0.0012681195799701,-0.158269065501753
2004-01-14,5.0960259437561035,-0.0038146911409656,-0.34202803238055446
2004-01-15,5.098622798919678,0.0005094545747065,-0.04099167321740224
2004-01-16,5.099922180175781,0.0002548169892465,-0.05074060185424553
2004-01-20,5.118097305297852,0.003557469099756,0.17912627987605553
2004-01-21,5.0908331871032715,-0.0053412417750718,-0.4502773969681304
2004-01-22,5.093430995941162,0.0005101613327271,-0.043849886603109844
2004-01-23,5.02072286605835,-0.0143777489224007,-1.1046100918817423
2004-01-26,5.115502834320068,0.018701779842002,1.2512424165384943
2004-01-27,5.140169620513916,0.0048103786207523,0.24931752009023853
2004-01-28,5.1349778175354,-0.0010105555081617,-0.16985242902814712
2004-01-29,5.1830153465271,0.0093114766239734,0.5712652121403605
2004-01-30,5.173927307128906,-0.0017549661197575,-0.23031106104197205
2004-02-02,5.214176177978516,0.0077490703308384,0.47315652483927956
2004-02-03,5.306360721588135,0.0175251327696122,1.1834962195802676
2004-02-04,5.337579250335693,0.0058659891635128,0.3244731397047858
2004-02-05,5.3206706047058105,-0.0031728773569779,-0.3387681959030198
2004-02-06,5.292050838470459,-0.0053934960541766,-0.5004318733865882
2004-02-09,5.243916034698486,-0.0091372987880029,-0.7769000276401623
2004-02-10,5.281639575958252,0.0071680211812707,0.4675505366101819
2004-02-11,5.32587194442749,0.0083398683583643,0.5546312624473717
2004-02-12,5.327174186706543,0.0002444826145515,-0.07689180588974417
2004-02-13,5.302452564239502,-0.0046514647446423,-0.46411047526978083
2004-02-17,5.308961868286133,0.0012268496164168,-0.0007482401046204342
2004-02-18,5.280341148376465,-0.0054056040435098,-0.516725270440328
2004-02-19,5.288145542144775,0.0014769182032363,0.023638166655617854
2004-02-20,5.323270320892334,0.0066202111925257,0.4218980436729375
2004-02-23,5.379209041595459,0.0104535086129978,0.7223369772576816
2004-02-24,5.321967601776123,-0.0106982601408035,-0.9546634143576018
2004-02-25,5.353189468383789,0.0058494606546508,0.3619797215534367
2004-02-26,5.4182353019714355,0.0120776268049536,0.8507857134894448
2004-02-27,5.4221391677856445,0.0007202455955487,-0.04926700991970272
2004-03-01,5.488482475280762,0.0121613831623111,0.8538827114966325
2004-03-02,5.536618232727051,0.0087320859157057,0.5767656227816768
2004-03-03,5.3961181640625,-0.0257040505063882,-2.1557936342424595
2004-03-04,5.496289253234863,0.0183933467479812,1.3321141096070046
2004-03-05,5.580846309661865,0.0152672499823176,1.0763050837954038
2004-03-08,5.621175765991211,0.0072004197635738,0.43982335030897207
2004-03-09,5.606865882873535,-0.0025489557864153,-0.33765089855332553
2004-03-10,5.612070083618164,0.0009277530656124,-0.0600130961463667
2004-03-11,5.547024250030518,-0.0116580375321745,-1.0567383058660378
2004-03-12,5.591255187988281,0.0079421908392647,0.49995650076027676
2004-03-15,5.45726203918457,-0.0242565976808895,-2.0310839067513826
2004-03-16,5.4234395027160645,-0.0062169971812775,-0.6044269816967945
2004-03-17,5.403923511505127,-0.0036049428324307,-0.39644418721293434
2004-03-18,5.379209041595459,-0.00458392087154,-0.46942939340028245
2004-03-19,5.381811618804932,0.0004837045373946,-0.07047544004381702
2004-03-22,5.281639575958252,-0.0187884743473355,-1.5810375843704192
2004-03-23,5.394820690155029,0.0212027865918633,1.5674738174006482
2004-03-24,5.350589275360107,-0.0082326620870295,-0.7579791845825025
2004-03-25,5.522307872772217,0.0315891660365102,2.3513636563704314
2004-03-26,5.470271110534668,-0.009467687431321,-0.8510034311058644
2004-03-29,5.535315036773682,0.0118203033791076,0.8059361004488904
2004-03-30,5.496289253234863,-0.0070752984452307,-0.6605448326941172
2004-03-31,5.63418436050415,0.0247792084543904,1.8175951534003143
2004-04-01,5.704433917999268,0.0123913610361522,0.8592409860244102
2004-04-02,5.71223783493042,0.0013671091392466,-0.00989216196797757
2004-04-05,5.736954212188721,0.0043175825075636,0.22316614484822622
2004-04-06,5.697930812835693,-0.0068253508034305,-0.6514045315262588
2004-04-07,5.721343994140625,0.0041006481600659,0.20549662234272542
2004-04-08,5.6536970138549805,-0.0118940718950901,-1.0476024454913921
2004-04-12,5.630280494689941,-0.0041504075600082,-0.44288925730830847
2004-04-13,5.532715797424316,-0.0174804647562869,-1.4785429305858098
2004-04-14,5.528810501098633,-0.0007061044529569,-0.16242194046749903
2004-04-15,5.630280494689941,0.0181865692092437,1.306453894359015
2004-04-16,5.6289825439453125,-0.0002305569637949,-0.13286264199504613
2004-04-19,5.658901214599609,0.0053010362892207,0.3003488173470447
2004-04-20,5.593858242034912,-0.0115604882877223,-1.0109851987142287
2004-04-21,5.658901214599609,0.0115604882877223,0.7948857654728111
2004-04-22,5.7564697265625,0.017094650444146,1.218058905708858
2004-04-23,5.743460655212402,-0.0022624618527913,-0.2886538634817048
2004-04-26,5.752566337585449,0.001584144554112,0.01067152908716703
2004-04-27,5.781186580657959,0.0049628775679131,0.2767034996863525
2004-04-28,5.808504104614258,0.0047141162413464,0.25690795781908426
2004-04-29,5.844927787780762,0.0062511716915484,0.37445352373536456
2004-04-30,5.847533702850342,0.0004457427744901,-0.07847571392118909
2004-05-03,5.815009117126465,-0.0055776292607422,-0.545535067258463
2004-05-04,5.906071662902832,0.0155385633303229,1.1139844502744136
2004-05-05,5.869647026062012,-0.0061864169775803,-0.6010959229175911
2004-05-06,6.027054786682129,0.0264639644816667,1.9548871870513886
2004-05-07,5.938591957092285,-0.0147864036527804,-1.273117483523382
2004-05-10,5.828018665313721,-0.0187949699904885,-1.571622449747542
2004-05-11,5.802001476287842,-0.0044741508802487,-0.4579286206921789
2004-05-12,5.81240701675415,0.001791833524127,0.029720774569333717
2004-05-13,5.8189239501953125,0.0011205826988545,-0.023595089254727326
2004-05-14,5.813710689544678,-0.0008963164684714,-0.17896564959625247
2004-05-17,5.762884616851807,-0.0087808890130032,-0.7881232478014963
2004-05-18,5.721179962158203,-0.0072630796772885,-0.6670906039364979
2004-05-19,5.691206932067871,-0.0052527309640037,-0.5114738805519518
2004-05-20,5.696418762207031,0.0009153498091672,-0.032463574859978056
2004-05-21,5.69511604309082,-0.0002287170507145,-0.12187271639895245
2004-05-24,5.813710689544678,0.0206100668958428,1.4864111327150935
2004-05-25,5.86323356628418,0.008482214623392,0.5491828479764517
2004-05-26,5.864537239074707,0.0002223223522241,-0.09123664870986352
2004-05-27,5.869749546051025,0.0008883892842531,-0.04105239649994901
2004-05-28,5.916666030883789,0.0079611536388417,0.5048567264582358
2004-06-01,5.9388203620910645,0.0037374016148936,0.17812697237463473
2004-06-02,5.981827259063721,0.0072155615924661,0.4477090888063603
2004-06-03,5.817620754241943,-0.0278347099577203,-2.241190038048174
2004-06-04,5.783737659454346,-0.0058412454680985,-0.54916010884618
2004-06-07,5.891903400421143,0.0185289758468552,1.3102207365916594
2004-06-08,5.773310661315918,-0.0203334159907775,-1.6528419848728462
2004-06-09,5.812405586242676,0.0067488401198185,0.412988267205898
2004-06-10,5.764190673828125,-0.0083297698414919,-0.7343731640344152
2004-06-14,5.7355170249938965,-0.0049868586242958,-0.47531935108996154
2004-06-15,5.7928595542907715,0.0099481486943995,0.6604762334044646
2004-06-16,5.8319573402404785,0.0067266321229262,0.4218562910775759
2004-06-17,5.7928595542907715,-0.0067266321229261,-0.6087935694149772
2004-06-18,5.807194232940674,0.0024714861171287,0.09449417951182186
2004-06-21,5.838471412658691,0.0053714842711055,0.3105998603796088
2004-06-22,5.89972448348999,0.0104366339364092,0.6995185186261517
2004-06-23,5.891903400421143,-0.0013265486822962,-0.20564064832079046
2004-06-24,5.890599250793457,-0.0002213705647461,-0.11713516749094476
2004-06-25,5.962277412414551,0.0120947914057045,0.8259598790173114
2004-06-28,5.914058685302734,-0.0081201797702454,-0.7264788594591433
2004-06-29,5.979221343994141,0.0109580049538959,0.7351285926378133
2004-06-30,5.966188907623291,-0.0021819998253868,-0.2723430934696047
2004-07-01,5.803285121917725,-0.0276841920857746,-2.2022158766462003
2004-07-02,5.920577049255371,0.0200097611430689,1.426605073854787
2004-07-06,5.944034099578857,0.0039541255237139,0.20620092298993598
2004-07-07,5.976614475250244,0.0054662221758888,0.3218743498051055
2004-07-08,5.950549602508545,-0.004370680920383,-0.4337935517080814
2004-07-09,5.962277412414551,0.0019689388052224,0.053160324597643485
2004-07-12,6.024833679199219,0.0104373496171249,0.6983520788628258
2004-07-13,6.156458377838135,0.0216117996586504,1.5385003646125368
2004-07-14,6.189041614532471,0.0052785731433972,0.29194696856302027
2004-07-15,6.139520168304443,-0.0080336560648946,-0.715495897256871
2004-07-16,6.165584087371826,0.0042362839850236,0.2188390252142748
2004-07-19,6.183828830718994,0.0029547569171299,0.11706329613607616
2004-07-20,6.215107440948486,0.0050453806513945,0.27647559425900536
2004-07-21,6.036561489105225,-0.0291484522177587,-2.3244325939306965
2004-07-22,5.988345623016357,-0.0080193757901727,-0.7140170327571386
2004-07-23,5.841076850891113,-0.0249000120484523,-1.9836621913195442
2004-07-26,5.773310661315918,-0.0116694846831781,-0.9753418768140178
2004-07-27,5.874963283538818,0.017454122965613,1.2179361314242596
2004-07-28,5.820225715637207,-0.0093607666534311,-0.8018474556404322
2004-07-29,5.867143154144287,0.0080287857874387,0.503724014348224
2004-07-30,5.757671356201172,-0.0188347150063435,-1.5065202069524082
2004-08-02,5.769399642944336,0.0020349125621142,0.05753759572144685
2004-08-03,5.7680983543396,-0.0002255755295577,-0.11266669053914398
2004-08-04,5.765488624572754,-0.0004525443500197,-0.11583717116451585
2004-08-05,5.597375869750977,-0.0295920139815035,-2.4907810809386124
2004-08-06,5.5465497970581055,-0.0091218169679331,-0.8303295954115562
2004-08-09,5.5673980712890625,0.0037517359145662,0.22832863820583987
2004-08-10,5.8189239501953125,0.0441875441911983,3.489715326118959
2004-08-11,6.007889747619629,0.0319582069978213,2.456963703387892
2004-08-12,5.994834899902344,-0.0021753148970115,-0.27860560789673566
2004-08-13,5.882538795471191,-0.0189098118047592,-1.614755048665509
2004-08-16,5.8107218742370605,-0.0122836266604036,-1.0798856618925545
2004-08-17,5.689282417297363,-0.0211206827701346,-1.7684430121549426
2004-08-18,5.766323089599609,0.0134505039901356,0.9729021182578931
2004-08-19,5.758486747741699,-0.0013599084368748,-0.203053540289307
2004-08-20,5.758486747741699,0.0,-0.09565103749043648
2004-08-23,5.70756196975708,-0.0088827658218214,-0.7970570975153765
2004-08-24,5.72584342956543,0.0031979055669966,0.1549814595839054
2004-08-25,5.784604549407959,0.0102101378540795,0.7068272739361917
2004-08-26,5.8107218742370605,0.0045048096176187,0.25034043479566
2004-08-27,5.84205961227417,0.0053785979976757,0.3185865414200433
2004-08-30,5.812025547027588,-0.0051542667361,-0.5173915581207791
2004-08-31,5.872090816497803,0.0102816159534157,0.7063825061419691
2004-09-01,5.937381267547607,0.0110574148987555,0.767312119575772
2004-09-02,5.987654209136963,0.0084315454686232,0.5579375217794963
2004-09-03,6.0013628005981445,0.0022868592853603,0.07001176630503211
2004-09-07,6.081667900085449,0.0132924071594313,0.9361804324387918
2004-09-08,6.022907733917236,-0.0097088290431589,-0.8841196003411819
2004-09-09,6.017031192779541,-0.0009761746533978,-0.1983363021047661
2004-09-10,5.95239782333374,-0.0107998464381308,-0.9720108068679767
2004-09-13,6.032702445983887,0.0134009432772377,0.9480129927378257
2004-09-14,6.093419551849365,0.0100143497326724,0.6750833705729887
2004-09-15,5.997446537017822,-0.0158756254241436,-1.3748418208919795
2004-09-16,5.997446537017822,0.0,-0.1024434636318997
2004-09-17,5.958272457122803,-0.0065532186073113,-0.6384404396440844
2004-09-20,5.734983921051025,-0.0381956359488103,-3.185057688004399
2004-09-21,5.709519386291504,-0.0044500973260754,-0.4395767436527609
2004-09-22,5.605713367462158,-0.0183485277631083,-1.5581858010283351
2004-09-23,5.523448467254639,-0.0147839342754083,-1.2594098673145988
2004-09-24,5.56066370010376,0.0067150841006734,0.4737292965773954
2004-09-27,5.400052070617676,-0.0293088754299409,-2.4047800975749056
2004-09-28,5.460768222808838,0.0111808837768999,0.8283450794426036
2004-09-29,5.435307502746582,-0.0046733827926891,-0.4334147407466892
2004-09-30,5.496026515960693,0.0111092822860411,0.8309612628237987
2004-10-01,5.435307502746582,-0.0111092822860411,-0.9461299261932608
2004-10-04,5.396134853363037,-0.0072331678245718,-0.6336447178272433
2004-10-05,5.496026515960693,0.0183424501106129,1.408302428260031
2004-10-06,5.533243179321289,0.0067487341669474,0.4791326171508117
2004-10-07,5.494067668914795,-0.007105209195039,-0.623777056904031
2004-10-08,5.3863396644592285,-0.0198028477460519,-1.6272968984613543
2004-10-11,5.378505706787109,-0.0014554708005367,-0.16766086534118899
2004-10-12,5.435307502746582,0.010505511288639,0.779651131105736
2004-10-13,5.417678356170654,-0.0032487211003877,-0.31257808293420813
2004-10-14,5.443139553070068,0.0046886420075777,0.3184336106199135
2004-10-15,5.415720462799072,-0.0050500970644101,-0.4540915520475475
2004-10-18,5.456852436065674,0.0075662255613575,0.546492399826916
2004-10-19,5.364796161651611,-0.0170137653585477,-1.3999973349792127
2004-10-20,5.407886505126953,0.0079999707819239,0.5799401099182517
2004-10-21,5.429430961608887,0.0039759811281806,0.26046591341315284
2004-10-22,5.3843817710876465,-0.0083318348934072,-0.7142370961058019
2004-10-25,5.362834453582764,-0.0040098470014578,-0.3730781062899762
2004-10-26,5.317786693572998,-0.0084354695314604,-0.7202736216482224
2004-10-27,5.3882975578308105,0.0131723013054276,0.9868288854474773
2004-10-28,5.400052070617676,0.0021791131809931,0.11657585706370444
2004-10-29,5.331498146057129,-0.0127763194885002,-1.0579253817352876
2004-11-01,5.337374687194824,0.0011016237279877,0.036786504565719885
2004-11-02,5.327581405639648,-0.0018365353260799,-0.18385784897526514
2004-11-03,5.362834453582764,0.0065952861316323,0.5289264990684985
2004-11-04,5.484272480010986,0.0223917955523108,1.835958436024864
2004-11-05,5.582207679748535,0.0176998928516757,1.432234355733253
2004-11-08,5.56066370010376,-0.0038668680190855,-0.35380936846655436
2004-11-09,6.01507568359375,0.0785514601629287,5.984726200978233
2004-11-10,6.083763122558594,0.0113545073247966,0.8194940179329911
2004-11-11,6.077873229980469,-0.0009686020643729,-0.12905892760419455
2004-11-12,5.973863124847412,-0.017261029362511,-1.3703720291185724
2004-11-15,5.958162307739258,-0.0026317118177003,-0.2447996499771594
2004-11-16,5.948349952697754,-0.0016482336805754,-0.16861033307546475
2004-11-17,5.9679741859436035,0.0032936752572889,0.2095521752093604
2004-11-18,5.950309753417969,-0.0029642598800375,-0.26689804629532904
2004-11-19,5.9620866775512695,0.0019772558843907,0.11078499109120836
2004-11-22,5.985634803771973,0.0039418656936393,0.256791321104236
2004-11-23,6.0091872215271,0.0039271025404943,0.2544958186292195
2004-11-24,6.05825138092041,0.0081317057201421,0.574651459649128
2004-11-26,6.099461555480957,0.0067792902508505,0.47847001813901635
2004-11-29,6.054323196411133,-0.0074279029172845,-0.6206172531630616
2004-11-30,6.126938343048096,0.0119225757649791,0.8758850517980828
2004-12-01,6.162261962890625,0.0057487413736328,0.4009931000247708
2004-12-02,6.319262504577637,0.0251585971247059,1.8851874101120634
2004-12-03,6.213286399841309,-0.0169125421488261,-1.345192117374604
2004-12-06,6.1838507652282715,-0.0047487882949052,-0.40711579199290204
2004-12-07,6.148525714874268,-0.0057288466702308,-0.4961640350822494
2004-12-08,6.093573093414307,-0.0089777074037623,-0.7465104911481748
2004-12-09,6.3094482421875,0.0348136064029281,2.6080894502381065
2004-12-10,6.289822578430176,-0.0031153675335407,-0.2993626166213233
2004-12-13,6.295712947845459,0.0009360539061812,0.008843612628868885
2004-12-14,6.34869909286499,0.0083810073572121,0.57970236520807
2004-12-15,6.35654878616333,0.0012356617315713,0.031202986073490785
2004-12-16,6.427199363708496,0.0110532992404265,0.7880740379465435
2004-12-17,6.48018741607666,0.0082105465569186,0.5680329911767423
2004-12-20,6.456636428833008,-0.0036409266358812,-0.3397246060234288
2004-12-21,6.44682502746582,-0.0015207397319358,-0.19363374565180635
2004-12-22,6.44682502746582,0.0,-0.07317050336623418
2004-12-23,6.431124210357666,-0.0024384045312982,-0.26450792670631096
2004-12-27,6.49785041809082,0.0103220560166786,0.7365237492792797
2004-12-28,6.531213760375977,0.0051213832015629,0.32528545928550917
2004-12-29,6.478225231170654,-0.0081462117266357,-0.7110767565415156
2004-12-30,6.564575672149658,0.013241282034197,0.964847558547894
2004-12-31,6.597934722900391,0.005068808483107,0.3201243284407329
2005-01-03,6.499810695648193,-0.0149836265587356,-1.2460157111789971
2005-01-04,6.417388439178467,-0.0127618029634124,-1.0636682899294476
2005-01-05,6.438974380493164,0.0033580199783705,0.1941750566822133
2005-01-06,6.505701065063477,0.0103096096724378,0.7346031662072985
2005-01-07,6.5096235275268555,0.0006027452568282,-0.02363795929811663
2005-01-10,6.513548851013184,0.0006028214157199,-0.02722294092137329
2005-01-11,6.48411226272583,-0.0045295285602603,-0.4275189159657549
2005-01-12,6.464489936828613,-0.0030308045015721,-0.3096939183028028
2005-01-13,6.336925506591797,-0.0199303980682592,-1.6183812437930163
2005-01-14,6.3604736328125,0.0037091301863313,0.22034900294867918
2005-01-18,6.401686191558838,0.0064585779480071,0.4322282593830289
2005-01-19,6.417388439178467,0.0024498266723966,0.12074197694460204
2005-01-20,6.401686191558838,-0.0024498266723966,-0.26139645160407754
2005-01-21,6.405612945556641,0.000613205653871,-0.02306628248730733
2005-01-24,6.358513355255127,-0.0073800278944044,-0.6485465260425091
2005-01-25,6.372248649597168,0.0021578126535203,0.10066650198659993
2005-01-26,6.3388872146606445,-0.005249178656546,-0.4758580191033471
2005-01-27,6.39776086807251,0.0092448299334539,0.6546274847022482
2005-01-28,6.696061611175537,0.0455714695507927,3.404967632946743
2005-01-31,6.756901741027832,0.0090449283239953,0.6098780619199963
2005-02-01,6.75101375579834,-0.0008717830080864,-0.14493333058109198
2005-02-02,6.886427402496338,0.0198597516648396,1.4370408798541356
2005-02-03,6.917877674102783,0.0045565967787045,0.26930474536553944
2005-02-04,7.018136978149414,0.0143887669927749,1.0127439362466994
2005-02-07,7.0771164894104,0.0083687541512666,0.5497719734958774
2005-02-08,7.179337501525879,0.0143405595811,0.9969357498790771
2005-02-09,7.1046366691589355,-0.0104594859247038,-0.8849098751873898
2005-02-10,7.15181827545166,0.0066190057392184,0.41450769931758896
2005-02-11,7.136088848114014,-0.0022017827462206,-0.2556989791031953
2005-02-14,7.092841625213623,-0.0060787922399318,-0.5500292553563084
2005-02-15,7.067285060882568,-0.0036096558522309,-0.36071769505266577
2005-02-16,7.037796497344971,-0.0041812741568864,-0.4046104314500577
2005-02-17,7.086940765380859,0.0069586379455509,0.4405882020557196
2005-02-18,6.988649845123291,-0.0139663792005808,-1.1410316979318345
2005-02-22,6.8824944496154785,-0.0153062307993379,-1.2323748878104372
2005-02-23,6.97489070892334,0.0133355070277005,0.9278459974569736
2005-02-24,7.010272026062012,0.0050598471101556,0.3019111028848549
2005-02-25,7.037796497344971,0.0039186179165118,0.2182831008786709
2005-02-28,6.95326566696167,-0.0120836942838054,-0.9884447575082379
2005-03-01,7.022070407867432,0.0098466750941257,0.6710458583351759
2005-03-02,6.988649845123291,-0.0047707220653502,-0.43103336641864937
2005-03-03,7.012241840362549,0.0033700735778631,0.17782650241313688
2005-03-04,7.073180198669434,0.0086527387452854,0.5855244192158194
2005-03-07,7.027968883514404,-0.006412451895061,-0.5616846360427482
2005-03-08,7.006342887878418,-0.0030818772028396,-0.30333412842489055
2005-03-09,6.88446044921875,-0.017549102626701,-1.4027187733610376
2005-03-10,6.957197189331055,0.0105099275742184,0.7368775492149685
2005-03-11,6.95326566696167,-0.0005652612015407,-0.11174670282283207
2005-03-14,7.067285060882568,0.0162649684406919,1.1696984656204847
2005-03-15,6.986682891845703,-0.0114705047084644,-0.9550312186466157
2005-03-16,6.900186061859131,-0.0124575163617129,-1.027291869281523
2005-03-17,6.858901023864746,-0.0060011484249821,-0.5319090557275794
2005-03-18,6.951297283172607,0.0133810733057894,0.9452547970942642
2005-03-21,6.91198205947876,-0.0056718656704253,-0.5092932450239026
2005-03-22,6.951297283172607,0.0056718656704252,0.35164299942226207
2005-03-23,6.970958709716797,0.0028244617287772,0.13936949381026445
2005-03-24,6.967023849487305,-0.0005646240863502,-0.12444178769767641
2005-03-28,6.98078727722168,0.0019735615971074,0.08145917017370821
2005-03-29,6.906084060668945,-0.0107589298319118,-0.9117304638285643
2005-03-30,6.935572147369385,0.0042607807719546,0.2629956342660142
2005-03-31,6.972923755645752,0.0053710621667515,0.34607485845620123
2005-04-01,6.996514320373535,0.0033774568489616,0.19822461488337842
2005-04-04,6.963090419769287,-0.0047886691776277,-0.4398026913695615
2005-04-05,7.0083088874816895,0.0064730274478604,0.44606794168210034
2005-04-06,7.06925106048584,0.0086581131856964,0.6164958166642293
2005-04-07,7.200964450836182,0.0184604262978244,1.376197765541138
2005-04-08,7.208827495574951,0.0010913475431769,0.01368200839132291
2005-04-11,7.228485107421875,0.0027231694062889,0.13751360128567613
2005-04-12,7.287461757659912,0.0081258184945949,0.5585139047303517
2005-04-13,7.2127580642700195,-0.0103038926648462,-0.8954330157153251
2005-04-14,7.167543411254883,-0.0062884358983645,-0.5767059627078814
2005-04-15,7.0476250648498535,-0.0168722856005927,-1.3993875988915803
2005-04-18,7.098739147186279,0.0072264935372722,0.4965405054748559
2005-04-19,7.1321563720703125,0.0046964418031495,0.2975258205053378
2005-04-20,6.951297283172607,-0.025685323569723,-2.076440520824831
2005-04-21,7.112499713897705,0.0229254576198803,1.7144294058110126
2005-04-22,7.112499713897705,0.0,-0.06556741706886146
2005-04-25,7.15181827545166,0.0055128694078729,0.3625911262454114
2005-04-26,7.083014965057373,-0.0096669690523805,-0.8183840114562893
2005-04-27,7.106603622436523,0.0033247798681971,0.19545923605471696
2005-04-28,7.0653181076049805,-0.0058263984815783,-0.5149534412566262
2005-04-29,7.081045627593994,0.0022235433448963,0.11406408103291876
2005-05-02,7.000443935394287,-0.0114480179277443,-0.9470182858104991
2005-05-03,6.949333667755127,-0.0073277865491946,-0.6254612631490892
2005-05-04,6.858901023864746,-0.0130985515357383,-1.0662469268881163
2005-05-05,6.713432788848877,-0.021436815163972,-1.7018723333457122
2005-05-06,6.640693664550781,-0.0108939875527117,-0.8794711795740179
2005-05-09,6.6053056716918945,-0.0053432098483704,-0.45064614811026205
2005-05-10,7.1282243728637695,0.0761889516111414,5.543727724917589
2005-05-11,7.039762020111084,-0.0124878017104967,-0.973151363946539
2005-05-12,7.035825729370117,-0.0005593074923249,-0.0967131102486121
2005-05-13,6.909800052642822,-0.0180743567255438,-1.3718207974170264
2005-05-16,6.968871593475342,0.0085126154800296,0.5696534401346987
2005-05-17,6.968871593475342,0.0,-0.0551678788795584
2005-05-18,7.035825729370117,0.0095617412455143,0.6394413092308294
2005-05-19,7.000380039215088,-0.0050506192467312,-0.4295911119739572
2005-05-20,6.982656955718994,-0.002534941871801,-0.24452192312419413
2005-05-23,7.092930316925049,0.0156690609420256,1.0799314512632174
2005-05-24,7.1421589851379395,0.0069165515468171,0.44683814692343016
2005-05-25,7.108684062957764,-0.0046979653955333,-0.4002570765797179
2005-05-26,7.152004241943359,0.0060754868643804,0.38736243626890937
2005-05-27,7.114591598510742,-0.0052448011583185,-0.43994454450947384
2005-05-31,7.120498180389404,0.000829862306368,0.006954733149406668
2005-06-01,7.085052013397217,-0.004990477675808,-0.4168402201252863
2005-06-02,7.077175140380859,-0.0011123778404419,-0.13041023928516604
2005-06-03,7.01219367980957,-0.0092242487445858,-0.7359107497734871
2005-06-06,7.014164924621582,0.0002810772033686,-0.035782777190109465
2005-06-07,6.933427333831787,-0.0115774093630482,-0.9047229018979865
2005-06-08,6.8920745849609375,-0.0059821151425001,-0.49695463766226544
2005-06-09,6.890106678009033,-0.0002855726430715,-0.0714335939897461
2005-06-10,6.923583984375,0.0048469844482647,0.30659371128214524
2005-06-13,6.978720188140869,0.0079319934541604,0.5322583894338428
2005-06-14,6.947211742401123,-0.0045251548928271,-0.39059464117412834
2005-06-15,6.9747796058654785,0.0039603385473476,0.2420551782057624
2005-06-16,7.035825729370117,0.0087143286619342,0.5914862258238207
2005-06-17,7.01219367980957,-0.0033644702736289,-0.3062120630716759
2005-06-20,6.9373674392700195,-0.0107282168341112,-0.8487014217602121
2005-06-21,7.148066520690918,0.0299195324131209,2.1504581120803183
2005-06-22,7.541901111602783,0.0536323836059181,3.7713483932342373
2005-06-23,7.407994747161865,-0.0179144987888598,-1.3434521489147562
2005-06-24,7.323322772979736,-0.0114956325544366,-0.8784262862460575
2005-06-27,7.114591598510742,-0.0289163258871636,-2.098492912755319
2005-06-28,7.173668384552002,0.0082693235927336,0.5343739673149313
2005-06-29,7.16579008102417,-0.0010988287095289,-0.12929507007315777
2005-06-30,7.12837553024292,-0.0052349521116976,-0.43184734527306945
2005-07-01,7.130341053009033,0.0002756942067101,-0.03310346520226242
2005-07-05,7.163818836212158,0.0046841289973065,0.28247830413167285
2005-07-06,7.100808143615723,-0.0088345951867418,-0.681360328420703
2005-07-07,7.159878253936768,0.0082843765734879,0.5402884327959608
2005-07-08,7.258338928222656,0.0136580277051541,0.9199575075884582
2005-07-11,7.270153045654297,0.0016263381026588,0.06297981174784843
2005-07-12,7.337106227874756,0.0091671750114538,0.6079972698714371
2005-07-13,7.307570457458496,-0.0040336582496755,-0.33682603496582775
2005-07-14,7.333168029785156,0.0034967632857461,0.20051420273601264
2005-07-15,7.268185615539551,-0.0089009340985279,-0.6856315726982537
2005-07-18,7.246525764465332,-0.0029845398347971,-0.259327751878083
2005-07-19,7.22683572769165,-0.002720867426915,-0.23821603717780088
2005-07-20,7.228801727294922,0.0002720045548339,-0.03210253785583146
2005-07-21,7.228801727294922,0.0,-0.05415146364635565
2005-07-22,7.337106227874756,0.0148712317693355,1.0173306570372123
2005-07-25,7.350892066955566,0.0018771575067219,0.0670185415070381
2005-07-26,7.435564041137695,0.0114527644848538,0.7687478742248794
2005-07-27,7.443441390991211,0.0010588544544106,0.006050364738047162
2005-07-28,7.537961959838867,0.0126185539262923,0.8497883342112342
2005-07-29,7.394211292266846,-0.0192544120943631,-1.4799068173126542
2005-08-01,7.341043472290039,-0.0072164413254193,-0.5969229772421233
2005-08-02,7.3193817138671875,-0.0029551358725034,-0.2848401369940037
2005-08-03,7.354830741882324,0.0048314820410124,0.2822474164894956
2005-08-04,7.201236248016357,-0.0211046287317029,-1.621785602272977
2005-08-05,7.216986656188965,0.0021847927504514,0.08373978717399354
2005-08-08,7.126406669616699,-0.0126303711637639,-0.9977342970211871
2005-08-09,7.541901111602783,0.0566671530729335,4.02592319618668
2005-08-10,7.413907051086426,-0.0171167193515633,-1.3076502103844225
2005-08-11,7.463210582733154,0.0066281269477926,0.4193864727935543
2005-08-12,7.433626174926758,-0.0039719099002648,-0.3582889048891185
2005-08-15,7.465181827545166,0.0042360032827662,0.23742797148781639
2005-08-16,7.449404239654541,-0.0021157266725298,-0.23450462563653127
2005-08-17,7.411933422088623,-0.005042735428412,-0.4451503343145939
2005-08-18,7.500685691833496,0.0119031160071474,0.7991200256536001
2005-08-19,7.540129661560059,0.0052449364243824,0.30733863137492057
2005-08-22,7.634801864624023,0.0124776090351511,0.833232187973817
2005-08-23,7.60916805267334,-0.0033631444107012,-0.3304625149891921
2005-08-24,7.559856414794922,-0.0065016457307503,-0.5566473995293345
2005-08-25,7.546043395996094,-0.0018288248726341,-0.21091432609410585
2005-08-26,7.4809651374816895,-0.0086615596485055,-0.709112936177141
2005-08-29,7.502655029296875,0.0028951490659729,0.138445235616324
2005-08-30,7.49476957321167,-0.0010515747897859,-0.14871897343361812
2005-08-31,7.52632474899292,0.0042014545042611,0.24030384707446267
2005-09-01,7.49476957321167,-0.004201454504261,-0.37544538870598376
2005-09-02,7.465181827545166,-0.0039555989793346,-0.3554104782187512
2005-09-06,7.548025608062744,0.0110362321608704,0.7507158407723759
2005-09-07,7.5421037673950195,-0.0007848628496648,-0.12386003268593909
2005-09-08,7.467160701751709,-0.0099863239287753,-0.7996475205882911
2005-09-09,7.553937911987305,0.0115541716159765,0.7825513479995369
2005-09-12,7.674249649047852,0.0158015180643202,1.0943790928278916
2005-09-13,7.60916805267334,-0.0085166801076893,-0.6927242458699746
2005-09-14,7.5440778732299805,-0.008590975173515,-0.7017854279489795
2005-09-15,7.591407299041748,0.0062541212975146,0.39274052242616875
2005-09-16,7.664391040802002,0.0095680733222489,0.6325963091975754
2005-09-19,7.628883361816406,-0.004643576235478,-0.4335714222758065
2005-09-20,7.699891090393066,0.0092646984542092,0.6061356328757225
2005-09-21,7.303455352783203,-0.0528586124909143,-3.9347771500104733
2005-09-22,7.325148105621338,0.0029658017322795,0.1350608183916846
2005-09-23,7.254143714904785,-0.0097405214168877,-0.7893276704660197
2005-09-26,7.159477233886719,-0.0131358861992384,-1.0503800648270374
2005-09-27,7.28767728805542,0.0177479127926411,1.2210555528133218
2005-09-28,7.234423637390137,-0.0073341852737659,-0.6225916904339817
2005-09-29,7.171310901641846,-0.0087622244287631,-0.7218018399524161
2005-09-30,7.285702228546143,0.0158253593920476,1.077190081292789
2005-10-03,7.16342306137085,-0.0169258808370163,-1.3224080791592208
2005-10-04,7.131863117218018,-0.0044154408709613,-0.4003854974388642
2005-10-05,6.885327339172363,-0.0351798321879029,-2.6130432801310404
2005-10-06,7.011551856994629,0.0181663792824195,1.2436777423853573
2005-10-07,6.989858627319336,-0.0030987230976401,-0.3001602022045462
2005-10-10,6.98788595199585,-0.0002822594625891,-0.09594788788407498
2005-10-11,6.9326605796813965,-0.0079344100339676,-0.6464928734490207
2005-10-12,6.867574691772461,-0.0094326465037326,-0.7528282641469689
2005-10-13,6.822213172912598,-0.0066270836808594,-0.5457227813431194
2005-10-14,6.843907356262207,0.0031748880783325,0.16298098446711826
2005-10-17,6.903074741363525,0.0086081075885453,0.556836722543165
2005-10-18,6.824184417724609,-0.0114940923409077,-0.9047640619989477
2005-10-19,6.964218616485596,0.0203125790902841,1.3985684486512286
2005-10-20,6.905047416687012,-0.0085327599410056,-0.6865567412656463
2005-10-21,6.926743984222412,0.0031372053989878,0.15483370871263358
2005-10-24,6.9799933433532715,0.007658103855312,0.4788426168201812
2005-10-25,6.9799933433532715,0.0,-0.07823512137471417
2005-10-26,6.881381511688232,-0.0142285301946279,-1.1007284356284008
2005-10-27,6.76304292678833,-0.0173465070324552,-1.3163570852058541
2005-10-28,6.910965919494629,0.0216364878825544,1.483528021185462
2005-10-31,6.912936210632324,0.0002850557147308,-0.05337285061871862
2005-11-01,6.845879077911377,-0.0097475926916293,-0.772522174787493
2005-11-02,6.808403968811035,-0.0054891498979783,-0.4627931482744674
2005-11-03,6.865602970123291,0.0083661409843535,0.5397238968963788
2005-11-04,6.916881084442139,0.0074410898239538,0.4770594234937005
2005-11-07,6.8833537101745605,-0.0048589666379446,-0.41297910243664065
2005-11-08,6.820240497589111,-0.0092112562407256,-0.7511193479335335
2005-11-09,6.826165199279785,0.000868316858598,0.031870668062455636
2005-11-10,6.901244640350342,0.0109387263273481,0.8072924722533517
2005-11-11,6.845924377441406,-0.0080482841886391,-0.6664378686441818
2005-11-14,6.695767879486084,-0.0221778267694116,-1.746224789773857
2005-11-15,6.492268085479736,-0.0308637234936365,-2.3799001511342204
2005-11-16,6.589077949523926,0.0148014785687188,1.0961534001605533
2005-11-17,6.634518623352051,0.0068726919245037,0.48981938599470703
2005-11-18,6.595005035400391,-0.0059735643503605,-0.4845214731316607
2005-11-21,6.5930304527282715,-0.0002994506177439,-0.051925136408233576
2005-11-22,6.527831077575684,-0.0099383583389794,-0.7797203135415327
2005-11-23,6.496218681335449,-0.0048544744386979,-0.38986517106721297
2005-11-25,6.525853633880615,0.0045515034762601,0.3255209056651908
2005-11-28,6.4408979415893555,-0.013103807447353,-1.0131189819189361
2005-11-29,6.559442520141602,0.01823765533877,1.360636688307248
2005-11-30,6.56339693069458,0.0006026760728859,0.026697912659597645
2005-12-01,6.575249195098877,0.0018041840088888,0.12563382022323116
2005-12-02,6.618714809417725,0.0065887358106977,0.4849940503378861
2005-12-05,6.632543087005615,0.0020870898016743,0.13847465574206105
2005-12-06,6.6384711265563965,0.0008933815983713,0.04511290249745376
2005-12-07,6.595005035400391,-0.006569135264774,-0.52729663183774
2005-12-08,6.589077949523926,-0.000899127574143,-0.08323467600850512
2005-12-09,6.492268085479736,-0.0148014785687187,-1.156905983573962
2005-12-12,6.496218681335449,0.0006083227474404,0.03750500202834834
2005-12-13,6.69379186630249,0.0299602434392411,2.2834491484400687
2005-12-14,6.600931167602539,-0.0139697846496111,-1.0812048942825796
2005-12-15,6.5357346534729,-0.0099259660413424,-0.7653439469777782
2005-12-16,6.46065616607666,-0.0115538727073991,-0.8833292195039861
2005-12-19,6.527831077575684,0.0103438543978095,0.7874531264628131
2005-12-20,6.474486351013184,-0.0082054643200237,-0.6281222737389521
2005-12-21,6.56339693069458,0.013639017321889,1.0342473232550295
2005-12-22,6.545612335205078,-0.0027133410374402,-0.21216522860840772
2005-12-23,6.602910041809082,0.008715514588791,0.6597310188826552
2005-12-27,6.494241714477539,-0.0165945730946626,-1.2600245065481952
2005-12-28,6.585127353668213,0.0138977807843381,1.0502324989322065
2005-12-29,6.551541328430176,-0.0051133356910629,-0.3882829046273157
2005-12-30,6.525853633880615,-0.0039285695142664,-0.29549943021250097
2006-01-03,6.620689868927002,0.0144278045594553,1.0920633242824747
2006-01-04,6.646373271942139,0.0038717589305757,0.28446494576540493
2006-01-05,6.583149433135986,-0.00955806517607,-0.7344147511592098
2006-01-06,6.569321155548096,-0.0021027658020501,-0.16322809529873006
2006-01-09,6.551541328430176,-0.0027101629976445,-0.208507815540729
2006-01-10,6.595005035400391,0.0066122104048947,0.4999701544171987
2006-01-11,6.618714809417725,0.0035886638647285,0.26720492358393594
2006-01-12,6.525853633880615,-0.0141294437838895,-1.0769794427818609
2006-01-13,6.551541328430176,0.0039285695142663,0.2898953257078361
2006-01-17,6.512025833129883,-0.0060497435856221,-0.4689609153707849
2006-01-18,6.521900177001953,0.0015151759728399,0.11007958009771382
2006-01-19,6.731331825256348,0.0316072462064336,2.372444797533743
2006-01-20,6.628593444824219,-0.0153803862867917,-1.1687429847612107
2006-01-23,6.681938171386719,0.0080154592928592,0.5906304313704751
2006-01-24,6.717500686645508,0.005308072843236,0.38321805334376163
2006-01-25,6.8064069747924805,0.0131482070386486,0.9684107296136679
2006-01-26,6.905196189880371,0.0144098284211137,1.0553611448517284
2006-01-27,6.913097858428955,0.0011436533890803,0.06277850985156086
2006-01-30,6.838021755218506,-0.0109193798439472,-0.8445551534137514
2006-01-31,7.270707130432129,0.061355080995,4.4978626694082005
2006-02-01,7.193652153015137,-0.0106545619952759,-0.8023316197552747
2006-02-02,7.161989212036133,-0.0044112264325512,-0.3372913146548465
2006-02-03,7.14616060256958,-0.0022125314773455,-0.17294841283455573
2006-02-06,7.160008430480957,0.0019359245936907,0.13743370070224337
2006-02-07,6.590059757232666,-0.082948742074681,-5.710800147370997
2006-02-08,6.613807201385498,0.0035970477182849,0.27150205309449443
2006-02-09,6.586101531982422,-0.0041978638865804,-0.2699629810861029
2006-02-10,6.59797477722168,0.0018011498372232,0.14698827749173432
2006-02-13,6.572246074676514,-0.0039071076430057,-0.2481096845468497
2006-02-14,6.562353610992432,-0.0015063215920283,-0.08302975780962701
2006-02-15,6.607870101928711,0.0069120575544739,0.4974110256928591
2006-02-16,6.789938449859619,0.0271804983806439,1.8800152354880308
2006-02-17,6.867119789123535,0.0113028969499114,0.7857326751373985
2006-02-21,6.88493013381958,0.0025902108781735,0.18248943104514198
2006-02-22,6.926488876342773,0.0060180446223238,0.41352762585548475
2006-02-23,6.841393947601318,-0.0123615247777275,-0.8479215625820714
2006-02-24,6.96013069152832,0.0172067473081221,1.1865506429721735
2006-02-27,6.841393947601318,-0.0172067473081222,-1.1737833215313596
2006-02-28,6.8334760665893555,-0.0011580193286773,-0.07488030392257836
2006-03-01,6.849309921264648,0.0023144207264867,0.1660742425332056
2006-03-02,6.9363813400268555,0.0126323120080764,0.8702280692040423
2006-03-03,6.890867233276367,-0.0065832722813752,-0.44755598416567915
2006-03-06,6.912634372711182,0.0031538602448837,0.22308999804641588
2006-03-07,6.928467273712158,0.0022878103652899,0.16122846661443568
2006-03-08,6.944301128387451,0.0022827255659411,0.15942045047361073
2006-03-09,7.1303253173828125,0.0264355182657759,1.8019627573763992
2006-03-10,7.189694404602051,0.0082918080459464,0.5594759423379251
2006-03-13,7.154074668884277,-0.0049665898488233,-0.3481306004373114
2006-03-14,7.171884536743164,0.0024863782980835,0.166809408056661
2006-03-15,7.223339557647705,0.0071489321334065,0.48243309930835954
2006-03-16,7.326244831085205,0.0141456946993923,0.9559184785007168
2006-03-17,7.328223705291748,0.0002700710999732,0.0005107649982676469
2006-03-20,7.296562194824219,-0.0043298493596447,-0.3113810881620308
2006-03-21,7.292604923248291,-0.0005424945291191,-0.052017404254547865
2006-03-22,7.381660461425781,0.0121377975920306,0.818740941992237
2006-03-23,7.393531799316406,0.0016069287269717,0.09450024735723273
2006-03-24,7.423216819763184,0.0040069600865641,0.2583609352717401
2006-03-27,7.367807388305664,-0.0074923399325492,-0.5299172911136755
2006-03-28,7.346038341522217,-0.0029589902010157,-0.22054997062861298
2006-03-29,7.401449203491211,0.0075146525879634,0.4993359665093873
2006-03-30,7.415302276611328,0.0018699209709065,0.11189926112954315
2006-03-31,7.306454181671143,-0.0147876483036546,-1.027531898539575
2006-04-03,7.251039981842041,-0.0076131876626419,-0.5337904015961413
2006-04-04,7.227299690246582,-0.0032794247696397,-0.23362338438712105
2006-04-05,7.173861980438232,-0.0074213395131069,-0.5137978539104602
2006-04-06,7.098660469055176,-0.0105380401505097,-0.7215480154506344
2006-04-07,7.045226573944092,-0.0075557941265031,-0.5136180176063239
2006-04-10,7.025437355041504,-0.0028128355634426,-0.18576232817864702
2006-04-11,7.078873634338379,0.0075773336268015,0.5293440234083915
2006-04-12,7.134284019470215,0.007797094382907,0.539739968005009
2006-04-13,7.098660469055176,-0.0050057983197627,-0.34200732102573145
2006-04-17,7.114492416381836,0.002227789147441,0.15120158642621445
2006-04-18,7.136264801025391,0.0030556132915203,0.20957522842235968
2006-04-19,7.253024101257324,0.0162289969558581,1.1136265903414373
2006-04-20,7.284687519073486,0.0043560456709015,0.2891125830135107
2006-04-21,7.183759689331055,-0.0139516653595422,-0.973009232910298
2006-04-24,7.160008430480957,-0.0033117212101252,-0.23212338098628857
2006-04-25,7.165947437286377,0.0008291254280648,0.057126339998949435
2006-04-26,7.183759689331055,0.0024825957820602,0.16892596676609276
2006-04-27,7.251039981842041,0.0093220247270778,0.6429350262860422
2006-04-28,7.256982803344727,0.000819246278154,0.04961875665811984
2006-05-01,7.007626533508301,-0.0349650898660833,-2.402181252351659
2006-05-02,7.047207355499268,0.0056323577980623,0.3859573626440535
2006-05-03,7.124388217926025,0.0108924397567719,0.7426860371874783
2006-05-04,7.158030986785889,0.0047110829896229,0.3129563488844888
2006-05-05,7.29854154586792,0.0194395986496792,1.3179579249287288
2006-05-08,7.373745441436768,0.0102512381631602,0.6785999008899087
2006-05-09,7.500399112701416,0.017030456033345,1.1375998169819888
2006-05-10,7.458838939666748,-0.0055564701648265,-0.41808035358241713
2006-05-11,7.433069229125977,-0.0034609045356504,-0.2683808507182171
2006-05-12,7.292337417602539,-0.0191147314081297,-1.4001639498427825
2006-05-15,7.304232120513916,0.0016297946600724,0.10284433791857991
2006-05-16,7.3973917961120605,0.0126735553919311,0.9066176222604396
2006-05-17,7.318105220794678,-0.0107760332489859,-0.798678831109395
2006-05-18,7.260623931884766,-0.0078856786727166,-0.5833510204727255
2006-05-19,7.2209792137146,-0.005475197298245,-0.40766905335007175
2006-05-22,7.159534454345703,-0.0085456103608391,-0.6290681459914741
2006-05-23,7.224942207336426,0.0090942764660648,0.6575672840394927
2006-05-24,7.230895519256592,0.0008236551031253,0.056494097778000775
2006-05-25,7.238821983337402,0.0010955935901652,0.07466645231571017
2006-05-26,7.266571998596191,0.003826169650735,0.2745624168809473
2006-05-30,7.165481090545654,-0.0140094497715558,-1.022379478958132
2006-05-31,7.165481090545654,0.0,-0.0018200634421883268
2006-06-01,7.179356575012207,0.0019345619821574,0.1371066262517946
2006-06-02,7.13574743270874,-0.006092764283645,-0.4460572244701175
2006-06-05,7.064389705657959,-0.0100503716278145,-0.7338879014366662
2006-06-06,7.060428619384766,-0.0005608690017638,-0.04273488642858226
2006-06-07,7.137731552124023,0.0108892554611653,0.7845841536520455
2006-06-08,7.153587818145752,0.0022190075131987,0.15088297028151473
2006-06-09,7.123855113983154,-0.0041649961110691,-0.31299235295223643
2006-06-12,7.062408924102783,-0.0086628267994763,-0.6363133498546558
2006-06-13,7.058444499969482,-0.0005614992406481,-0.04418214141297685
2006-06-14,6.971228122711182,-0.0124332909458737,-0.90533528220488
2006-06-15,6.981142520904541,0.0014211778220799,0.10312141374276004
2006-06-16,6.9296040534973145,-0.0074099118906413,-0.5347719109588311
2006-06-19,6.953387260437012,0.0034262400181699,0.25173095142035923
2006-06-20,6.943478584289551,-0.0014260305794606,-0.10413869329794083
2006-06-21,7.012855052947998,0.009942015132747,0.7360149769101644
2006-06-22,6.987088203430176,-0.0036809975784141,-0.2562434975158847
2006-06-23,7.012855052947998,0.003680997578414,0.2967564109856275
2006-06-26,7.050512313842773,0.0053553818105995,0.41959233093173187
2006-06-27,7.036640167236328,-0.0019694755358198,-0.1481786787953379
2006-06-28,7.048535346984863,0.0016890357616697,0.1354430643114846
2006-06-29,7.159534454345703,0.0156251154758903,1.2000366091964993
2006-06-30,7.218997001647949,0.0082710652993324,0.6309433217874807
2006-07-03,7.211068630218506,-0.0010988684915936,-0.08776378282860772
2006-07-05,7.106013298034668,-0.0146757863453351,-1.1213130913222757
2006-07-06,7.153587818145752,0.006672654619429,0.5088967166475412
2006-07-07,7.193231105804443,0.0055264360365721,0.4221182094152633
2006-07-10,7.193231105804443,0.0,0.002746264203298872
2006-07-11,7.187282562255859,-0.0008273061762847,-0.06004901605534617
2006-07-12,7.115927696228027,-0.009977544438443,-0.7569099110838013
2006-07-13,7.0762810707092285,-0.0055871118165336,-0.41919609729087565
2006-07-14,7.00492525100708,-0.0101349882765234,-0.7634694825395943
2006-07-17,7.040602684020996,0.0050802661049791,0.3995974849519132
2006-07-18,7.078268051147461,0.0053354772043155,0.4165463622892242
2006-07-19,7.213050842285156,0.0188627499625894,1.4420101827070106
2006-07-20,7.163496971130371,-0.0068937366669633,-0.523758343474792
2006-07-21,7.159534454345703,-0.0005533070155404,-0.03934056442540274
2006-07-24,7.25269603729248,0.0129283084380025,0.9915271197251124
2006-07-25,7.25269603729248,0.0,0.004078610526632088
2006-07-26,7.236835956573486,-0.0021891786511574,-0.1593330718044664
2006-07-27,7.185301303863525,-0.0071466345273068,-0.535988352490632
2006-07-28,7.25269603729248,0.0093358131784643,0.726500366491326
2006-07-31,7.234857559204102,-0.0024625948038078,-0.1826957506926299
2006-08-01,7.215035915374756,-0.0027435020606922,-0.20576508166789692
2006-08-02,7.290353298187256,0.0103848381570626,0.7991477182163346
2006-08-03,7.40333890914917,0.0153790941408864,1.1767285734826647
2006-08-04,7.395411014556885,-0.0010714277072811,-0.09068729604211434
2006-08-07,7.472715377807617,0.0103987628048957,0.7896199868892376
2006-08-08,7.363697052001953,-0.0146963140149263,-1.140214993910105
2006-08-09,7.474697113037109,0.0149614749907563,1.1961522745194464
2006-08-10,7.496541500091553,0.002918182405714,0.2300758606674159
2006-08-11,7.421079635620117,-0.0101172308189371,-0.8074675330848918
2006-08-14,7.4349775314331055,0.0018710078604353,0.1496250185503933
2006-08-15,7.579946041107178,0.0193105231335295,1.5331157581585448
2006-08-16,7.5144124031066895,-0.0086832507662451,-0.6936745717886286
2006-08-17,7.468738555908203,-0.0060967134079809,-0.48745697453732684
2006-08-18,7.431005954742432,-0.0050648763542954,-0.40059549024627794
2006-08-21,7.413135051727295,-0.0024078067759228,-0.18652574818501835
2006-08-22,7.446893215179443,0.0045434935814662,0.37062940678118056
2006-08-23,7.40122127532959,-0.0061519035188375,-0.48220626588157733
2006-08-24,7.448878288269043,0.0064184319226723,0.5169297908907065
2006-08-25,7.446893215179443,-0.0002665284038348,-0.01708310896277349
2006-08-28,7.470724105834961,0.0031950023136961,0.2556407155522116
2006-08-29,7.538242340087891,0.008997113818784,0.7165007781419093
2006-08-30,7.524343490600586,-0.0018454803960299,-0.14851817298241626
2006-08-31,7.645480632781982,0.0159711432553133,1.2657461440612268
2006-09-01,7.65540885925293,0.0012977321180532,0.09657576931287674
2006-09-05,7.67327880859375,0.0023315704283959,0.17688808958458152
2006-09-06,7.675266742706299,0.0002590387626006,0.015360519930107617
2006-09-07,7.726898193359375,0.0067044658032773,0.5264791424186837
2006-09-08,7.705053329467773,-0.0028311232640027,-0.2357430734449709
2006-09-11,7.724909782409668,0.0025737539045334,0.19851890265298436
2006-09-12,7.742785453796387,0.0023113565494979,0.18239653313192355
2006-09-13,7.601788520812988,-0.0183779493205936,-1.4674586957109603
2006-09-14,7.599808692932129,-0.0002604762991961,-0.023157517327893954
2006-09-15,7.623633861541748,0.0031300657490899,0.24896850436567716
2006-09-18,7.564059734344482,-0.0078450927870023,-0.6234373392290032
2006-09-19,7.63157844543457,0.0088866495285504,0.7103088133957385
2006-09-20,7.667327404022217,0.0046734091973303,0.37525458534531014
2006-09-21,7.681224822998047,0.0018109099240371,0.13374020446176355
2006-09-22,7.6295928955078125,-0.0067445284976472,-0.5730847543722527
2006-09-25,7.714981079101563,0.011129545222932,0.9030179584747494
2006-09-26,7.67327880859375,-0.0054200244734076,-0.4734110114755085
2006-09-27,7.808314323425293,0.0174450960300136,1.4275974514765732
2006-09-28,7.822218418121338,0.0017790946211959,0.12223366962119644
2006-09-29,7.766614437103272,-0.007133852463499,-0.6201166095671325
2006-10-02,7.742785453796387,-0.0030728464318038,-0.2767435616892517
2006-10-03,7.774555206298828,0.004094747623129,0.3160218792177288
2006-10-04,7.844060897827148,0.0089004236871565,0.7139405539458074
2006-10-05,7.844060897827148,0.0,-0.044125139958301425
2006-10-06,7.756685733795166,-0.0112015251197582,-0.9921875913570118
2006-10-09,7.780516147613525,0.0030675320674562,0.22597616056201453
2006-10-10,7.824204444885254,0.0055993840017407,0.44034404752934897
2006-10-11,7.742785453796387,-0.0104605622597243,-0.9311112820063258
2006-10-12,7.820230007171631,0.0099524661938285,0.8062988896483052
2006-10-13,7.804343700408936,-0.0020335034458347,-0.21948661327441712
2006-10-16,7.752713203430176,-0.006637590497668,-0.6093969048101392
2006-10-17,7.818247318267822,0.0084175284750531,0.6770226633759374
2006-10-18,7.879807949066162,0.0078431302888486,0.6222124314218869
2006-10-19,7.911584854125977,0.0040245909081731,0.30271149559386645
2006-10-20,7.996971130371094,0.0107347387508101,0.873164870712991
2006-10-23,8.024776458740234,0.0034709517335595,0.24830194280878737
2006-10-24,8.00888729095459,-0.0019819765756665,-0.2175303516190124
2006-10-25,8.024776458740234,0.0019819765756665,0.1229317788980331
2006-10-26,8.06449031829834,0.0049366998215613,0.371769691883248
2006-10-27,8.09427261352539,0.0036862139851443,0.257840356309453
2006-10-30,8.088319778442383,-0.0007357084955644,-0.11871953996977139
2006-10-31,8.05654525756836,-0.0039361817925501,-0.3965226363229497
2006-11-01,8.052576065063477,-0.0004927882167762,-0.09938665059700827
2006-11-02,8.040660858154297,-0.0014807722204328,-0.18723137958568345
2006-11-03,8.072432518005371,0.0039435880231218,0.2889014010097232
2006-11-06,8.167753219604492,0.0117390032071589,0.9685226688434371
2006-11-07,8.312718391418457,0.0175928109576227,1.4667888968918061
2006-11-08,8.33853816986084,0.0031012433255456,0.20088912249333657
2006-11-09,8.296762466430664,-0.0050225471920144,-0.5052465995660788
2006-11-10,8.308693885803223,0.0014370483018082,0.06115458325505801
2006-11-13,8.318645477294922,0.0011970156454549,0.03704132357984575
2006-11-14,8.386270523071289,0.0080964687511278,0.6341658547455918
2006-11-15,8.430037498474121,0.0052053131008224,0.3727989940379441
2006-11-16,8.503636360168457,0.0086926588701134,0.6882603397358298
2006-11-17,8.513581275939941,0.0011688064542977,0.01606886948053647
2006-11-20,8.374341011047363,-0.0164902961786453,-1.5571461609060377
2006-11-21,8.37632942199707,0.0002374127014192,-0.06363063612730223
2006-11-22,8.388260841369629,0.0014234074557896,0.03832130364848794
2006-11-24,8.374341011047363,-0.001660820157209,-0.23884935552949005
2006-11-27,8.276872634887695,-0.0117071934175856,-1.1296066884161289
2006-11-28,8.292784690856934,0.0019206264254949,0.08221002622330101
2006-11-29,8.370363235473633,0.0093114584933086,0.7501599720252645
2006-11-30,8.336548805236816,-0.0040479624634416,-0.4490630837036138
2006-12-01,8.31665325164795,-0.0023893979051697,-0.2984665164392801
2006-12-04,8.388260841369629,0.0085732890246022,0.685562809558911
2006-12-05,8.398213386535645,0.0011857816235932,0.022377949266563096
2006-12-06,8.392243385314941,-0.000711118411298,-0.14741667746110027
2006-12-07,8.320631980895996,-0.0085696615460446,-0.8520345258178961
2006-12-08,8.471807479858398,0.0180056725653459,1.5197410922239716
2006-12-11,8.469819068908691,-0.0002347367241408,-0.11571373999187921
2006-12-12,8.517559051513672,0.0056206564602341,0.40764691573538686
2006-12-13,8.507615089416504,-0.001168148195798,-0.1926784700580073
2006-12-14,8.537452697753906,0.0035010290586223,0.22626156874734918
2006-12-15,8.513581275939941,-0.0027999988090779,-0.35176112511156743
2006-12-18,8.45390796661377,-0.0070338698321973,-0.741478377449613
2006-12-19,8.434020042419434,-0.002355284008493,-0.3090214602613474
2006-12-20,8.503636360168457,0.0082203473863925,0.6545820006867825
2006-12-21,8.537452697753906,0.0039688052633756,0.26892079989487416
2006-12-22,8.52352523803711,-0.0016326687559146,-0.2464356640116558
2006-12-26,8.553367614746094,0.0034950628717357,0.227109697990339
2006-12-27,8.628952980041504,0.0087980959782828,0.708855494405098
2006-12-28,8.573258399963379,-0.0064753040701315,-0.6964436655071083
2006-12-29,8.483747482299805,-0.0104955981104884,-1.0649531970240949
2007-01-03,8.760235786437988,0.0320705485776936,2.8120531018711556
2007-01-04,8.748300552368164,-0.0013633619267299,-0.22532434424962133
2007-01-05,8.762222290039062,0.0015900999335683,0.045027526517676365
2007-01-08,8.646856307983398,-0.013253736569868,-1.3063845638135534
2007-01-09,8.758249282836914,0.012800209134408,1.0602409514355817
2007-01-10,8.73636531829834,-0.0025017957184871,-0.33137006280177667
2007-01-11,8.80996322631836,0.0083890301561953,0.6581547470380623
2007-01-12,8.827865600585938,0.0020299982034165,0.08064907567018313
2007-01-16,8.794051170349121,-0.0038377745371721,-0.45810379113362015
2007-01-17,8.889533042907715,0.0107990325177109,0.8734712531976891
2007-01-18,8.843780517578125,-0.0051600764507095,-0.5808454934178611
2007-01-19,8.873619079589844,0.0033682810006886,0.19556104775763253
2007-01-22,8.871631622314453,-0.0002239987833463,-0.12211165184773053
2007-01-23,8.931303024291992,0.006703571812255,0.51296712508233
2007-01-24,8.971083641052246,0.0044441764082595,0.3045238177339142
2007-01-25,8.951193809509277,-0.0022195660973773,-0.31232863541384914
2007-01-26,8.933297157287598,-0.0020013606457768,-0.2871171760325336
2007-01-29,8.955177307128906,0.0024462858245745,0.13226561196417552
2007-01-30,8.965120315551758,0.0011096924451298,0.007315779759918792
2007-01-31,9.012861251831056,0.0053110576758223,0.39495784561545594
2007-02-01,9.004901885986328,-0.0008835021641239,-0.1737673527484565
2007-02-02,8.921358108520508,-0.0093208937436979,-1.0212107190566613
2007-02-05,8.881514549255371,-0.0044760895114426,-0.5349329699448964
2007-02-06,9.202265739440918,0.0354776299508133,3.380556771076286
2007-02-07,9.37957763671875,0.0190850041757568,1.7555209628792563
2007-02-08,9.279967308044434,-0.0106767099841113,-1.3659308385649658
2007-02-09,9.248090744018556,-0.0034408997842395,-0.541275924726278
2007-02-12,9.26801300048828,0.0021518851300795,0.090405477657307
2007-02-13,9.375595092773438,0.0115410371067181,1.1489462463936215
2007-02-14,9.367632865905762,-0.0008496111090558,-0.25560073941991446
2007-02-15,9.323796272277832,-0.0046905641806194,-0.6888417142641604
2007-02-16,9.43138027191162,0.0114725851176886,1.136981016228269
2007-02-20,9.381571769714355,-0.0052951411842998,-0.7554759833019455
2007-02-21,9.38356590270996,0.0002125359310357,-0.11819073398294433
2007-02-22,9.367632865905762,-0.0016994156838053,-0.33633072589454693
2007-02-23,9.369625091552734,0.0002126485805984,-0.11361109558841472
2007-02-26,9.439345359802246,0.0074135463982207,0.7096241670934965
2007-02-27,9.38356590270996,-0.0059267792950139,-0.8270188957170393
2007-02-28,9.552907943725586,0.0178857538889397,1.9290380345228262
2007-03-01,9.532986640930176,-0.0020875427076814,-0.3969875170218108
2007-03-02,9.415440559387209,-0.0124071077964125,-1.5840740772832684
2007-03-05,9.333758354187012,-0.0087131959451362,-1.1471725288681027
2007-03-06,9.381571769714355,0.0051095566292547,0.45114439207756835
2007-03-07,9.369625091552734,-0.001274231172171,-0.28808290299999956
2007-03-08,9.451300621032717,0.0086792800146049,0.863436851683269
2007-03-09,9.503098487854004,0.0054655381546291,0.48914199352982923
2007-03-12,9.521031379699709,0.0018852790936658,0.08700740488528777
2007-03-13,9.469232559204102,-0.005455316379522,-0.7723126502046102
2007-03-14,9.475205421447754,0.00063056633801,-0.05720143268760798
2007-03-15,9.584784507751465,0.0114984629098063,1.2181077404783967
2007-03-16,9.55489730834961,-0.0031230637981499,-0.4985670095843671
2007-03-19,9.680407524108888,0.0130501697913381,1.4078517226296938
2007-03-20,9.784008979797363,0.0106453161884116,1.1167727544634567
2007-03-21,9.909523963928224,0.0127469950688222,1.3520643825020582
2007-03-22,9.941399574279783,0.0032115017406228,0.23236066681232168
2007-03-23,9.937414169311523,-0.0004009701054664,-0.18592265253612433
2007-03-26,9.951358795166016,0.0014022612822201,0.026261184056271893
2007-03-27,9.901555061340332,-0.0050172824666352,-0.7239687332460809
2007-03-28,9.917490005493164,0.0016080439327746,0.05049110338327856
2007-03-29,9.943389892578123,0.0026081323586431,0.16573053731261492
2007-03-30,10.031048774719238,0.0087771622882742,0.8914844531202192
2007-04-02,10.184450149536133,0.0151769016336015,1.630144031820952
2007-04-03,10.17249870300293,-0.0011741885282432,-0.2933726474503377
2007-04-04,10.196406364440918,0.0023474676068872,0.11757927158059475
2007-04-05,10.23824691772461,0.0040950645138479,0.32081686115227115
2007-04-09,10.339852333068848,0.0098751823296572,0.9963758855691156
2007-04-10,10.337855339050291,-0.000193154295092,-0.20005789520300404
2007-04-11,10.30996322631836,-0.0027017023236096,-0.5011157171767968
2007-04-12,10.307974815368652,-0.0001928816501292,-0.20400716470064315
2007-04-13,10.319928169250488,0.0011589501103135,-0.040139014360403596
2007-04-16,10.343833923339844,0.0023137862938418,0.10014125967458448
2007-04-17,10.363755226135254,0.0019240587397534,0.050441374035210554
2007-04-18,10.270121574401855,-0.0090757830293726,-1.253703709882864
2007-04-19,10.25816535949707,-0.0011648527999647,-0.3100241755726095
2007-04-20,10.248205184936523,-0.0009714225462002,-0.2805790811142403
2007-04-23,10.286059379577637,0.0036869338468909,0.2775707764246432
2007-04-24,10.22230625152588,-0.0062173002531957,-0.9168424759219405
2007-04-25,10.214338302612305,-0.0007797707981077,-0.2636892519668006
2007-04-26,10.158555030822754,-0.0054762384786897,-0.8251401979512653
2007-04-27,10.160547256469728,0.0001960938652887,-0.1418698172356061
2007-04-30,10.106754302978516,-0.0053083613179902,-0.7973167246978982
2007-05-01,10.23824691772461,0.0129264623066061,1.385764728214111
2007-05-02,10.280081748962402,0.0040778067149883,0.3187873367066219
2007-05-03,10.246213912963867,-0.0032999492251751,-0.5964365648655997
2007-05-04,10.339852333068848,0.0090973248398441,0.9505792095911981
2007-05-07,10.369733810424805,0.0028857648709882,0.17657106333314151
2007-05-08,10.15058422088623,-0.0213600901753937,-2.8122677499196205
2007-05-09,10.050970077514648,-0.0098621075666902,-1.3741340934501642
2007-05-10,9.893362998962402,-0.0158050267986832,-2.091965723506836
2007-05-11,9.88339614868164,-0.0010079357340764,-0.2632823395954132
2007-05-14,9.879399299621582,-0.0004044821619497,-0.19012127180727795
2007-05-15,9.835505485534668,-0.0044528631603754,-0.707516662787494
2007-05-16,9.953213691711426,0.0118966359963835,1.333571512154289
2007-05-17,9.799595832824709,-0.0155543398363977,-2.0742599592366813
2007-05-18,9.715805053710938,-0.0085871967984964,-1.2101943055899338
2007-05-21,9.765686988830566,0.005120967533759,0.4925613013280026
2007-05-22,9.73774528503418,-0.002865313399289,-0.5063809088079653
2007-05-23,9.765686988830566,0.002865313399289,0.20472773824626664
2007-05-24,9.641992568969728,-0.0127471287235676,-1.7340577615572552
2007-05-25,9.695858001708984,0.0055709988921884,0.5497526417218072
2007-05-29,9.877406120300291,0.0185511546779308,2.140451149080493
2007-05-30,9.965185165405272,0.0088475962087811,0.9371907278956267
2007-05-31,9.977155685424805,0.0012005131741317,-0.014053519167336027
2007-06-01,10.04099464416504,0.0063781292582889,0.6258739066785054
2007-06-04,10.068926811218262,0.0027779506824952,0.17830614665652508
2007-06-05,10.050972938537598,-0.0017846885590279,-0.3910155630173225
2007-06-06,9.90334415435791,-0.0147969461533595,-1.9989428730186776
2007-06-07,9.765686988830566,-0.0139975794578611,-1.8800969379309516
2007-06-08,9.85944652557373,0.0095551197172251,1.018378889311008
2007-06-11,9.831520080566406,-0.002836474642371,-0.5042294520514453
2007-06-12,9.795609474182127,-0.0036592866374559,-0.6058057120399519
2007-06-13,9.801593780517578,0.0006107306684204,-0.08514763883700566
2007-06-14,9.709824562072754,-0.0094067887363404,-1.3127722294782282
2007-06-15,9.759696006774902,0.0051230387107825,0.4683947725487379
2007-06-18,9.669919967651367,-0.0092412200167043,-1.2982229455038863
2007-06-19,9.805585861206056,0.0139321760572616,1.543394415894019
2007-06-20,9.847477912902832,0.0042631638125994,0.35428607204976803
2007-06-21,9.861441612243652,0.0014169931192263,0.0030506794262121334
2007-06-22,9.779648780822754,-0.0083287946449155,-1.1855496535799572
2007-06-25,9.779648780822754,0.0,-0.164064424759941
2007-06-26,9.785633087158203,0.0006117270952133,-0.08736168645159362
2007-06-27,9.717801094055176,-0.0069559305275809,-1.0104468781420932
2007-06-28,9.72378635406494,0.0006157172314067,-0.0820219081830954
2007-06-29,9.667926788330078,-0.0057611949835695,-0.8603662305903909
2007-07-02,9.731765747070312,0.006581464016419,0.6613368788695022
2007-07-03,9.779648780822754,0.0049082171681112,0.45716314755979054
2007-07-05,9.73774528503418,-0.0042939708070174,-0.6766851049680669
2007-07-06,9.805585861206056,0.006942608520107,0.7034561185960756
2007-07-09,9.885382652282717,0.0081049571375475,0.8466363871743041
2007-07-10,9.793614387512209,-0.0093265860847245,-1.3057943504947043
2007-07-11,9.817554473876951,0.0024414759187278,0.1494043513418832
2007-07-12,9.98114776611328,0.0165260342299928,1.8709753441971986
2007-07-13,10.03501033782959,0.0053819220899141,0.49548135671186805
2007-07-16,9.921297073364258,-0.0113963463124712,-1.5653541864189187
2007-07-17,9.879399299621582,-0.0042319558346772,-0.6898620399057425
2007-07-18,9.847477912902832,-0.0032363373317098,-0.5629442036628898
2007-07-19,9.875411033630373,0.002832560633466,0.18630456050572214
2007-07-20,9.707823753356934,-0.0171158006641613,-2.2537592785759917
2007-07-23,9.879399299621582,0.0175195773624051,1.9891831400145947
2007-07-24,9.853464126586914,-0.0026286289433177,-0.47692245732002336
2007-07-25,9.877406120300291,0.0024268575247419,0.14763396261802417
2007-07-26,9.843491554260254,-0.0034394579834494,-0.5713689949469777
2007-07-27,9.711816787719728,-0.0134671112631178,-1.7867296891061242
2007-07-30,9.769671440124512,0.0059394664111408,0.5771050861256407
2007-07-31,9.78762912750244,0.0018364183096323,0.0792525594242533
2007-08-01,9.905332565307615,0.0119540007512714,1.3076964231933235
2007-08-02,10.05296516418457,0.0147943771165179,1.6380160494895704
2007-08-03,9.845486640930176,-0.0208544910698469,-2.6479823421628312
2007-08-06,9.977155685424805,0.0132849071107642,1.4557131129778378
2007-08-07,9.536251068115234,-0.04519760981421,-5.244622854995251
2007-08-08,9.572162628173828,0.0037587214626189,0.31576273231173846
2007-08-09,9.544184684753418,-0.0029271244070641,-0.4527018004587804
2007-08-10,9.292393684387209,-0.0267358533727664,-3.1121288884192597
2007-08-13,9.324366569519045,0.003434852910067,0.28966491779444936
2007-08-14,9.124531745910645,-0.0216644523857158,-2.510735968868901
2007-08-15,9.050591468811035,-0.0081364713892536,-0.993753134353371
2007-08-16,9.00662899017334,-0.0048692505691657,-0.6237970810992367
2007-08-17,9.094555854797363,0.0097151161038677,1.0063544956267656
2007-08-20,9.070578575134276,-0.0026399247063963,-0.3835486402412726
2007-08-21,9.086562156677246,0.0017605839936679,0.10831073789954242
2007-08-22,9.320366859436035,0.0254053544552986,2.7165645020039326
2007-08-23,9.200469970703123,-0.0129474240009039,-1.5222451586440733
2007-08-24,9.280405044555664,0.0086506263658989,0.8557899623426504
2007-08-27,9.178486824035645,-0.0110428358255011,-1.3069126688467518
2007-08-28,8.98464584350586,-0.0213452540196619,-2.403693068351913
2007-08-29,9.016620635986328,0.0035525085020608,0.30533342151102505
2007-08-30,8.920699119567871,-0.010695291391339,-1.2346540809388424
2007-08-31,8.978652000427246,0.006475439581481,0.6269753104221645
2007-09-04,9.088561058044434,0.0121668364783703,1.2495864926993536
2007-09-05,8.996637344360352,-0.0101657170983202,-1.1729558901018269
2007-09-06,8.97065544128418,-0.0028921353368585,-0.3811226189421073
2007-09-07,8.822778701782227,-0.0166218778226616,-1.8509820487630388
2007-09-10,8.682893753051758,-0.0159820111548883,-1.7628201482999573
2007-09-11,8.792801856994629,0.0125785611665216,1.288217116100587
2007-09-12,8.642926216125488,-0.0171922080694933,-1.8718046304721219
2007-09-13,8.674898147583008,0.0036923769534256,0.343926840768118
2007-09-14,8.850752830505371,0.0200689361444165,2.0642863205648525
2007-09-17,8.854751586914062,0.0004516964196452,-0.016414240016972007
2007-09-18,9.038602828979492,0.02055039072747,2.0895605304528257
2007-09-19,9.036603927612305,-0.0002211760454255,-0.0976194695884238
2007-09-20,8.992640495300293,-0.0048769120232926,-0.5826028558414016
2007-09-21,9.038602828979492,0.0050980880687181,0.468431634787972
2007-09-24,9.022613525390623,-0.0017705682111588,-0.2538646694621483
2007-09-25,9.036603927612305,0.0015493921657332,0.09260075802108911
2007-09-26,9.200469970703123,0.0179711344248593,1.8145411940530038
2007-09-27,9.392314910888672,0.0206372256955703,2.0675806066250413
2007-09-28,9.400307655334473,0.0008506258133557,0.011987182849589937
2007-10-01,9.340351104736328,-0.0063985749835345,-0.744039432634926
2007-10-02,9.306377410888672,-0.0036439347965848,-0.4573449667205066
2007-10-03,9.352346420288086,0.0049273576072553,0.43804640890768204
2007-10-04,9.434279441833496,0.0087225392808489,0.8330873548084649
2007-10-05,9.480238914489746,0.0048597127605088,0.43068294486754294
2007-10-08,9.434279441833496,-0.0048597127605088,-0.5859058298357132
2007-10-09,9.416292190551758,-0.0019084043806902,-0.28139330217811487
2007-10-10,9.356337547302246,-0.0063874745234461,-0.747380069310653
2007-10-11,9.364334106445312,0.0008543026422677,0.014837286889030544
2007-10-12,9.324366569519045,-0.0042771938564411,-0.5278819596672154
2007-10-15,9.230443954467772,-0.0101238885873074,-1.1341631138431831
2007-10-16,9.172493934631348,-0.0062979304423355,-0.7292614657207821
2007-10-17,9.226449966430664,0.0058651395169968,0.5441450377552091
2007-10-18,9.340351104736328,0.0122694875394364,1.214021671809945
2007-10-19,9.378323554992676,0.0040571785165729,0.3537265688975161
2007-10-22,9.416292190551758,0.0040403791942561,0.35195392517705437
2007-10-23,9.442269325256348,0.0027549451333018,0.22068114610223136
2007-10-24,9.460259437561035,0.0019034614851996,0.13169121526708769
2007-10-25,9.472247123718262,0.0012663603438295,0.06324502995584948
2007-10-26,9.506219863891602,0.0035801391632266,0.30624816522168974
2007-10-29,9.478243827819824,-0.0029472580081094,-0.37794800955896596
2007-10-30,9.32636547088623,-0.0161536628718985,-1.7502198209059974
2007-10-31,9.454262733459473,0.0136203366999939,1.3562981501262736
2007-11-01,9.434279441833496,-0.0021159175648533,-0.28617070899463104
2007-11-02,9.426283836364746,-0.0008478650218235,-0.15369708786979513
2007-11-05,9.262415885925291,-0.0175370306781266,-1.8754070776206966
2007-11-06,10.197654724121094,0.0961928554054599,8.375162636354958
2007-11-07,10.085566520690918,-0.0110524204312021,-1.0448464094421135
2007-11-08,10.307732582092283,0.0217890052860891,1.8353578426361203
2007-11-09,10.191650390625,-0.0113255537908925,-1.0603890219233276
2007-11-12,10.359771728515623,0.016361406752766,1.3499179254041507
2007-11-13,10.545910835266112,0.0178079835718424,1.4640882044913281
2007-11-14,10.36577606201172,-0.0172285698236741,-1.5640328980205134
2007-11-15,10.419822692871094,0.0052004037315125,0.375075141766469
2007-11-16,10.283717155456545,-0.0131482344747367,-1.201648960862476
2007-11-19,10.313739776611328,0.002915179530706,0.1854791658057359
2007-11-20,10.649986267089844,0.0320816374822974,2.653625329559265
2007-11-21,10.569931030273438,-0.0075453278636989,-0.7229032064643999
2007-11-23,10.543910026550291,-0.0024648302340713,-0.2882924126672555
2007-11-26,10.682019233703612,0.0130134379056495,1.0265641703601185
2007-11-27,10.99825382232666,0.0291746342851006,2.365773148047908
2007-11-28,11.14435863494873,0.0131969010742284,1.0122074004188255
2007-11-29,11.168380737304688,0.0021532193995934,0.08186474555364325
2007-11-30,11.232431411743164,0.0057186184647375,0.38364252402450555
2007-12-03,11.228429794311523,-0.0003563191488757,-0.12968733441742658
2007-12-04,11.154370307922363,-0.0066175595831648,-0.6557657757729558
2007-12-05,11.208410263061523,0.0048330358702416,0.3105092146086273
2007-12-06,11.25844955444336,0.0044545053942401,0.2774586827182891
2007-12-07,11.236437797546388,-0.0019570459347507,-0.26258114715875713
2007-12-10,11.228429794311523,-0.000712935746566,-0.16055033969833982
2007-12-11,11.116341590881348,-0.0100326954957515,-0.9398798086954322
2007-12-12,11.218416213989258,0.0091404916660624,0.6782603645993184
2007-12-13,11.394549369812012,0.0155783828744956,1.2157696459077085
2007-12-14,11.352520942687988,-0.0036952868542611,-0.40786409903893756
2007-12-17,11.268455505371094,-0.0074325548687885,-0.7184565685634617
2007-12-18,11.204408645629885,-0.0056999439603454,-0.5713720968937911
2007-12-19,11.108335494995115,-0.0086115579286918,-0.8155385517331647
2007-12-20,11.208410263061523,0.008968640854357,0.6590322789829876
2007-12-21,11.104334831237791,-0.0093288554293564,-0.8724750409862707
2007-12-24,11.12834930419922,0.00216028637428,0.09311893008039498
2007-12-26,11.104334831237791,-0.00216028637428,-0.26961864463956464
2007-12-27,10.952218055725098,-0.0137935595036146,-1.237299460999259
2007-12-28,10.952218055725098,0.0,-0.07929883357546862
2007-12-31,10.822123527526855,-0.0119494842785959,-1.0773620339684784
2008-01-02,10.67801284790039,-0.0134057603481246,-1.1970152823844737
2008-01-03,10.702033042907717,0.0022469741399322,0.12310413387858858
2008-01-04,10.567926406860352,-0.012610124005405,-1.1294956028561602
2008-01-07,10.6640043258667,0.0090503851036946,0.6985745523215773
2008-01-08,10.852142333984377,0.0174885221048233,1.3994080716085273
2008-01-09,11.13635540008545,0.0258525069694092,2.0865246079932365
2008-01-10,11.25844955444336,0.0109039006414769,0.8283932427764585
2008-01-11,11.066303253173828,-0.0172141700969454,-1.510734433647721
2008-01-14,11.072307586669922,0.0005424309308974,-0.02972596431013292
2008-01-15,11.00025463104248,-0.0065287582703605,-0.6181493602469831
2008-01-16,11.134358406066896,0.0121172586703173,0.9350500284481226
2008-01-17,11.060300827026367,-0.0066734842027676,-0.629724417599762
2008-01-18,10.964228630065918,-0.0087241642545049,-0.795580069376974
2008-01-22,10.712037086486816,-0.0232699604931821,-1.982271491330245
2008-01-23,10.527898788452148,-0.0173393095490307,-1.4791277568640344
2008-01-24,10.295724868774414,-0.0223000131880989,-1.865469489719358
2008-01-25,10.363779067993164,0.0065881974301863,0.49027683324316934
2008-01-28,10.447839736938477,0.0080782880826161,0.6082387537463826
2008-01-29,10.433831214904783,-0.0013417052847425,-0.15890514811831183
2008-01-30,10.42182159423828,-0.0011516898659429,-0.1426687530620903
2008-01-31,10.65199375152588,0.0218452431985959,1.7179933339895295
2008-02-01,10.672009468078612,0.0018772950111615,0.09759287083369594
2008-02-04,10.591949462890623,-0.0075301484311533,-0.666274348696685
2008-02-05,10.948214530944824,0.0330821585021318,2.5827247139365586
2008-02-06,10.808110237121582,-0.0128795862411076,-1.0969171275870693
2008-02-07,10.868244171142578,0.0055483581005639,0.4044753361981472
2008-02-08,10.798086166381836,-0.0064762466813905,-0.5772979355935866
2008-02-11,10.908334732055664,0.0101582397422695,0.7743849443091446
2008-02-12,10.924370765686035,0.0014689921517752,0.06653672581816919
2008-02-13,10.954439163208008,0.0027486336368588,0.17392126698490534
2008-02-14,10.862232208251951,-0.0084529397191571,-0.7370350286167642
2008-02-15,10.81212043762207,-0.0046240698155572,-0.4249037155566769
2008-02-19,10.762008666992188,-0.0046455512071247,-0.42195546765652436
2008-02-20,10.800092697143556,0.0035325007624285,0.2428200403635981
2008-02-21,10.661784172058104,-0.0128889416922499,-1.0912169249297432
2008-02-22,10.70989227294922,0.0045020503909736,0.3234048325065947
2008-02-25,10.81613063812256,0.0098707715955428,0.7566899656617065
2008-02-26,10.88428020477295,0.0062809677833738,0.46509371610007944
2008-02-27,10.89029598236084,0.0005525506158419,-0.003124014769523841
2008-02-28,10.87024974822998,-0.0018424390683725,-0.19249105586544346
2008-02-29,10.71590518951416,-0.014300572707143,-1.203398834819973
2008-03-03,10.625703811645508,-0.0084531503674702,-0.7289162177774706
2008-03-04,10.675817489624023,0.0047051822941838,0.34073764846095667
2008-03-05,10.591629981994627,-0.0079170711464841,-0.6854599492623624
2008-03-06,10.451308250427246,-0.0133369028569118,-1.1211211733651003
2008-03-07,10.46334171295166,0.0011507210374867,0.06087538020554214
2008-03-10,10.35710334777832,-0.0102052849401842,-0.8584585253988467
2008-03-11,10.533496856689451,0.0168877580727326,1.337179076408247
2008-03-12,10.635723114013672,0.009658083962582,0.745449307888009
2008-03-13,10.563562393188477,-0.0068078709071442,-0.5863655561212338
2008-03-14,10.471362113952637,-0.0087664559647458,-0.7388731902706485
2008-03-17,10.40320873260498,-0.0065298227218278,-0.5562670876999546
2008-03-18,10.561561584472656,0.0151068541204581,1.1947939293421226
2008-03-19,10.467352867126465,-0.0089599820122463,-0.7471264866068585
2008-03-20,10.583606719970703,0.0110451054946283,0.8735637546989172
2008-03-24,10.67381191253662,0.0084869885260932,0.6641347292804285
2008-03-25,10.832162857055664,0.0147264941950158,1.1611870575497871
2008-03-26,10.78806495666504,-0.0040793244107236,-0.35508280099398626
2008-03-27,10.685839653015137,-0.0095209583652633,-0.7921135605437327
2008-03-28,10.637731552124023,-0.0045122068955266,-0.3861679928841927
2008-03-31,10.87225341796875,0.0218067246142374,1.719199375543484
2008-04-01,11.112785339355469,0.0218822920336478,1.7125243415859397
2008-04-02,11.421480178833008,0.0273995308436833,2.1348669845145234
2008-04-03,11.517698287963867,0.0083890252263876,0.6251587435212178
2008-04-04,11.455551147460938,-0.0054104050258658,-0.4647557028200244
2008-04-07,11.391411781311035,-0.0056147099156296,-0.47773612332260684
2008-04-08,11.377381324768066,-0.0012324288119694,-0.12766815867370487
2008-04-09,11.309226989746094,-0.0060083498696213,-0.5038609324098483
2008-04-10,11.455551147460938,0.0128554885972204,0.9828114803045082
2008-04-11,11.40343952178955,-0.0045594065548115,-0.3918394978134554
2008-04-14,11.389410018920898,-0.0012310443777877,-0.12815673579731693
2008-04-15,11.285174369812012,-0.0091941163365581,-0.7527712793984185
2008-04-16,11.429498672485352,0.0127077545521251,0.9703030356803516
2008-04-17,11.329272270202637,-0.0088077735367925,-0.7244454350900129
2008-04-18,11.287181854248049,-0.0037221099573535,-0.3230033002914681
2008-04-21,11.229050636291504,-0.0051635056742085,-0.4350531587661579
2008-04-22,11.196979522705078,-0.0028601705448884,-0.25167943078620497
2008-04-23,11.277154922485352,0.0071349346157517,0.5310093044165632
2008-04-24,11.28317165374756,0.0005333904528842,0.0109010642282364
2008-04-25,11.391411781311035,0.0095473374460093,0.7154037363817067
2008-04-28,11.29920482635498,-0.0081273650781277,-0.672001470034554
2008-04-29,11.379386901855469,0.0070711982970954,0.5187819317185194
2008-04-30,11.389410018920898,0.0008804257640627,0.036034384013533344
2008-05-01,11.349318504333496,-0.0035262795006366,-0.30859869465541984
2008-05-02,11.375375747680664,0.002293298600919,0.1479378012269347
2008-05-05,11.235060691833496,-0.0124116893995242,-1.0023567873036656
2008-05-06,10.996525764465332,-0.0214599243385748,-1.6968676006963628
2008-05-07,10.88428020477295,-0.0102598180766526,-0.8278185914387151
2008-05-08,10.848145484924316,-0.0033254229108183,-0.2853727635888054
2008-05-09,10.787921905517578,-0.0055669760916711,-0.4661674136580653
2008-05-12,10.842123031616213,0.0050116622228478,0.3662098597306318
2008-05-13,10.988665580749512,0.0134255113593059,1.0231893837517714
2008-05-14,11.020782470703123,0.0029184659855783,0.19415947438223874
2008-05-15,11.261675834655762,0.0216226366187507,1.65675943050546
2008-05-16,11.460412979125977,0.0174933047864179,1.3223016507070158
2008-05-19,11.480490684509276,0.0017503853208171,0.08536489243635675
2008-05-20,11.488516807556152,0.0006988654931058,0.004247779408916936
2008-05-21,11.480490684509276,-0.0006988654931057,-0.10612353918634719
2008-05-22,11.500561714172363,0.0017467463559242,0.08616600182445382
2008-05-23,11.4503755569458,-0.0043733496913737,-0.3975375484637317
2008-05-27,11.43833065032959,-0.0010524760656182,-0.1343683569820189
2008-05-28,11.448369026184082,0.0008772235962462,0.02302102282763862
2008-05-29,11.460412979125977,0.0010514704840041,0.039257496862932444
2008-05-30,11.428290367126465,-0.0028068547705149,-0.2643967895889734
2008-06-02,11.428290367126465,0.0,-0.040601002587350284
2008-06-03,11.45238208770752,0.0021058585172081,0.12610059457134076
2008-06-04,11.520634651184082,0.005941994041964,0.4268390854747812
2008-06-05,11.482494354248049,-0.0033160994643717,-0.3093523474580016
2008-06-06,11.03483772277832,-0.0397663116178403,-3.135190559280674
2008-06-09,10.990675926208496,-0.0040100636427967,-0.3461819263476991
2008-06-10,11.024798393249512,0.0030998645652503,0.20620897189809514
2008-06-11,10.962570190429688,-0.0056603743855359,-0.47594415842503435
2008-06-12,11.048890113830566,0.0078432202782266,0.573830929919555
2008-06-13,11.109110832214355,0.0054355866128719,0.3820721012781509
2008-06-16,11.17335033416748,0.0057659411542832,0.40759401884199536
2008-06-17,11.253647804260254,0.0071608168615906,0.5115733031120969
2008-06-18,11.339969635009766,0.0076412952467135,0.5518546159227321
2008-06-19,11.370077133178713,0.0026514710528772,0.16257821961225824
2008-06-20,11.231563568115234,-0.0122571012467247,-0.9959667615954767
2008-06-23,11.181379318237305,-0.0044781565721322,-0.39086923321196754
2008-06-24,11.159300804138184,-0.0019765308098032,-0.19505963026878032
2008-06-25,11.43833065032959,0.0246967500984839,1.8653351964537597
2008-06-26,11.315879821777344,-0.0107630199505494,-0.8798816566276951
2008-06-27,11.217512130737305,-0.0087308929001835,-0.7189685346867756
2008-06-30,11.311861038208008,0.0083756843412328,0.5993228505132487
2008-07-01,11.24762725830078,-0.005694628588044,-0.4846209309325974
2008-07-02,11.24561882019043,-0.0001785814380619,-0.05666392442968928
2008-07-03,10.629337310791016,-0.0563607655957785,-4.226355020320534
2008-07-07,9.976924896240234,-0.06334293278523,-4.5300121331244085
2008-07-08,10.563091278076172,0.057091053892613,3.934574287504091
2008-07-09,10.73573398590088,0.0162118320500534,1.0955472258515198
2008-07-10,10.767849922180176,0.0029870332588054,0.18114669549189757
2008-07-11,10.924426078796388,0.0144363713536276,0.9737932417342915
2008-07-14,10.86019229888916,-0.0058971853394194,-0.4295514771883454
2008-07-15,10.73573398590088,-0.0115262192730135,-0.8188090443436199
2008-07-16,10.743760108947754,0.0007473289068153,0.02867242043327518
2008-07-17,10.956549644470217,0.0196122874321067,1.3228700736145906
2008-07-18,10.96457576751709,0.0007322729334996,0.02186247614628026
2008-07-21,10.95053005218506,-0.0012818297452708,-0.12168114649869247
2008-07-22,11.169336318969728,0.0197843332468151,1.3332463071857459
2008-07-23,11.199447631835938,0.0026922635687637,0.15091008568352376
2008-07-24,10.994691848754885,-0.0184518613736645,-1.2999042432756476
2008-07-25,10.912383079528809,-0.0075143903784056,-0.5453737463972614
2008-07-28,10.926434516906738,0.0012868315104428,0.05648887560906116
2008-07-29,11.004728317260742,0.0071399892071649,0.45970524349870434
2008-07-30,11.12517261505127,0.0108853164272892,0.7147366547683158
2008-07-31,11.014763832092283,-0.0099738044397909,-0.7161371101138615
2008-08-01,10.990675926208496,-0.0021892691779187,-0.1755365959774051
2008-08-04,11.516621589660645,0.0467440771969284,3.1337867662744276
2008-08-05,12.038552284240724,0.0443228430074917,2.914488604723906
2008-08-06,12.285466194152832,0.020302763016807,1.3111807973819696
2008-08-07,12.164841651916504,-0.0098669940384278,-0.7343027239474708
2008-08-08,12.472432136535645,0.0249708202341131,1.614607187078336
2008-08-11,12.637285232543944,0.0131308100539299,0.8090188171088748
2008-08-12,12.34577751159668,-0.0233374870275281,-1.6518036634130273
2008-08-13,12.34577751159668,0.0,-0.08143720932425619
2008-08-14,12.375932693481444,0.0024395720676567,0.08136712541773579
2008-08-15,12.26335334777832,-0.0091382622817605,-0.7035074617290633
2008-08-18,12.267373085021973,0.0003277307984044,-0.058409278527631815
2008-08-19,12.43825626373291,0.013833762458906,0.853492433710922
2008-08-20,12.331707954406738,-0.0086030779495616,-0.6652615967819551
2008-08-21,12.325675964355469,-0.0004892644078926,-0.1089204246306338
2008-08-22,12.361858367919922,0.0029312307162314,0.12009829174822326
2008-08-25,12.22917652130127,-0.0107911793688774,-0.8108209414657995
2008-08-26,12.36588191986084,0.0111166075664889,0.6779471023660567
2008-08-27,12.510626792907717,0.0116372042568288,0.7071900084852023
2008-08-28,12.59908962249756,0.007046132590758,0.3916357324994604
2008-08-29,12.564911842346191,-0.0027164043218786,-0.27945893586332105
2008-09-02,12.683523178100586,0.0093956087350399,0.5500415032135495
2008-09-03,12.88054084777832,0.0154139475041892,0.9609488896487312
2008-09-04,12.699607849121094,-0.0141465961158863,-1.0615438697377886
2008-09-05,12.735791206359863,0.0028451200287954,0.09952976585536398
2008-09-08,12.908682823181152,0.0134839370197833,0.8207917516443243
2008-09-09,12.844351768493652,-0.0049960083940841,-0.4500958960980033
2008-09-10,12.619192123413086,-0.0176853241337705,-1.3108266294766961
2008-09-11,12.76795768737793,0.0117198872568936,0.6989736772165354
2008-09-12,12.940852165222168,0.0134504152785679,0.8141865875507275
2008-09-15,12.84837532043457,-0.00717177288171,-0.5952084623307919
2008-09-16,12.79811191558838,-0.0039197156895782,-0.3701630525182541
2008-09-17,12.530735969543455,-0.0211131496720482,-1.5394466935254925
2008-09-18,12.79811191558838,0.0211131496720482,1.3505976086689928
2008-09-19,12.355831146240234,-0.0351695442177783,-2.4639739338223516
2008-09-22,12.33572769165039,-0.0016283669381903,-0.19361563727065237
2008-09-23,12.52068328857422,0.0148821976526863,0.9172056010714352
2008-09-24,12.488515853881836,-0.0025724496212887,-0.2603832226308108
2008-09-25,12.375932693481444,-0.0090558155413162,-0.6920074295148433
2008-09-26,12.309588432312012,-0.0053751687532599,-0.437459000118597
2008-09-29,12.07839584350586,-0.0189601167546549,-1.3487758242037309
2008-09-30,12.48248291015625,0.0329079050105004,2.1280436050774436
2008-10-01,12.617182731628418,0.0107332995229601,0.6379157779205795
2008-10-02,12.723730087280272,0.0084091669687772,0.4811821724761854
2008-10-03,12.695586204528809,-0.002214370672171,-0.22721107053532275
2008-10-06,12.631256103515623,-0.0050800047297625,-0.4163964874569684
2008-10-07,12.323662757873535,-0.0246531696818402,-1.7121493901280593
2008-10-08,12.269381523132324,-0.0044143638556806,-0.3637992502908443
2008-10-09,11.252127647399902,-0.0865496168577026,-5.456382293805527
2008-10-10,10.948559761047363,-0.0273493160416423,-1.7379106503353652
2008-10-13,11.616006851196287,0.0591761289487275,3.53188823527253
2008-10-14,11.847204208374023,0.0197078600729663,1.1319426295066417
2008-10-15,11.459199905395508,-0.033299015395867,-2.0505229786891905
2008-10-16,11.599924087524414,0.0122056613457671,0.6771961940493493
2008-10-17,11.437082290649414,-0.0141376450133622,-0.8950281350031426
2008-10-20,11.660235404968262,0.0193234609252752,1.1031536644743827
2008-10-21,11.857255935668944,0.0167556256150853,0.9450559206851527
2008-10-22,11.505437850952148,-0.0301202152266894,-1.831364428637703
2008-10-23,11.447134017944336,-0.0050803856530031,-0.3458084062145116
2008-10-24,11.127481460571287,-0.0283215387438968,-1.7057707236365949
2008-10-27,10.777673721313477,-0.0319411094183203,-1.8969729650438678
2008-10-28,11.199856758117676,0.0384242423684196,2.1871801173072356
2008-10-29,11.330531120300291,0.0115999625190845,0.627830223812786
2008-10-30,11.589873313903809,0.0226307753691988,1.2627357550667182
2008-10-31,11.879369735717772,0.0246715333243859,1.3695824450615948
2008-11-03,11.94772243499756,0.005737409020959,0.2764955911375384
2008-11-04,12.08241844177246,0.0112107056032652,0.5863403965488866
2008-11-05,11.674309730529783,-0.034360696518652,-2.1289809205588326
2008-11-06,11.309863090515137,-0.0317154932000404,-1.9495767047740928
2008-11-07,11.547457695007324,0.0207901148693194,1.2329874527013263
2008-11-10,11.4608793258667,-0.0075258614041875,-0.4847227244540737
2008-11-11,11.16086483001709,-0.0265259906690065,-1.621273993426451
2008-11-12,10.802462577819824,-0.0326393230766414,-1.9677361700890095
2008-11-13,11.527321815490724,0.0649459030341427,3.7747143699304804
2008-11-14,11.398455619812012,-0.01124215336033,-0.6779931583628627
2008-11-17,11.50114631652832,0.0089688358226461,0.49870145617804845
2008-11-18,11.799144744873049,0.0255803394971963,1.4590183590098251
2008-11-19,11.865592002868652,0.0056157339360927,0.30415165912840214
2008-11-20,11.334026336669922,-0.0458334021010604,-2.666321323220644
2008-11-21,11.444768905639648,0.0097233800378998,0.5431463409281126
2008-11-24,11.706525802612305,0.0226136857501887,1.2830608136429196
2008-11-25,11.438722610473633,-0.0231421274263604,-1.3460504842279921
2008-11-26,11.6561861038208,0.0188327153257357,1.0764964210408972
2008-11-28,11.968284606933594,0.0264231664896036,1.5021744050289922
2008-12-01,11.309863090515137,-0.0565850167252388,-3.1861413515670014
2008-12-02,11.394431114196776,0.0074495524077078,0.415840016523354
2008-12-03,11.53135108947754,0.0119447704781391,0.6642004108930527
2008-12-04,11.249460220336914,-0.0247493606846967,-1.3872183938784761
2008-12-05,10.935352325439451,-0.0283192734989836,-1.572275827113491
2008-12-08,10.925287246704102,-0.0009208403453481,-0.045122717007715855
2008-12-09,10.470229148864746,-0.0425441223640583,-2.3305541623574095
2008-12-10,10.391704559326172,-0.0075280615383185,-0.4004457462034758
2008-12-11,10.186328887939451,-0.0199613331641529,-1.0778834550674505
2008-12-12,10.357477188110352,0.0166621763416904,0.9379790357315394
2008-12-15,10.280963897705078,-0.0074146725160509,-0.38638002873084365
2008-12-16,10.564868927001951,0.0272402246499375,1.5066809542176578
2008-12-17,10.61520290374756,0.0047529651366948,0.2721991051863041
2008-12-18,10.947433471679688,0.0308178328555637,1.6830248601853166
2008-12-19,10.558826446533203,-0.036142902496391,-1.9433244800063048
2008-12-22,10.85279655456543,0.027460653594563,1.4852879823651288
2008-12-23,10.729975700378418,-0.0113815017431434,-0.6053446479379695
2008-12-24,10.796419143676758,0.0061732263842397,0.33850248735103344
2008-12-26,10.917230606079102,0.0111278122699463,0.60025147084783
2008-12-29,10.885014533996582,-0.0029553007337486,-0.1579079550099228
2008-12-30,11.056161880493164,0.0156008788688972,0.8354824643835195
2008-12-31,11.299797058105469,0.0217968573111556,1.15968878883298
2009-01-02,11.193081855773926,-0.0094888700949945,-0.5194079185104735
2009-01-05,11.144755363464355,-0.0043268797450863,-0.24401875615871246
2009-01-06,11.098445892333984,-0.0041639274408734,-0.23251612172829486
2009-01-07,10.911192893981934,-0.0170159554451374,-0.9165593335461819
2009-01-08,10.913203239440918,0.0001842291949228,0.014287348017543815
2009-01-09,10.74205493927002,-0.0158069566601099,-0.842995104505225
2009-01-12,10.689704895019531,-0.004885286954581,-0.2566283310257913
2009-01-13,10.617219924926758,-0.0068039147212026,-0.35866505035290497
2009-01-14,10.476273536682127,-0.0133641671312822,-0.7111452122464482
2009-01-15,10.623260498046877,0.0139329464773871,0.7621699869559677
2009-01-16,10.800447463989258,0.0165415815463846,0.896786415840649
2009-01-20,10.63936996459961,-0.015026296815887,-0.8028938109140661
2009-01-21,10.74205493927002,0.0096051375991813,0.5180743341690313
2009-01-22,10.669567108154297,-0.0067709123475289,-0.36903918236664107
2009-01-23,10.717893600463867,0.0045191502829133,0.2364370969734032
2009-01-26,10.768232345581056,0.0046857062409507,0.24590935018861212
2009-01-27,10.840720176696776,0.0067090806869248,0.35599179495457084
2009-01-28,11.102476119995115,0.0238587265451353,1.276693991140751
2009-01-29,10.97361183166504,-0.0116746909393893,-0.6417882476453493
2009-01-30,10.717893600463867,-0.0235788225336217,-1.2745127810356907
2009-02-02,10.870920181274414,0.0141767069999105,0.7606793971014691
2009-02-03,10.927301406860352,0.0051730230458333,0.2723909323458123
2009-02-04,10.86286735534668,-0.0059140651934735,-0.3193249960088127
2009-02-05,10.588573455810549,-0.0255748648764828,-1.3798265732763186
2009-02-06,10.762022018432615,0.0162480131903605,0.8803259255316199
2009-02-09,10.602688789367676,-0.0149158286813514,-0.8014594753504446
2009-02-10,10.451428413391112,-0.0143689689800138,-0.7662437637905049
2009-02-11,10.54823112487793,0.0092195206300142,0.5047755334538805
2009-02-12,10.544198036193848,-0.0003824205076081,-0.012457753442269164
2009-02-13,10.374783515930176,-0.0161975595039984,-0.8629258016949101
2009-02-17,10.302178382873535,-0.0070228336077606,-0.3680107831454899
2009-02-18,10.27192211151123,-0.0029412020401063,-0.14849716111972408
2009-02-19,10.265873908996582,-0.0005889826428749,-0.020888240030521938
2009-02-20,10.08838939666748,-0.0174399837693607,-0.9271311984975774
2009-02-23,9.868549346923828,-0.022032331256721,-1.165677397863279
2009-02-24,10.112591743469238,0.0244284879793883,1.3222619633366466
2009-02-25,9.892749786376951,-0.021979210592512,-1.1537362142985685
2009-02-26,9.785858154296877,-0.0108638460309317,-0.557264618677826
2009-02-27,9.866534233093262,0.0082103522464508,0.45860583843146485
2009-03-02,9.499460220336914,-0.0379136721698601,-1.983906832010232
2009-03-03,9.4893798828125,-0.0010617118704,-0.032491922258447034
2009-03-04,9.640644073486328,0.0158146527829721,0.8587160151463911
2009-03-05,9.459125518798828,-0.0190079800752234,-0.9810136877473158
2009-03-06,9.451056480407717,-0.000853406792296,-0.024030520217303855
2009-03-09,9.334076881408691,-0.0124546479262337,-0.6344649416509911
2009-03-10,9.442988395690918,0.0116006132015262,0.6324884919891103
2009-03-11,9.572071075439451,0.0135770979667554,0.7380674596605723
2009-03-12,9.87661838531494,0.0313205891122225,1.6634905671096836
2009-03-13,10.05410099029541,0.0178104255279634,0.9459964019387985
2009-03-16,10.24166774749756,0.018483862309076,0.9742363380268586
2009-03-17,10.336462020874023,0.0092131738864856,0.48452406803583814
2009-03-18,10.358648300170898,0.0021441091593393,0.11662884826791424
2009-03-19,10.19124984741211,-0.0162922613399811,-0.8490750673242764
2009-03-20,10.173097610473633,-0.0017827472040159,-0.08533957546331077
2009-03-23,10.396967887878418,0.021767467577598,1.1455454425245926
2009-03-24,10.449410438537598,0.0050313450583532,0.27128412114231865
2009-03-25,10.251755714416504,-0.019096579327016,-0.988792015574133
2009-03-26,10.255785942077637,0.0003930483507506,0.029113783484501693
2009-03-27,10.372767448425291,0.0113418287888388,0.5987066458138679
2009-03-30,10.50991153717041,0.0131349105712009,0.6954896277735342
2009-03-31,10.534112930297852,0.0023000737177736,0.13202387753545317
2009-04-01,10.50789737701416,-0.002491735957224,-0.11403677005502166
2009-04-02,10.842697143554688,0.0313646734446933,1.6593364275323346
2009-04-03,10.820511817932127,-0.0020482037926953,-0.09566791729553456
2009-04-06,10.9475736618042,0.0116742730616053,0.6209201603658607
2009-04-07,10.808406829833984,-0.0127936068164868,-0.6601290445041998
2009-04-08,10.899168968200684,0.0083623033831742,0.4460477035559718
2009-04-09,10.796308517456056,-0.0094822731164534,-0.48496873588012934
2009-04-13,10.620841026306152,-0.0163860664002261,-0.8434654701290513
2009-04-14,10.459491729736328,-0.0153083397096662,-0.783133740671682
2009-04-15,10.691431045532228,0.021932718107818,1.155967094521074
2009-04-16,10.719669342041016,0.0026377264475153,0.15108620613733367
2009-04-17,10.883034706115724,0.0151248175217762,0.7977512360727086
2009-04-20,10.72974967956543,-0.014184900384032,-0.7291537421791572
2009-04-21,10.772107124328612,0.0039398922559566,0.21404017348444676
2009-04-22,10.65311050415039,-0.0111082039719446,-0.5685832398111036
2009-04-23,10.568404197692873,-0.0079831018197921,-0.40258597328002427
2009-04-24,10.54016399383545,-0.0026757116304465,-0.12534453943737905
2009-04-27,10.774121284484863,0.0219539791608135,1.1530629671207622
2009-04-28,10.887064933776855,0.0104282998815136,0.5497730740115851
2009-04-29,10.951604843139648,0.005910625318888,0.3151904011313266
2009-04-30,10.97379207611084,0.0020238849610204,0.11288595366665283
2009-05-01,10.975811958312988,0.0001840472570423,0.01647275899303526
2009-05-04,11.478009223937988,0.0447390245458947,2.2995267240682273
2009-05-05,11.088757514953612,-0.0345012047426241,-1.7624571510269407
2009-05-06,11.044382095336914,-0.0040098675431979,-0.20650915632185982
2009-05-07,11.005998611450195,-0.0034814385443731,-0.18087939736757552
2009-05-08,10.886810302734377,-0.0108884599273556,-0.5590407064557041
2009-05-11,10.852465629577637,-0.0031596914117504,-0.1632481687349024
2009-05-12,10.682768821716309,-0.0157602482339721,-0.8042617128273201
2009-05-13,10.698930740356444,0.0015117527651391,0.08294429391247464
2009-05-14,10.658529281616213,-0.0037833625244105,-0.18716986659750814
2009-05-15,10.666608810424805,0.0007577469520068,0.05001803923525308
2009-05-18,10.707014083862305,0.0037808584693147,0.20852095243038204
2009-05-19,10.472670555114746,-0.0221299888590435,-1.1176551632932556
2009-05-20,10.282771110534668,-0.0182992727215553,-0.9155429442454934
2009-05-21,10.203984260559082,-0.0076915291821224,-0.37022080219458026
2009-05-22,10.23024845123291,0.0025706084008278,0.1555450734632088
2009-05-26,10.412063598632812,0.0176162291172365,0.9206565469078491
2009-05-27,10.102974891662598,-0.0301351711121942,-1.5097711414390136
2009-05-28,10.104998588562012,0.0002002869716905,0.03542857984084984
2009-05-29,10.155500411987305,0.0049852600389158,0.27830654215509737
2009-06-01,10.222166061401367,0.0065430344870822,0.3556677498991377
2009-06-02,10.357518196105955,0.0131541460683155,0.6889553939089836
2009-06-03,10.367619514465332,0.0009747890991422,0.069671151133095
2009-06-04,10.260550498962402,-0.0103809476989597,-0.5045148282110258
2009-06-05,10.11913776397705,-0.0138780341314286,-0.6796164360439679
2009-06-08,10.16560173034668,0.0045811825826122,0.2512740843599005
2009-06-09,10.167621612548828,0.0001986780132918,0.025993944338019267
2009-06-10,10.222166061401367,0.0053501860670266,0.28933134367194585
2009-06-11,10.292872428894045,0.0068931527958798,0.3657495861295176
2009-06-12,10.452469825744627,0.0153866389462211,0.7983538444178692
2009-06-15,10.424187660217283,-0.0027094550790345,-0.12569899954865524
2009-06-16,10.31307601928711,-0.0107162358508433,-0.5317878535615237
2009-06-17,10.462571144104004,0.014391629190228,0.7501798243619737
2009-06-18,10.68478775024414,0.0210167885940853,1.0838093348691336
2009-06-19,10.719133377075195,0.0032092863831227,0.1755869588470168
2009-06-22,10.904991149902344,0.0171902774059312,0.88187498046646
2009-06-23,10.83428192138672,-0.00650522928156,-0.32505287426649304
2009-06-24,10.86862850189209,0.0031651615852319,0.16658828088504937
2009-06-25,11.048422813415527,0.0164071655653605,0.8443898442818308
2009-06-26,11.141355514526367,0.0083762210772576,0.4307352192131203
2009-06-29,11.11509132385254,-0.0023601433828247,-0.11866493972958965
2009-06-30,10.971659660339355,-0.012988209985597,-0.6567465321356973
2009-07-01,11.024181365966797,0.0047756123881932,0.24782603884401852
2009-07-02,10.622163772583008,-0.0371484259311371,-1.8713686086847465
2009-07-06,10.884788513183594,0.0244235251752133,1.249651738469812
2009-07-07,10.735292434692385,-0.0138295931021757,-0.7403731956746031
2009-07-08,10.77165985107422,0.0033819251152885,0.17640361865898602
2009-07-09,10.745391845703123,-0.0024416001588692,-0.13072620622734368
2009-07-10,10.765600204467772,0.0018788872835346,0.10049849407749556
2009-07-13,10.898931503295898,0.0123088727716653,0.6587995782717252
2009-07-14,11.06256866455078,0.014902460070271,0.7922565393578217
2009-07-15,11.183778762817385,0.0108971864366938,0.5735822718056335
2009-07-16,11.19993782043457,0.0014438228222035,0.0683280739387166
2009-07-17,11.351449012756348,0.013437175562181,0.711272069937848
2009-07-20,11.395899772644045,0.0039082195368002,0.20085436795491093
2009-07-21,11.39387321472168,-0.0001778480135653,-0.01793695059157807
2009-07-22,11.591859817504885,0.0172273382832384,0.9140790298929705
2009-07-23,11.828218460083008,0.0201849596521437,1.0662556036292399
2009-07-24,11.884782791137695,0.0047707532032303,0.23869962366190803
2009-07-27,11.917108535766602,0.0027162349461806,0.1266553656472414
2009-07-28,11.88276195526123,-0.0028862849789373,-0.17226827814316065
2009-07-29,11.96356964111328,0.0067773942367059,0.34494249101962066
2009-07-30,12.066601753234863,0.0085752816162721,0.4417540027823882
2009-07-31,11.91508960723877,-0.0126358195201559,-0.692800242352968
2009-08-03,11.923169136047363,0.0006778623560536,0.018980099704547428
2009-08-04,11.917108535766602,-0.0005084337099382,-0.03489807283197333
2009-08-05,11.7554931640625,-0.0136544250399295,-0.7424660739202295
2009-08-06,11.616101264953612,-0.0119284589116139,-0.6420341715013099
2009-08-07,11.680745124816896,0.0055495945408341,0.3133246933384919
2009-08-10,11.61003875732422,-0.006071636323176,-0.3186753963147766
2009-08-11,11.59788990020752,-0.0010469575640024,-0.0389382537664852
2009-08-12,11.640414237976074,0.003659852714017,0.21529010540720644
2009-08-13,11.682941436767578,0.0036467519095121,0.2137459795062914
2009-08-14,11.559407234191896,-0.0106301964241101,-0.5724426042256958
2009-08-17,11.68901824951172,0.0111502052691231,0.6264710310646011
2009-08-18,11.55738353729248,-0.0113252898580341,-0.6121009462780498
2009-08-19,11.709269523620604,0.0130562950804631,0.7340370338257719
2009-08-20,11.836851119995115,0.010836846279036,0.6070590935997823
2009-08-21,11.938106536865234,0.0085178725059531,0.4768847396203506
2009-08-24,11.802420616149902,-0.0114308664912402,-0.6200070295632067
2009-08-25,11.721420288085938,-0.0068866855989391,-0.37051046524822867
2009-08-26,11.674839973449709,-0.0039818651067072,-0.20715231394716896
2009-08-27,11.642441749572754,-0.0027789040858952,-0.13772086289306534
2009-08-28,11.608013153076172,-0.0029615439185538,-0.14565657827005793
2009-08-31,11.569536209106444,-0.0033201939268855,-0.16533551584185657
2009-09-01,11.514856338500977,-0.0047373975951412,-0.24064381378589067
2009-09-02,11.460177421569824,-0.0047598641845164,-0.23779680627078126
2009-09-03,11.504733085632324,0.0038803303809608,0.23672626091500998
2009-09-04,11.441951751708984,-0.0054719442933996,-0.279607290043574
2009-09-08,11.227289199829102,-0.0189392286068471,-1.01769875441088
2009-09-09,11.14223289489746,-0.0076046966476596,-0.3896485618622825
2009-09-10,11.251588821411133,0.0097666934363104,0.5663687649820368
2009-09-11,11.21108627319336,-0.0036062127009399,-0.17136597016930252
2009-09-14,11.243488311767578,0.0028860097920335,0.19119849776750897
2009-09-15,11.194884300231934,-0.004332229292525,-0.21020211830501684
2009-09-16,11.29411792755127,0.0088251377597732,0.5173423468590238
2009-09-17,11.360947608947754,0.005899773287839,0.34986272207777525
2009-09-18,11.43992805480957,0.0069278709219562,0.4112312132262307
2009-09-21,11.352849006652832,-0.0076409707858993,-0.4103893231498496
2009-09-22,11.385249137878418,0.0028498560388172,0.17796789565039464
2009-09-23,11.308294296264648,-0.0067821172847621,-0.35872073275758437
2009-09-24,11.38119888305664,0.0064263081694549,0.3820617155298678
2009-09-25,11.286014556884766,-0.0083984637902282,-0.4516980195692353
2009-09-28,11.3751220703125,0.0078643868714646,0.45973295800938074
2009-09-29,11.421700477600098,0.004086400374976,0.2427061198655086
2009-09-30,11.490553855895996,0.0060101973866422,0.3595180329239235
2009-10-01,11.41562557220459,-0.0065422128709021,-0.3487223830005518
2009-10-02,11.474353790283203,0.0051313586624214,0.3145647173920629
2009-10-05,11.462200164794922,-0.0010597604722623,-0.03713689189423299
2009-10-06,11.431824684143066,-0.0026535743431965,-0.12817231699536136
2009-10-07,11.43384838104248,0.0001770074205931,0.027035606350850953
2009-10-08,11.59383773803711,0.0138956150866393,0.8037523097672098
2009-10-09,11.55738353729248,-0.0031492274588342,-0.19494363537695403
2009-10-12,11.553333282470703,-0.0003505088046235,-0.03394956013423592
2009-10-13,11.40550136566162,-0.0128781762835697,-0.7902185606862837
2009-10-14,11.273869514465332,-0.0116081993639002,-0.7055854015068711
2009-10-15,11.41562557220459,0.0124954655567326,0.7791685948631736
2009-10-16,11.243488311767578,-0.0151939367866068,-0.9380108901804484
2009-10-19,11.281967163085938,0.0034164804160777,0.21633476646248362
2009-10-20,11.26171588897705,-0.0017966256453731,-0.10368688274240463
2009-10-21,11.162484169006348,-0.0088504711387929,-0.5391873065533231
2009-10-22,11.273869514465332,0.0099290875979626,0.6307155535755222
2009-10-23,11.217164039611816,-0.005042506816835,-0.3126548592725213
2009-10-26,11.111856460571287,-0.0094324208991969,-0.5973581944147842
2009-10-27,11.154385566711426,0.0038200570896848,0.23533901967862797
2009-10-28,11.10173225402832,-0.0047315898792809,-0.3036525413320973
2009-10-29,11.249568939208984,0.0132286563377436,0.856819400261843
2009-10-30,11.51890754699707,0.0236600083795891,1.530136100712529
2009-11-02,11.808496475219728,0.0248294928586847,1.605546000908741
2009-11-03,11.624217987060549,-0.0157286333594284,-1.0072792098762793
2009-11-04,11.603960990905762,-0.0017441747206609,-0.10224499005447274
2009-11-05,11.652688026428224,0.0041903807196932,0.2736258436033628
2009-11-06,11.709524154663086,0.0048656556943605,0.31078790876994294
2009-11-09,11.91050910949707,0.0170185878691362,1.1120082162890297
2009-11-10,12.00185775756836,0.0076403220934303,0.49082082590906645
2009-11-11,12.125696182250977,0.0102654013317318,0.6574984241737326
2009-11-12,11.873963356018066,-0.0209788024932753,-1.4208901957874291
2009-11-13,11.873963356018066,0.0,-0.008129015978409461
2009-11-16,12.028250694274902,0.0129100576911846,0.8775892658342207
2009-11-17,11.97343921661377,-0.0045673094808457,-0.3268994679529302
2009-11-18,12.08103370666504,0.0089459626042346,0.6155373162247552
2009-11-19,11.878022193908691,-0.0169469425087951,-1.1757673981667363
2009-11-20,11.8272705078125,-0.0042818930166739,-0.31510193909842693
2009-11-23,12.00794792175293,0.0151608322952004,1.0584013744938245
2009-11-24,11.94501495361328,-0.0052547247099651,-0.37897108969731313
2009-11-25,11.997798919677734,0.0044091769545126,0.3013581508514143
2009-11-27,11.949071884155272,-0.0040696008402613,-0.2986710003409318
2009-11-30,11.98561954498291,0.0030539511521458,0.21997455260822094
2009-12-01,12.087121963500977,0.0084330253800171,0.6097897842141051
2009-12-02,12.245468139648438,0.0130153354637803,0.9490176827990404
2009-12-03,12.284040451049805,0.0031449748005784,0.21606614809427224
2009-12-04,12.334793090820312,0.0041230801274849,0.28246642818808754
2009-12-07,12.25156307220459,-0.0067704491056102,-0.5476436084525319
2009-12-08,12.135846138000488,-0.0094899627635816,-0.7504704978139565
2009-12-09,12.288098335266112,0.0124676150994958,0.9143977010958195
2009-12-10,12.263737678527832,-0.0019844271295108,-0.20429726544368634
2009-12-11,12.217048645019531,-0.0038143456258874,-0.35247870243251395
2009-12-14,12.24749755859375,0.0024892290290813,0.14218523989686843
2009-12-15,12.150056838989258,-0.0079877873096952,-0.6742241559300677
2009-12-16,12.0059175491333,-0.0119341905474791,-0.9762514458377275
2009-12-17,11.811029434204102,-0.0163658646067114,-1.3131549061990864
2009-12-18,11.75418758392334,-0.0048242255081075,-0.4038461636825766
2009-12-21,12.32058048248291,0.0470615068606216,3.6359121939660275
2009-12-22,12.41396713256836,0.0075511462978168,0.5539126606833692
2009-12-23,12.556071281433104,0.0113820956670493,0.8494352867266285
2009-12-24,12.556071281433104,0.0,-0.04732528338714697
2009-12-28,12.57231616973877,0.0012929512966409,0.057961246996728895
2009-12-29,12.552011489868164,-0.0016163365297787,-0.17258327227056294
2009-12-30,12.43426513671875,-0.0094249516662602,-0.7836613574049878
2009-12-31,12.27186107635498,-0.01314705495994,-1.0712571524256644
2010-01-04,12.452539443969728,0.0146156493289906,1.1268432554127237
2010-01-05,12.284040451049805,-0.0136236779546188,-1.109916841874033
2010-01-06,12.342915534973145,0.0047813620262875,0.3453930025587691
2010-01-07,12.204864501953123,-0.0112476556502878,-0.9282773450995395
2010-01-08,12.178478240966797,-0.0021642866250343,-0.2063702508940597
2010-01-11,12.125696182250977,-0.0043434630428029,-0.3841431901901585
2010-01-12,12.43426513671875,0.0251291268774056,1.9391620617865666
2010-01-13,12.59667682647705,0.0129770560949739,0.9711026969077738
2010-01-14,12.694116592407228,0.0077055904454078,0.5492870292437024
2010-01-15,12.755020141601562,0.004786305020823,0.32185501464797894
2010-01-19,12.880887031555176,0.0098196565076929,0.7244492945499483
2010-01-20,12.868703842163086,-0.000946282242771,-0.13554393893201744
2010-01-21,12.629157066345217,-0.0187901114267422,-1.5424393309665432
2010-01-22,12.53171157836914,-0.0077458355323513,-0.6653657960225351
2010-01-25,12.415993690490724,-0.0092769027475007,-0.7817172818892903
2010-01-26,12.37336254119873,-0.0034394754684806,-0.31638801096877567
2010-01-27,12.371334075927734,-0.000163951517121,-0.05457313349487879
2010-01-28,12.359156608581545,-0.0009848141297108,-0.11263253781046363
2010-01-29,12.239380836486816,-0.0097385235993805,-0.8127869089051685
2010-02-01,12.225168228149414,-0.0011618942902866,-0.1355631564641217
2010-02-02,12.610882759094238,0.0310633559528428,2.4298650868479026
2010-02-03,12.568252563476562,-0.0033861557043053,-0.31428631696501796
2010-02-04,12.367274284362791,-0.0161201832639149,-1.3225331064245691
2010-02-05,12.403812408447266,0.0029500644066603,0.18621769325585302
2010-02-08,12.324458122253418,-0.0064181244292096,-0.5592235505761115
2010-02-09,12.969473838806152,0.0510126767278984,3.922734547328642
2010-02-10,12.845355033874512,-0.0096161599200715,-0.8163765199494919
2010-02-11,13.091557502746582,0.0189852869808246,1.4138393101776767
2010-02-12,13.095627784729004,0.0003108605961669,-0.04282351423429294
2010-02-16,13.111909866333008,0.0012425496752619,0.024530790446625088
2010-02-17,13.19736671447754,0.0064963510815993,0.4317214747486881
2010-02-18,13.400837898254396,0.015299916358617,1.1128317399535397
2010-02-19,13.408976554870604,0.0006071401113533,-0.03537306735875058
2010-02-22,13.470016479492188,0.0045418390095696,0.26628630218261296
2010-02-23,13.41305160522461,-0.0042379805272032,-0.4306571047149881
2010-02-24,13.70605754852295,0.0216096586218857,1.6130117458596338
2010-02-25,13.722331047058104,0.0011866173171605,-0.008905293467923065
2010-02-26,13.669429779052734,-0.0038625726993418,-0.41363593949700034
2010-03-01,13.683669090270996,0.0010411480302514,-0.020474431433107492
2010-03-02,13.754887580871582,0.0051911367923969,0.30283168147776546
2010-03-03,13.60634994506836,-0.0108576298783878,-0.9977796049682615
2010-03-04,13.608386993408203,0.0001497018580963,-0.09918503280106669
2010-03-05,13.675533294677734,0.0049220519720783,0.28317891090094055
2010-03-08,13.734538078308104,0.0043053426581804,0.2310102596385683
2010-03-09,13.712156295776367,-0.0016309277312481,-0.2590818974541506
2010-03-10,13.738606452941896,0.0019270987544741,0.036095032789516715
2010-03-11,13.842382431030272,0.0075252173336548,0.4988249934258822
2010-03-12,13.940049171447754,0.0070308563443347,0.4715951919584932
2010-03-15,13.689775466918944,-0.0181166947715446,-1.6082704027550965
2010-03-16,13.815933227539062,0.0091732699338759,0.6661488700199445
2010-03-17,13.789478302001951,-0.0019166483794239,-0.2554997777271138
2010-03-18,13.797616004943848,0.0005899645020517,-0.045719663724923296
2010-03-19,13.809828758239746,0.0008847435318486,-0.02691449891880329
2010-03-22,13.99702262878418,0.0134640701188572,1.020683207417006
2010-03-23,14.0804443359375,0.005942270556699,0.39875979791219257
2010-03-24,13.97056484222412,-0.0078343032163094,-0.7555042811487274
2010-03-25,13.701982498168944,-0.0194120747053067,-1.728417889097151
2010-03-26,13.529029846191406,-0.0127027945516703,-1.1570085499192606
2010-03-29,13.68570613861084,0.0115142049127153,0.8729810299576086
2010-03-30,13.683669090270996,-0.0001488560353731,-0.10045867271371797
2010-03-31,13.622624397277832,-0.0044711154017069,-0.46106150232844584
2010-04-01,13.779305458068848,0.0114358929587983,0.8686967573861469
2010-04-05,13.781338691711426,0.0001475461629428,-0.06831171121833013
2010-04-06,13.746747970581056,-0.0025131233972314,-0.2941676494502368
2010-04-07,13.767097473144531,0.0014792193490832,0.04848643571997291
2010-04-08,13.791510581970217,0.0017717233876927,0.06864322836699971
2010-04-09,13.850522994995115,0.0042697656461976,0.28334033300599104
2010-04-12,13.795581817626951,-0.0039746105332686,-0.4228983439077753
2010-04-13,13.815933227539062,0.0014741250934037,0.03695797683929219
2010-04-14,13.915632247924805,0.0071903225237196,0.521848838831501
2010-04-15,13.909527778625488,-0.0004387733541462,-0.1285814428818652
2010-04-16,13.903419494628906,-0.0004392403318336,-0.12756394649961178
2010-04-19,13.854588508605955,-0.0035183386638757,-0.3891757912417291
2010-04-20,13.82814121246338,-0.0019107439515917,-0.2544954012497005
2010-04-21,13.887145042419434,0.0042578610630471,0.2834899194165653
2010-04-22,13.874938011169434,-0.0008794031782938,-0.1685420636729784
2010-04-23,13.868831634521484,-0.0004401980570439,-0.13292430301504907
2010-04-26,14.033652305603027,0.0118141874753198,0.9332014870344227
2010-04-27,14.035686492919922,0.000144940166568,-0.07957351737034561
2010-04-28,13.966501235961914,-0.0049414280345955,-0.5221142934976472
2010-04-29,13.99905776977539,0.0023283316821636,0.11926837848906051
2010-04-30,14.090619087219238,0.0065192378105985,0.48660502115278415
2010-05-03,14.0987548828125,0.0005772242993269,-0.03665928329557781
2010-05-04,14.102832794189451,0.0002891972928672,-0.0479312784548209
2010-05-05,14.110967636108398,0.0005766569565463,-0.03520430771480773
2010-05-06,13.79355239868164,-0.0227510760545822,-2.17091901318824
2010-05-07,13.586004257202148,-0.0151611013750236,-1.4636144862184717
2010-05-10,14.121140480041504,0.0386328352233152,3.368996603080409
2010-05-11,13.634840965270996,-0.0350446468281492,-3.15715828316085
2010-05-12,13.659253120422363,0.0017888237348642,0.07174761860916036
2010-05-13,13.579734802246094,-0.0058385828646708,-0.5979744113061367
2010-05-14,13.375834465026855,-0.0151289126421077,-1.4076889255123546
2010-05-17,13.687798500061035,0.0230551348181102,1.9233068990409385
2010-05-18,13.569536209106444,-0.0086775199633425,-0.8372365426057333
2010-05-19,13.589932441711426,0.0015019613749819,0.04107196256715246
2010-05-20,13.23310661315918,-0.0266074906027914,-2.4086077153849548
2010-05-21,13.235142707824709,0.000153851858115,-0.0767099395094481
2010-05-24,13.361559867858888,0.0095062996397209,0.7369636147090158
2010-05-25,13.16785717010498,-0.0146031207350812,-1.356087663974049
2010-05-26,13.371753692626951,0.0153657516180107,1.2589247546551217
2010-05-27,13.386030197143556,0.0010670917987914,-0.004302126923494113
2010-05-28,13.418651580810549,0.0024340076142205,0.11735008815795962
2010-06-01,13.44923973083496,0.0022769306965513,0.1050150280018248
2010-06-02,13.697994232177734,0.018326836843492,1.5181618921633495
2010-06-03,13.722464561462402,0.0017848232201269,0.05928294480687487
2010-06-04,13.269803047180176,-0.0335432326521846,-2.998510697032515
2010-06-07,13.361559867858888,0.0068909115960725,0.5035495429649469
2010-06-08,13.52467918395996,0.0121341863571992,0.9555328596831281
2010-06-09,13.665371894836426,0.0103489299194802,0.7959724052635299
2010-06-10,13.757126808166504,0.0066919690099031,0.47818337832927993
2010-06-11,13.950834274291992,0.0139823079320674,1.1058723735372897
2010-06-14,13.87946605682373,-0.0051288252777192,-0.5426821867962355
2010-06-15,13.987531661987305,0.0077558514168915,0.5714972291679294
2010-06-16,13.704113960266112,-0.0204702604002078,-1.86422398588928
2010-06-17,13.7836332321167,0.0057858138117906,0.40590079284233965
2010-06-18,13.5634183883667,-0.0161055463592699,-1.4775653503035704
2010-06-21,13.59196662902832,0.0021025848950883,0.10054766247027516
2010-06-22,13.339133262634276,-0.018776863613837,-1.693352685165756
2010-06-23,13.296311378479004,-0.0032154087627483,-0.34861409663410037
2010-06-24,13.222907066345217,-0.0055359474302129,-0.5461825105365546
2010-06-25,13.173970222473145,-0.0037077794771264,-0.3824241005245919
2010-06-28,13.259611129760742,0.0064797278730938,0.5026559018964063
2010-06-29,12.915019035339355,-0.0263317573230482,-2.3132468183689303
2010-06-30,12.786563873291016,-0.0099959782323175,-0.9118800106012829
2010-07-01,12.77840518951416,-0.0006382705986298,-0.1053079899582664
2010-07-02,12.770249366760254,-0.0006384542100237,-0.12034593690762996
2010-07-06,12.79675579071045,0.0020734875503516,0.12689742146397162
2010-07-07,12.945601463317873,0.0115643901573868,0.9607978874158267
2010-07-08,13.116881370544434,0.013143979737544,1.0950890739681247
2010-07-09,13.190285682678224,0.0055805706852671,0.42219866592956096
2010-07-12,13.194363594055176,0.0003091124211395,-0.04412095578383504
2010-07-13,13.343212127685549,0.011218062732933,0.9227801152056798
2010-07-14,13.416611671447754,0.0054858154812935,0.4193770441756406
2010-07-15,13.457391738891602,0.0030349105879159,0.2047091962202016
2010-07-16,13.237178802490234,-0.0164990803325638,-1.5200966502614708
2010-07-19,13.416611671447754,0.0134641697446479,1.1337883219064318
2010-07-20,13.657215118408203,0.0177743459193453,1.5040699201199024
2010-07-21,13.375834465026855,-0.0208182813404286,-1.878583143071466
2010-07-22,13.371753692626951,-0.0003051319922762,-0.07667292882896158
2010-07-23,13.500214576721191,0.0095610311378318,0.7983316216994412
2010-07-26,13.74081325531006,0.0176648940397986,1.503343499625679
2010-07-27,13.777518272399902,0.0026676790938812,0.18403900469667023
2010-07-28,13.687798500061035,-0.0065333374611253,-0.6237441757775055
2010-07-29,13.555267333984377,-0.0097296106386229,-0.8980843623884828
2010-07-30,13.512449264526367,-0.0031637766723121,-0.31757308172765636
2010-08-02,13.543031692504885,0.0022607205580478,0.1544494809789842
2010-08-03,13.231059074401855,-0.0233051229115208,-2.072250462734225
2010-08-04,13.361559867858888,0.0098148919710921,0.8167783763691915
2010-08-05,12.713160514831545,-0.0497441999421454,-4.221763861116207
2010-08-06,12.705002784729004,-0.0006418819712887,-0.08430630039055577
2010-08-09,12.81714916229248,0.0087882165717404,0.7112089100621146
2010-08-10,12.753938674926758,-0.0049439129472108,-0.44918853217770777
2010-08-11,12.460321426391602,-0.0232908298931194,-1.9762017445336169
2010-08-12,12.689324378967283,0.0182117301936433,1.4914506602391393
2010-08-13,12.664787292480469,-0.0019355514770287,-0.18829142764671752
2010-08-16,12.717952728271484,0.0041891075191937,0.3184989911075117
2010-08-17,12.789515495300291,0.005611137425593,0.4397529889776434
2010-08-18,12.74044418334961,-0.0038442185573127,-0.35470895261155905
2010-08-19,12.611628532409668,-0.0101622270460906,-0.8772965266894204
2010-08-20,12.454190254211426,-0.0125621548570091,-1.0700735602518958
2010-08-23,12.331507682800291,-0.0098995455878783,-0.8403531235651877
2010-08-24,12.341732025146484,0.0008287799293852,0.05469504869565907
2010-08-25,12.337639808654783,-0.0003316305258304,-0.04494388346926849
2010-08-26,12.36422348022461,0.0021523624774135,0.16173508019741809
2010-08-27,12.595273971557615,0.0185145627930147,1.5226574561221933
2010-08-30,12.415339469909668,-0.0143888998592431,-1.22248538271343
2010-08-31,12.519620895385742,0.0083643231771682,0.671089491527753
2010-09-01,12.648436546325684,0.0102365290671882,0.821372266587307
2010-09-02,12.818140983581545,0.0133278175372597,1.0707364796411891
2010-09-03,12.848810195922852,0.002389783400683,0.16219121738970416
2010-09-07,12.689324378967283,-0.0124901754165064,-1.0703538147901512
2010-09-08,12.938782691955566,0.0194681715020836,1.5688915909730015
2010-09-09,12.946955680847168,0.0006314665662982,0.0029703747724669355
2010-09-10,13.018525123596191,0.0055126746571783,0.4101631041191614
2010-09-13,13.063504219055176,0.0034490521774356,0.23631241410866327
2010-09-14,13.053284645080566,-0.000782605744479,-0.11431650085710608
2010-09-15,13.180051803588867,0.0096646604968209,0.7491346123682922
2010-09-16,13.14120101928711,-0.0029520488843944,-0.2954203642134008
2010-09-17,13.178006172180176,0.0027968302097348,0.1836464988097748
2010-09-20,13.220949172973633,0.0032533892428434,0.22293332789097703
2010-09-21,13.15960693359375,-0.0046505729212325,-0.4359734669198908
2010-09-22,13.08803939819336,-0.0054532670741328,-0.49984401803881284
2010-09-23,12.989897727966309,-0.0075268325932786,-0.6720518977204856
2010-09-24,13.178006172180176,0.0143772833458005,1.1454065724765223
2010-09-27,13.302735328674316,0.0094204370303624,0.7280214351269797
2010-09-28,13.292512893676758,-0.000768741499648,-0.11523452057412892
2010-09-29,13.3068208694458,0.0010758147009573,0.03902629199826089
2010-09-30,13.278199195861816,-0.0021532189610554,-0.2266898286156382
2010-10-01,13.335447311401367,0.0043021691013083,0.3065086735753187
2010-10-04,13.838438987731934,0.0370244526910348,2.9648049522128264
2010-10-05,13.985661506652832,0.010582472765768,0.7992631921004143
2010-10-06,13.977478981018066,-0.000585236545367,-0.11289417250986718
2010-10-07,14.0101957321167,0.0023379409926949,0.12501455402557005
2010-10-08,14.269866943359377,0.018364776086189,1.4291705828782837
2010-10-11,14.21058177947998,-0.0041632243990261,-0.4059794801859444
2010-10-12,14.173771858215332,-0.0025936783602712,-0.2773492288200681
2010-10-13,14.243291854858398,0.004892844386522,0.32747942431320376
2010-10-14,14.273954391479492,0.0021504564762461,0.09933122740822198
2010-10-15,14.269866943359377,-0.0002863981034709,-0.09605144010802442
2010-10-18,14.141050338745115,-0.0090681681318281,-0.8195185223432763
2010-10-19,13.936586380004885,-0.0145644432306076,-1.2611548030888102
2010-10-20,13.969298362731934,0.0023444515744218,0.12196231067316579
2010-10-21,13.901827812194824,-0.0048416186639331,-0.46814030475366686
2010-10-22,13.88342571258545,-0.0013245948814959,-0.17644347104747476
2010-10-25,13.881377220153809,-0.000147560379976,-0.08151501977371482
2010-10-26,13.711673736572266,-0.0123006059452992,-1.0770416877706972
2010-10-27,13.6912260055542,-0.0014923774495087,-0.1890620972914976
2010-10-28,13.548095703125,-0.0105091911810725,-0.9253787909584597
2010-10-29,13.464265823364258,-0.0062067989725881,-0.5675280194956548
2010-11-01,13.519475936889648,0.0040921078372755,0.28547320768879225
2010-11-02,13.501069068908691,-0.0013624352006436,-0.15767497960738008
2010-11-03,13.507204055786133,0.0004543042759257,-0.011819984834368103
2010-11-04,13.515379905700684,0.0006051123886357,2.1677595290660655e-06
2010-11-05,13.496976852416992,-0.0013625657543114,-0.16260353613848044
2010-11-08,13.529692649841309,0.0024210022179172,0.15444843729638522
2010-11-09,13.3272705078125,-0.0150743756077464,-1.2979110259930577
2010-11-10,13.507671356201172,0.0134454225408239,1.0834013617639893
2010-11-11,13.35391902923584,-0.0114478706515092,-0.9871455449101221
2010-11-12,13.454371452331545,0.0074941662768713,0.5872725836320394
2010-11-15,13.376469612121582,-0.005806903997362,-0.5266804286952594
2010-11-16,13.183765411376951,-0.0145109847121451,-1.2463992340780725
2010-11-17,13.183765411376951,0.0,-0.032029710376227025
2010-11-18,13.411322593688965,0.0171131402736054,1.3956542751743863
2010-11-19,13.396970748901367,-0.0010707019634016,-0.1299442159329533
2010-11-22,13.509723663330078,0.008381079645408,0.6587684926247142
2010-11-23,13.34981918334961,-0.0119068570950902,-1.0349674890697835
2010-11-24,13.435922622680664,0.0064290723423147,0.5005610832990095
2010-11-26,13.388771057128906,-0.0035155379350667,-0.3316870196759254
2010-11-29,13.39082145690918,0.0001531315148431,-0.025102257074071925
2010-11-30,13.376469612121582,-0.0010723420704673,-0.12664769252854233
2010-12-01,13.47487449645996,0.0073296386576002,0.5794777414346982
2010-12-02,13.542522430419922,0.0050077419014833,0.3878533063179864
2010-12-03,13.585577964782717,0.0031742414608589,0.2335255707737314
2010-12-06,13.817228317260742,0.0169074560032156,1.3801002670512525
2010-12-07,13.778280258178713,-0.0028227843554632,-0.2759622771785789
2010-12-08,13.78647518157959,0.0005945943297212,0.007440122131040271
2010-12-09,13.743428230285645,-0.0031272893139487,-0.3006511937402445
2010-12-10,13.757776260375977,0.001043447489511,0.04944104996410135
2010-12-13,13.733172416687012,-0.0017899600735591,-0.18981057642637367
2010-12-14,13.878727912902832,0.0105430515651347,0.8448285825785882
2010-12-15,13.921783447265623,0.003097465958733,0.21523951747788542
2010-12-16,13.919730186462402,-0.0001474963490819,-0.06195083508796739
2010-12-17,14.108332633972168,0.0134583182183214,1.0776602381966178
2010-12-20,14.223129272460938,0.0081038717393404,0.6206547973936164
2010-12-21,14.251832008361816,0.0020159989219349,0.12538094901742555
2010-12-22,14.48554229736328,0.0162656086266202,1.3606090924635499
2010-12-23,14.4363374710083,-0.0034026055168175,-0.34441718735393506
2010-12-27,14.389189720153809,-0.0032712527744033,-0.33178078599397587
2010-12-28,14.391240119934082,0.0001424856956713,-0.03426733157108582
2010-12-29,14.364585876464844,-0.0018538331054112,-0.20793354034690012
2010-12-30,14.344087600708008,-0.0014280199505939,-0.1738860473999085
2010-12-31,14.149334907531738,-0.013670223433363,-1.240466288727321
2011-01-03,14.212885856628418,0.0044813878279866,0.34574604214304067
2011-01-04,14.1677827835083,-0.0031784389341255,-0.3281464245492999
2011-01-05,14.214936256408691,0.0033226919673459,0.24210675526365874
2011-01-06,14.194437980651855,-0.0014430644718171,-0.17937505941100063
2011-01-07,14.093981742858888,-0.0071023168526089,-0.6741636626626578
2011-01-10,14.175985336303713,0.0058014799391738,0.45470925198445017
2011-01-11,14.163681983947754,-0.000868277879898,-0.12268186639950031
2011-01-12,14.471183776855469,0.0214782647611031,1.8455316391878935
2011-01-13,14.29078483581543,-0.0125444338763529,-1.1455971673269354
2011-01-14,14.32563304901123,0.0024355410633352,0.1738632249596196
2011-01-18,14.4260892868042,0.0069878698322982,0.5760595577508534
2011-01-19,14.385087966918944,-0.0028462111911084,-0.28967311690899655
2011-01-20,14.366636276245115,-0.0012835190718245,-0.1590377897168274
2011-01-21,14.288740158081056,-0.0054367675271325,-0.5280945139783308
2011-01-24,14.47323513031006,0.0128292650887211,1.082406088701527
2011-01-25,14.577794075012209,0.0071983264653005,0.5796924576111622
2011-01-26,14.520387649536133,-0.0039457104569467,-0.40547052048946586
2011-01-27,14.229280471801758,-0.0202518600175362,-1.8295875994192137
2011-01-28,14.132929801940918,-0.0067943252364638,-0.6480223307113324
2011-01-31,14.106285095214844,-0.001887071912588,-0.21599483034248942
2011-02-01,14.229280471801758,0.0086813971490519,0.7314767707236934
2011-02-02,14.055030822753906,-0.0123214492832202,-1.1357216379234314
2011-02-03,14.083730697631836,0.0020398825875195,0.1361917854060196
2011-02-04,14.093981742858888,0.0007275995665683,0.019720908665020985
2011-02-07,14.317432403564451,0.0157299645089522,1.3486530309511924
2011-02-08,14.606487274169922,0.0199879198454804,1.801977578798898
2011-02-09,14.76024341583252,0.0104715467494167,0.9160014146352464
2011-02-10,14.600340843200684,-0.0108924367574158,-1.0495420097791222
2011-02-11,14.948844909667969,0.0235891594178574,2.1181275994334587
2011-02-14,14.827892303466797,-0.0081240110741176,-0.7899269850510615
2011-02-15,14.821747779846191,-0.0004144754331792,-0.08031514469119277
2011-02-16,15.046252250671388,0.015033393518284,1.3377308555800191
2011-02-17,15.208975791931152,0.0107568258999673,0.939823570927852
2011-02-18,15.219271659851074,0.0006767309441113,0.017617674907155885
2011-02-22,15.180134773254396,-0.0025748468678423,-0.281064366718716
2011-02-23,15.196615219116213,0.0010850698302438,0.06238536952667608
2011-02-24,15.027710914611816,-0.0111768290262902,-1.063276007927043
2011-02-25,15.373757362365724,0.0227660973908283,2.0385907399788805
2011-02-28,15.538528442382812,0.0106606571619443,0.9268625886879275
2011-03-01,15.392289161682127,-0.0094559653895932,-0.9025456198490387
2011-03-02,15.346976280212402,-0.002948210612046,-0.3128595850898523
2011-03-03,15.688887596130373,0.0220341956966337,1.9457402969735922
2011-03-04,15.732141494750977,0.0027531832784729,0.19917676421962838
2011-03-07,15.793930053710938,0.0039198438017221,0.30508525451534396
2011-03-08,16.053455352783203,0.0162984207794299,1.4151950130145377
2011-03-09,16.030794143676758,-0.0014126066983262,-0.18283433596551546
2011-03-10,15.847479820251465,-0.0115010206803235,-1.0852067277005168
2011-03-11,15.89280128479004,0.0028557715156915,0.21067331943553472
2011-03-14,15.816587448120115,-0.0048070294934598,-0.4878369966431648
2011-03-15,15.773334503173828,-0.0027384032187181,-0.2962877050958035
2011-03-16,15.855721473693848,0.0052095868375362,0.42246826948936034
2011-03-17,16.00196647644043,0.009181208019813,0.7788353228517474
2011-03-18,16.224411010742188,0.0138053411251039,1.1899166072285476
2011-03-21,16.566326141357422,0.0208551287853403,1.8172156575844827
2011-03-22,16.296506881713867,-0.016421306264106,-1.5240523436990918
2011-03-23,16.2141170501709,-0.0050684974915353,-0.5076508836334829
2011-03-24,16.263551712036133,0.0030442271213741,0.21341900159320837
2011-03-25,16.29238510131836,0.0017713142144482,0.09359493805413446
2011-03-28,16.46540069580078,0.0105634247927103,0.890233758138524
2011-03-29,16.578683853149414,0.006856513212462,0.551666548373273
2011-03-30,16.47776222229004,-0.0061060371819622,-0.62081379565363
2011-03-31,16.341819763183594,-0.0082842759322502,-0.811275330242956
2011-04-01,16.45098114013672,0.0066576673633496,0.5388143107796534
2011-04-04,16.469518661499023,0.0011261993853861,0.037021884996387436
2011-04-05,16.3438777923584,-0.0076579383255149,-0.7537746631951023
2011-04-06,16.506593704223633,0.0099065392482079,0.8298994007450694
2011-04-07,16.407724380493164,-0.0060076967625606,-0.6026997639746073
2011-04-08,16.277969360351562,-0.0079396021260348,-0.7749249307526885
2011-04-11,16.389192581176758,0.0068095080193032,0.5524276915242685
2011-04-12,16.453041076660156,0.0038881993586392,0.2905691124046029
2011-04-13,16.481876373291016,0.0017510475951548,0.09714277190183786
2011-04-14,16.46746253967285,-0.0008749088760585,-0.13940304327772265
2011-04-15,16.65489387512207,0.0113176329457067,0.9528453664875202
2011-04-18,16.395366668701172,-0.0157053249596447,-1.4681014171939522
2011-04-19,16.298564910888672,-0.0059217130526551,-0.5873725467534228
2011-04-20,16.41185188293457,0.0069266879544391,0.5604589965002522
2011-04-21,16.42832374572754,0.0010031532328298,0.029640411747833766
2011-04-25,16.084354400634766,-0.0211598796957069,-1.9321221193455769
2011-04-26,16.242952346801758,0.0098120898131096,0.820894114195688
2011-04-27,16.380949020385742,0.008459901534413,0.6955994467418568
2011-04-28,16.846450805664062,0.0280209854339967,2.3970186504398767
2011-04-29,16.988571166992188,0.0084008337441376,0.6725281642776545
2011-05-02,16.88558578491211,-0.0060804878200758,-0.5963749331245277
2011-05-03,16.788774490356445,-0.0057498678809139,-0.5649006789080007
2011-05-04,16.844383239746094,0.0033067843649136,0.2283460673375788
2011-05-05,16.889707565307617,0.0026871542557109,0.16656776959674788
2011-05-06,16.25118637084961,-0.0385385030491208,-3.40313885063844
2011-05-09,16.294443130493164,0.002658223901513,0.18526678757233192
2011-05-10,16.953561782836914,0.0396538089826582,3.425489176264403
2011-05-11,16.73933982849121,-0.012716318916969,-1.1908626304466572
2011-05-12,17.177837371826172,0.0258584005486437,2.1755812992446733
2011-05-13,17.101306915283203,-0.0044651396810797,-0.47649264201352076
2011-05-16,17.09717559814453,-0.0002416082150514,-0.09920773740402894
2011-05-17,17.078554153442383,-0.0010897468279579,-0.17695320741629747
2011-05-18,16.97307014465332,-0.0061955544488251,-0.6249647800811923
2011-05-19,17.250232696533203,0.0161976541498191,1.3484836092821135
2011-05-20,16.993757247924805,-0.0149795771366087,-1.4163160235442267
2011-05-23,16.931703567504883,-0.0036582406329835,-0.40806447354505315
2011-05-24,16.778644561767578,-0.0090808945047443,-0.893248321418719
2011-05-25,16.578012466430664,-0.0120296536106869,-1.1466146046323988
2011-05-26,16.958595275878906,0.0226975340633717,1.9222809167056292
2011-05-27,17.03719139099121,0.0046238821249458,0.3247388341804683
2011-05-31,17.39501953125,0.0207852480677764,1.7352787577550817
2011-06-01,16.960662841796875,-0.0252872191583855,-2.2811628263904624
2011-06-02,16.857242584228516,-0.0061163208467596,-0.6046838548263189
2011-06-03,16.54285430908203,-0.0188261466218546,-1.7394426809521777
2011-06-06,16.708316802978516,0.0099523628256616,0.7998264006744774
2011-06-07,16.534576416015625,-0.0104528789212445,-0.9925957235226124
2011-06-08,16.460115432739258,-0.0045135205400163,-0.4638297507249242
2011-06-09,16.691768646240234,0.0139754943261537,1.163978163044161
2011-06-10,16.439434051513672,-0.0152327385300401,-1.398107818287142
2011-06-13,16.49320411682129,0.003265460411218,0.2272532355194988
2011-06-14,16.546985626220703,0.0032555234892808,0.22810398878314891
2011-06-15,16.23673439025879,-0.0189277176758723,-1.7287929192767324
2011-06-16,16.447711944580078,0.0129101458526763,1.074784286147981
2011-06-17,16.497344970703125,0.003013081070145,0.19769333282056126
2011-06-20,16.729001998901367,0.0139444027438212,1.1569387391009736
2011-06-21,17.17577362060547,0.0263560206699069,2.226655235273901
2011-06-22,16.815879821777344,-0.0211762130564776,-1.9277244312525175
2011-06-23,16.50975799560547,-0.0183720676744949,-1.6704424179912418
2011-06-24,16.691768646240234,0.010964102699837,0.8687501478895121
2011-06-27,16.62145233154297,-0.0042215322962422,-0.443572038647382
2011-06-28,16.654541015625,0.0019887427336917,0.08586136820495462
2011-06-29,16.675230026245117,0.0012414734713528,0.016489159354667746
2011-06-30,16.770362854003906,0.0056888263074036,0.4046858382450699
2011-07-01,17.047529220581055,0.0163920667882886,1.333615746022221
2011-07-05,16.91515350341797,-0.0077954023003473,-0.7778232699427204
2011-07-06,16.956523895263672,0.0024427731718549,0.12004760997516298
2011-07-07,17.002031326293945,0.0026801763487676,0.14477505185654352
2011-07-08,16.97307014465332,-0.0017048478092136,-0.23733223572271664
2011-07-11,17.018579483032227,0.0026776791399693,0.146292256719832
2011-07-12,17.374338150024414,0.0206886406097749,1.7155211791069995
2011-07-13,17.374338150024414,0.0,-0.08962219316509978
2011-07-14,17.26264190673828,-0.0064495594181034,-0.6493135065924602
2011-07-15,17.618408203125,0.0203995368600152,1.6801597868105398
2011-07-18,17.448795318603516,-0.0096736660001704,-0.9351441465206135
2011-07-19,17.601863861083984,0.0087341875527741,0.6765772721662293
2011-07-20,17.626672744750977,0.0014084540635778,0.027639404949038812
2011-07-21,17.585302352905273,-0.0023497921242189,-0.3030878702913943
2011-07-22,17.47361946105957,-0.0063711753728717,-0.6523305953506396
2011-07-25,17.320554733276367,-0.0087983530998628,-0.8596212470852335
2011-07-26,17.33297348022461,0.0007167378399895,-0.017186361042658478
2011-07-27,17.109582901000977,-0.0129719588330533,-1.2233381569088755
2011-07-28,16.799325942993164,-0.0182999469450807,-1.684036403451729
2011-07-29,16.687637329101562,-0.0066705975775273,-0.6598002684791078
2011-08-01,16.600765228271484,-0.0052193731972191,-0.5293804514322985
2011-08-02,16.460115432739258,-0.0085085842397028,-0.8297771578346854
2011-08-03,16.57180404663086,0.0067624916317538,0.5232807740506878
2011-08-04,15.5252046585083,-0.0652378895354421,-5.689943349724608
2011-08-05,15.943018913269045,0.0265562374847874,2.1895142599374657
2011-08-08,15.31009578704834,-0.0405085815778549,-3.4363724242951332
2011-08-09,16.50147819519043,0.0749374983289072,5.744415557026085
2011-08-10,16.534576416015625,0.0020037642078649,0.0689715500517562
2011-08-11,17.203439712524414,0.0396556184227483,2.9667487829143697
2011-08-12,17.211750030517578,0.0004829447820415,-0.05667345611325436
2011-08-15,17.402847290039062,0.0110415382981578,0.7552663847651294
2011-08-16,17.39453887939453,-0.0004775307410712,-0.1309180160570548
2011-08-17,17.182662963867188,-0.0122553911890411,-1.034585950834223
2011-08-18,16.792150497436523,-0.0229893633350581,-1.8469131786527504
2011-08-19,16.800457000732422,0.0004945435370354,-0.05319587653979439
2011-08-22,16.958330154418945,0.0093530791764378,0.6210171523052256
2011-08-23,17.456859588623047,0.0289735033993549,2.1000352008468206
2011-08-24,17.48594093322754,0.0016645117669205,0.02135397574093597
2011-08-25,17.26990509033203,-0.0124317863009931,-1.0446554067424982
2011-08-26,17.62718963623047,0.0204771791560835,1.4524012981918313
2011-08-29,17.880605697631836,0.0142740692164913,0.974071327870771
2011-08-30,18.12571907043457,0.0136152279272762,0.9213961933608573
2011-08-31,18.08833122253418,-0.0020648262694473,-0.2645059624852068
2011-09-01,18.046781539916992,-0.0022996856936248,-0.2780387536875742
2011-09-02,17.57318115234375,-0.0265934191216319,-2.097524782183447
2011-09-06,17.80582618713379,0.0131517759058068,0.8902260496190407
2011-09-07,17.909683227539062,0.0058158113851734,0.34241560632769963
2011-09-08,17.714427947998047,-0.0109620831716712,-0.9219612638056375
2011-09-09,17.51917266845703,-0.0110835835667455,-0.9247708745489364
2011-09-12,17.502561569213867,-0.0009486166719267,-0.15909141578410702
2011-09-13,17.718582153320312,0.0122666824533879,0.8325692069036698
2011-09-14,18.03432273864746,0.0176628329839811,1.2338343938193674
2011-09-15,17.85983657836914,-0.0097223357794704,-0.8211696459591218
2011-09-16,18.316822052001953,0.0252654501621641,1.7869386083999463
2011-09-19,18.33759498596191,0.0011334479095586,-0.012289613287455292
2011-09-20,18.470531463623047,0.0072232448909016,0.43841895692944516
2011-09-21,17.996931076049805,-0.0259753206367129,-2.016159360519617
2011-09-22,17.85983657836914,-0.0076468223259113,-0.6594923636400263
2011-09-23,17.760128021240234,-0.0055984793179756,-0.5027113256066179
2011-09-26,18.44976043701172,0.0380954400172183,2.6895935638300563
2011-09-27,18.645015716552734,0.0105274706085912,0.6707521867574897
2011-09-28,18.391597747802734,-0.0136849403869224,-1.0905826817082966
2011-09-29,18.483001708984375,0.0049575669829412,0.2655651196547389
2011-09-30,18.36252212524414,-0.0065397367491795,-0.568614219207097
2011-10-03,17.743505477905273,-0.0342921860147055,-2.569698813090456
2011-10-04,17.78089714050293,0.0021051262597099,0.0840205606710236
2011-10-05,17.976154327392578,0.0109214333782656,0.7227543431243904
2011-10-06,18.44976043701172,0.0260052659212992,1.8027624862070621
2011-10-07,18.33759498596191,-0.00609806262752,-0.5146282955782022
2011-10-10,18.48714828491211,0.0081224800442908,0.5134248742378961
2011-10-11,18.370830535888672,-0.0063116936356805,-0.5322348128175791
2011-10-12,18.56609344482422,0.0105728743411555,0.6897510813533317
2011-10-13,18.591005325317383,0.0013408950133541,0.02117711627461906
2011-10-14,18.669946670532227,0.0042372220298259,0.22968240746824425
2011-10-17,18.541162490844727,-0.0069218411802587,-0.5795234498676451
2011-10-18,18.23788070678711,-0.0164924713687942,-1.2716882558400646
2011-10-19,18.1423282623291,-0.0052530024916651,-0.45535959492588224
2011-10-20,18.366668701171875,0.0122897521792254,0.8088958161326075
2011-10-21,18.620094299316406,0.013703797983854,0.9054183323013433
2011-10-24,18.466384887695312,-0.0082892900665659,-0.6797210833510733
2011-10-25,18.26281356811523,-0.0110850991960129,-0.8820526166769402
2011-10-26,18.462221145629883,0.0108595969347407,0.6974513067439893
2011-10-27,18.5120792388916,0.0026969069306324,0.1052790728542387
2011-10-28,18.408214569091797,-0.0056264418881489,-0.49589695280594637
2011-10-31,18.35420799255371,-0.0029381423544279,-0.29973521367805517
2011-11-01,17.760128021240234,-0.0329029206652227,-2.4253365822388684
2011-11-02,17.772592544555664,0.0007015800438706,-0.0276452085343987
2011-11-03,17.959537506103516,0.0104637852268624,0.665533055383397
2011-11-04,18.02600479125977,0.0036941147194084,0.181495558853384
2011-11-07,17.972002029418945,-0.0030003218022923,-0.29416643482719623
2011-11-08,18.134023666381836,0.0089748301773238,0.553737636366575
2011-11-09,17.912986755371094,-0.0122639674601092,-0.95567024985146
2011-11-10,18.16739273071289,0.0141024121843951,0.9196675360094035
2011-11-11,18.22994804382324,0.0034373596187181,0.15941242585158563
2011-11-14,18.309194564819336,0.0043376302556967,0.22092632350478592
2011-11-15,18.542749404907227,0.0126754760796975,0.8099642696136531
2011-11-16,18.284170150756836,-0.0140431785666327,-1.0948716036842407
2011-11-17,18.204933166503903,-0.0043430559590448,-0.3973954095008912
2011-11-18,18.14653205871582,-0.0032131391497947,-0.31591929856628287
2011-11-21,17.833740234375,-0.0173872894549179,-1.3184100098186928
2011-11-22,18.088144302368164,0.0141645308851297,0.9240910481226717
2011-11-23,17.783689498901367,-0.0169749958059922,-1.2858669070541424
2011-11-25,17.87127113342285,0.004912741964484,0.267806782854326
2011-11-28,18.204933166503903,0.018498151561091,1.2248293407653357
2011-11-29,18.259143829345703,0.0029733758398712,0.1232397540092515
2011-11-30,18.455167770385746,0.0106784409238787,0.6681263036339619
2011-12-01,18.313364028930664,-0.007713359091422,-0.6309149936178027
2011-12-02,18.321701049804688,0.0004551388676409,-0.05180596983002523
2011-12-05,18.492704391479492,0.009290090088625,0.57693640879421
2011-12-06,18.5636043548584,0.0038266115699564,0.18753870703899073
2011-12-07,18.667865753173828,0.0056007281234613,0.3119250156785551
2011-12-08,18.555265426635746,-0.0060500375131077,-0.5134215930368449
2011-12-09,18.738773345947266,0.00984121894031,0.6103707499461851
2011-12-12,18.751283645629883,0.0006673929650085,-0.04028215867496492
2011-12-13,18.492704391479492,-0.0138859140856282,-1.0631107484177937
2011-12-14,18.367586135864254,-0.0067888090062019,-0.557841103116263
2011-12-15,18.62199592590332,0.0137559706061329,0.889690940442158
2011-12-16,18.688722610473633,0.0035768142950549,0.1740183350914509
2011-12-19,18.75961685180664,0.0037862467091444,0.1901172286161793
2011-12-20,18.86805725097656,0.0057638800152044,0.32888740658909965
2011-12-21,19.109960556030273,0.0127392944943677,0.823965928632174
2011-12-22,19.089109420776367,-0.0010917091613739,-0.15578094899432032
2011-12-23,19.18502616882324,0.0050121026831475,0.274048852039054
2011-12-27,19.276784896850582,0.0047714290913807,0.2556771888306068
2011-12-28,19.15166473388672,-0.006511873692746,-0.5415325407726986
2011-12-29,19.326833724975582,0.0091048355939102,0.560211833961834
2011-12-30,19.08493423461914,-0.0125952384443405,-0.9749935432859255
2012-01-03,18.93479347229004,-0.007898086170659,-0.6387867001557855
2012-01-04,18.69289207458496,-0.0128578054609917,-0.9849436803408715
2012-01-05,18.830528259277344,0.0073360477663251,0.43879141117982223
2012-01-06,19.126644134521484,0.0156029474296425,1.0151561192170724
2012-01-09,19.160009384155273,0.0017429184853582,0.03694069398630553
2012-01-10,18.684551239013672,-0.0251282168508474,-1.8353633380141625
2012-01-11,18.77630043029785,0.0048984137120016,0.26450633482911784
2012-01-12,18.893083572387695,0.0062004473569621,0.3612418471139292
2012-01-13,18.901426315307617,0.0004414790973723,-0.04702092863258195
2012-01-17,19.05156517028809,0.0079118737311019,0.4769810852597231
2012-01-18,19.30180931091309,0.0130495788286849,0.8358183674796529
2012-01-19,19.493663787841797,0.0098906406140644,0.6099264849857029
2012-01-20,19.322660446166992,-0.0088109552534319,-0.7007426674928486
2012-01-23,19.264280319213867,-0.003025903082214,-0.29557969004294815
2012-01-24,19.09744644165039,-0.0086979885144531,-0.6879379062494227
2012-01-25,19.143325805664062,0.0023995010210512,0.09259325778535926
2012-01-26,19.13914680480957,-0.0002183245013253,-0.09233051320799236
2012-01-27,18.9890079498291,-0.0078755256823911,-0.6360652922147474
2012-01-30,18.893083572387695,-0.005064376258459,-0.43843443311689284
2012-01-31,18.922283172607425,0.0015443248888688,0.026716943988735458
2012-02-01,19.13914680480957,0.0113955770519812,0.7204817503097084
2012-02-02,19.08076858520508,-0.0030548610277346,-0.30139299558443977
2012-02-03,19.059911727905273,-0.0010936805115983,-0.16201361330741812
2012-02-06,18.86805725097656,-0.0101168672336545,-0.7951359799359301
2012-02-07,19.864843368530273,0.0514811047325863,3.460581147401856
2012-02-08,19.84816551208496,-0.000839919104388,-0.14230480975371446
2012-02-09,19.85233688354492,0.0002101419994005,-0.06688950855151664
2012-02-10,19.781436920166016,-0.0035777586741432,-0.33158231378485
2012-02-13,19.898216247558594,0.0058861232513544,0.33091038774111514
2012-02-14,19.789777755737305,-0.005464562489921,-0.4605591619630922
2012-02-15,19.898216247558594,0.0054645624899209,0.2992654229844787
2012-02-16,19.914981842041016,0.0008422129483648,-0.018862945238964545
2012-02-17,19.818572998046875,-0.0048527766307314,-0.41225717042595267
2012-02-21,19.894023895263672,0.0037998516291929,0.1911194876302053
2012-02-22,19.831148147583008,-0.0031655394779634,-0.2950963710876006
2012-02-23,20.040727615356445,0.0105127433283526,0.6568344295617642
2012-02-24,20.06169319152832,0.0010456016200591,-0.007049202274935345
2012-02-27,19.973670959472656,-0.0043972310857046,-0.38143767415215707
2012-02-28,20.032346725463867,0.0029333491039498,0.13521682364107918
2012-02-29,20.01139259338379,-0.0010465623015776,-0.14679298244775854
2012-03-01,20.082658767700195,0.0035549537624884,0.17491509285950063
2012-03-02,20.137142181396484,0.0027092847670701,0.1213723678010998
2012-03-05,20.179059982299805,0.0020794526150022,0.07708614747880989
2012-03-06,19.910791397094727,-0.0133835661802062,-1.0080603564335853
2012-03-07,20.02815818786621,0.0058773267620076,0.3531075212876464
2012-03-08,20.212596893310547,0.0091668258517114,0.5821110996368108
2012-03-09,20.401222229003903,0.0092887936180545,0.5853965516558479
2012-03-12,20.48505592346191,0.0041008287244865,0.21853127278649484
2012-03-13,20.610809326171875,0.0061200217807874,0.35813398801267876
2012-03-14,20.43894386291504,-0.0083735688584184,-0.6637132291823864
2012-03-15,20.338350296020508,-0.0049338129479948,-0.4179721121505352
2012-03-16,20.31319236755371,-0.0012377356444652,-0.15427439273141408
2012-03-19,20.392837524414062,0.003913192158805,0.21261707711531366
2012-03-20,20.422182083129883,0.001437929666782,0.04314935178659448
2012-03-21,20.497638702392575,0.0036880271389939,0.1978613850641241
2012-03-22,20.64434242248535,0.0071316129101819,0.4396810619423844
2012-03-23,20.547931671142575,-0.0046810199004396,-0.39939168421403554
2012-03-26,20.786865234375,0.011561020853139,0.7535271876137146
2012-03-27,20.673686981201172,-0.0054595767905048,-0.4527935623944242
2012-03-28,20.707218170166016,0.0016206120277456,0.052552132971119804
2012-03-29,20.707218170166016,0.0,-0.06457285414568228
2012-03-30,20.61919403076172,-0.0042599523080886,-0.3693327132013077
2012-04-02,20.765913009643555,0.0070904537433608,0.43940473813363085
2012-04-03,20.93776512145996,0.0082416272263224,0.5191464893723448
2012-04-04,20.791059494018555,-0.0070314097379351,-0.5688749576150464
2012-04-05,20.84136009216309,0.0024164160104178,0.10629518523310681
2012-04-09,20.870695114135746,0.0014065490978034,0.0322237178026078
2012-04-10,20.62757682800293,-0.0117171658608461,-0.9019613340831883
2012-04-11,20.883275985717773,0.012319785043231,0.8086338148405461
2012-04-12,21.029983520507812,0.0070005595207548,0.42893685719042324
2012-04-13,21.004838943481445,-0.0011963690365065,-0.1536324747626083
2012-04-16,21.009031295776367,0.0001995699175039,-0.0545870141185853
2012-04-17,21.113819122314453,0.0049753538356981,0.28737616543732875
2012-04-18,21.13896751403809,0.0011903780410828,0.012999762713698598
2012-04-19,21.21861457824707,0.0037607037108691,0.19395915649826032
2012-04-20,21.352746963500977,0.0063015522293586,0.37575637059446215
2012-04-23,20.97549819946289,-0.0178253906626355,-1.338544831693936
2012-04-24,20.883275985717773,-0.0044063575561254,-0.3894241434614932
2012-04-25,21.37370491027832,0.0232127774191317,1.576353316850679
2012-04-26,21.407245635986328,0.0015680218485997,0.03607896850448481
2012-04-27,21.038368225097656,-0.017381616822476,-1.3072632731935776
2012-04-30,21.294065475463867,0.0120805886987434,0.7999853260577336
2012-05-01,21.37370491027832,0.003733006275133,0.2001967763060913
2012-05-02,21.419818878173828,0.0021551852552614,0.08508401957161095
2012-05-03,21.549760818481445,0.0060481083281185,0.3629234148032535
2012-05-04,21.604257583618164,0.0025256880413291,0.11085292952076808
2012-05-07,21.952173233032227,0.0159757373396573,1.0729267684992148
2012-05-08,22.02342987060547,0.0032407378140557,0.14843731659543197
2012-05-09,22.228822708129883,0.0092828862025682,0.6047825687329672
2012-05-10,22.39725685119629,0.0075487223863451,0.47184355710651577
2012-05-11,22.350934982299805,-0.0020703355172243,-0.23141401651834767
2012-05-14,22.39725685119629,0.0020703355172243,0.07429757927000821
2012-05-15,22.83097267150879,0.0191795752443063,1.3352816807163004
2012-05-16,22.70464515686035,-0.0055485285922524,-0.4943325097912161
2012-05-17,22.367778778076172,-0.0149480601187742,-1.1848616525153586
2012-05-18,22.25830078125,-0.0049064680354202,-0.4379871484946786
2012-05-21,22.19934463500977,-0.0026522403626287,-0.2755029925248564
2012-05-22,22.49410820007324,0.0131906496481425,0.8939773176687057
2012-05-23,22.477256774902344,-0.0007494291520386,-0.1416804362847829
2012-05-24,22.6330623626709,0.006907785637577,0.42148033238583577
2012-05-25,22.553054809570312,-0.0035412485833394,-0.34888881325055904
2012-05-29,22.784650802612305,0.0102165737934536,0.6761858756514393
2012-05-30,22.60359001159668,-0.0079783551072178,-0.6750947110110539
2012-05-31,22.418310165405273,-0.008230700678336,-0.7038495413188146
2012-06-01,22.262508392333984,-0.0069740174677402,-0.6087780367762995
2012-06-04,22.325674057006836,0.0028332936423271,0.12443541598303427
2012-06-05,22.376201629638672,0.0022606476070298,0.0834660523664464
2012-06-06,22.527795791625977,0.0067519484504292,0.4191061355879534
2012-06-07,22.62885475158691,0.0044759355471725,0.24380048298103005
2012-06-08,22.658323287963867,0.0013014076748329,0.0067404957102558186
2012-06-11,22.527795791625977,-0.0057773432220054,-0.5356333530628606
2012-06-12,22.53200340270996,0.0001867567619671,-0.08013057072686156
2012-06-13,22.54042053222656,0.0003734935412659,-0.06502811055899797
2012-06-14,22.61200714111328,0.0031708890332747,0.14218327292973904
2012-06-15,22.342517852783203,-0.0119895613002964,-1.0108133176535936
2012-06-18,22.658323287963867,0.014035765185794,0.9761817146196378
2012-06-19,22.70043182373047,0.0018566888689788,0.049405428006040586
2012-06-20,22.473054885864254,-0.0100669164448665,-0.8573798340261588
2012-06-21,22.19093132019043,-0.012633324604151,-1.0614853122191554
2012-06-22,22.51094436645508,0.0143179009059829,1.0140462462195656
2012-06-25,22.338306427001953,-0.0076986254650323,-0.6862299419987493
2012-06-26,22.67095375061035,0.0147815529101864,1.0481266714366926
2012-06-27,22.85202407836914,0.0079551598470185,0.5179758675653237
2012-06-28,22.835182189941406,-0.0007372693831055,-0.15344256118184663
2012-06-29,23.357324600219727,0.0226081971566049,1.6377085064795884
2012-07-02,23.567861557006836,0.0089733632086039,0.5924828744018555
2012-07-03,23.88367080688477,0.0133110100826471,0.9196505614645116
2012-07-05,23.887880325317383,0.00017623536786,-0.0911605645108639
2012-07-06,24.05209732055664,0.0068509684654446,0.4214409609535658
2012-07-09,23.972097396850582,-0.0033316538955487,-0.36190316767898534
2012-07-10,24.12367820739746,0.006303310863492,0.3785122452641008
2012-07-11,24.212114334106445,0.0036592438331692,0.18103607358182444
2012-07-12,24.28369140625,0.0029518892624061,0.12545905544425373
2012-07-13,24.464757919311523,0.0074286402230582,0.4673337594615337
2012-07-16,24.443700790405273,-0.0008610833693338,-0.16773728218424205
2012-07-17,24.742673873901367,0.0121568937589657,0.8363188851235845
2012-07-18,24.515287399291992,-0.0092325416614206,-0.8183806919787715
2012-07-19,24.220535278320312,-0.0120960598856631,-1.0341902537031682
2012-07-20,23.94261360168457,-0.0115409713809803,-0.9866161193780381
2012-07-23,23.8499813079834,-0.0038764335718949,-0.3951586361387639
2012-07-24,23.791034698486328,-0.0024746172319313,-0.28901507266630394
2012-07-25,23.664710998535156,-0.0053238652756313,-0.5074227462518344
2012-07-26,24.148948669433594,0.0202558947000625,1.4584539800568928
2012-07-27,24.28790283203125,0.0057375547535513,0.33152736834605984
2012-07-30,24.27527236938477,-0.0005201662732672,-0.15580404019660865
2012-07-31,24.258432388305664,-0.000693949981316,-0.17076844182569953
2012-08-01,23.95945930480957,-0.0124010778777689,-1.0774392804491701
2012-08-02,24.035261154174805,0.0031587604498194,0.13060285037530242
2012-08-03,23.887880325317383,-0.0061507359052129,-0.6449237707193346
2012-08-06,23.45416259765625,-0.0183232423257181,-1.633911467311574
2012-08-07,22.12354850769043,-0.0584054040645168,-4.809590855043594
2012-08-08,22.418310165405273,0.0132354584854558,1.038645135609658
2012-08-09,22.01223945617676,-0.0182794054788973,-1.6683599791946662
2012-08-10,21.88534927368164,-0.0057812075597097,-0.5915750207895645
2012-08-13,21.83035659790039,-0.0025159243659868,-0.3037252947879689
2012-08-14,22.096843719482425,0.012133274550637,0.981770086037387
2012-08-15,22.24488639831543,0.0066773772024112,0.5001765138823735
2012-08-16,22.42253875732422,0.0079544901063258,0.6063720914069508
2012-08-17,22.42253875732422,0.0,-0.10177365767125032
2012-08-20,22.43523597717285,0.0005661101230672,-0.05158709590170396
2012-08-21,23.581520080566406,0.0498306002230917,4.15676495954192
2012-08-22,23.34465217590332,-0.0100954288416036,-0.9728128937777858
2012-08-23,23.162757873535156,-0.007822204230935,-0.7720454239314062
2012-08-24,23.327735900878903,0.0070973098570994,0.5111299442900915
2012-08-27,23.11623764038086,-0.0091077358962361,-0.8851648746125527
2012-08-28,23.14584732055664,0.0012800842955532,0.022300477074154775
2012-08-29,23.014719009399418,-0.0056814148655897,-0.5787364864565542
2012-08-30,22.963958740234375,-0.002207992585771,-0.2754423743531742
2012-08-31,23.1543025970459,0.008254644998034,0.6339024327551891
2012-09-04,23.29812240600586,0.0061921533047034,0.44764528020397726
2012-09-05,23.044328689575195,-0.0109530785587208,-1.0568116068131217
2012-09-06,23.3869571685791,0.0147587856755078,1.205800191460257
2012-09-07,23.374258041381836,-0.0005431478823825,-0.14496032910439685
2012-09-10,23.183914184570312,-0.0081766490480281,-0.8201167427534635
2012-09-11,23.010496139526367,-0.007508218353955,-0.757977330071579
2012-09-12,22.87513542175293,-0.0058999345031397,-0.6105039235535142
2012-09-13,22.86667823791504,-0.0003697791258204,-0.11634475371389229
2012-09-14,22.57058906555176,-0.0130330621132459,-1.2366690590810843
2012-09-17,22.44792938232422,-0.0054493124602081,-0.5590239280383177
2012-09-18,22.2575740814209,-0.0085160186811304,-0.8284829062114518
2012-09-19,22.49867057800293,0.0107738632023829,0.8906747842835997
2012-09-20,22.7313232421875,0.0102876297976848,0.8429614517432251
2012-09-21,22.672101974487305,-0.0026086710860153,-0.3204877223309221
2012-09-24,22.908966064453125,0.0103931843763417,0.8451666060901566
2012-09-25,22.841293334960938,-0.0029583560721098,-0.35062181648148727
2012-09-26,22.832839965820312,-0.0003701600282802,-0.10835225917228207
2012-09-27,22.790542602539062,-0.0018541972566911,-0.2504921248072023
2012-09-28,22.837066650390625,0.002039294398137,0.11113389454641596
2012-10-01,23.031641006469727,0.0084840202881866,0.7024928503751285
2012-10-02,22.976655960083008,-0.0023902242069486,-0.3232396131088577
2012-10-03,22.98934555053711,0.0005521294156306,-0.044224706684977654
2012-10-04,23.095094680786133,0.0045893718282541,0.3407203309872251
2012-10-05,23.31504821777344,0.0094787548622266,0.8184926796858017
2012-10-08,23.09932518005371,-0.0092955942427341,-0.9765826260198985
2012-10-09,22.62557601928711,-0.0207224554384432,-2.043117098548128
2012-10-10,22.634033203125,0.0003737188226599,-0.04317372887494066
2012-10-11,22.718629837036133,0.0037306180653933,0.2787758840120685
2012-10-12,22.574817657470703,-0.0063502634839856,-0.6769713760329331
2012-10-15,22.574817657470703,0.0,-0.07166478120957924
2012-10-16,22.7313232421875,0.0069088297583783,0.5803061516042913
2012-10-17,22.61711883544922,-0.0050367617030809,-0.5630762424974561
2012-10-18,22.680564880371097,0.0028012949540497,0.1831931350247635
2012-10-19,22.278722763061523,-0.0178762982885112,-1.776017197880556
2012-10-22,22.16451835632324,-0.005139348761892,-0.5568340189398749
2012-10-23,21.771142959594727,-0.0179073625835237,-1.7640445941381424
2012-10-24,21.783838272094727,0.0005829557263264,-0.011114637128128666
2012-10-25,21.563873291015625,-0.0101489495614983,-1.0254665548946633
2012-10-26,21.191646575927734,-0.0174123070316261,-1.6999782078583492
2012-10-31,21.470823287963867,0.0130878825343424,1.1792620754634022
2012-11-01,21.66962432861328,0.0092165222607478,0.8079326966997791
2012-11-02,21.597715377807617,-0.0033239398355063,-0.395002633629656
2012-11-05,21.936105728149418,0.0155464031045049,1.4115589351586353
2012-11-06,21.910724639892575,-0.0011577161167027,-0.18710707326051265
2012-11-07,21.485767364501953,-0.0195854936583119,-1.9349529260710012
2012-11-08,21.55376243591309,0.0031596594244966,0.2326679183653413
2012-11-09,21.570764541625977,0.000788512143109,0.009536693265250109
2012-11-12,21.613256454467773,0.0019679467347076,0.11717292034647697
2012-11-13,21.73224449157715,0.0054902277466541,0.45928324915238433
2012-11-14,21.49426651000977,-0.011010853311879,-1.1183009929130627
2012-11-15,21.660003662109375,0.0076811850285236,0.6720324268339496
2012-11-16,22.12320327758789,0.0211595691585388,1.9503634088099795
2012-11-19,22.348426818847656,0.0101289503599231,0.8917798360794151
2012-11-20,22.637401580810547,0.0128475454189085,1.142599634813568
2012-11-21,22.7181396484375,0.0035602332469227,0.25450620302684085
2012-11-23,22.905120849609375,0.0081967946187344,0.690565450509219
2012-11-26,22.9433650970459,0.0016682887348164,0.06969854253625406
2012-11-27,22.90937042236328,-0.0014827765683333,-0.24065501163141198
2012-11-28,22.95186996459961,0.0018533975114285,0.08326452561882876
2012-11-29,22.95186996459961,0.0,-0.0894821381329171
2012-11-30,23.01136016845703,0.002588601232107,0.16259120978874317
2012-12-03,22.939119338989254,-0.0031442931503662,-0.39059221889656176
2012-12-04,22.807382583618164,-0.0057594401315641,-0.6466050179508508
2012-12-05,22.807382583618164,0.0,-0.08475039634120146
2012-12-06,23.05385971069336,0.0107489238359365,0.9624535778121653
2012-12-07,23.279075622558594,0.0097217102277893,0.8589205146434776
2012-12-10,23.36832618713379,0.0038266085578265,0.2858215688586669
2012-12-11,23.2620792388916,-0.0045569894206632,-0.531249389625837
2012-12-12,22.926368713378903,-0.0145368139527895,-1.4895180791165419
2012-12-13,22.726642608642575,-0.0087498008647029,-0.9222923322225909
2012-12-14,22.59065818786621,-0.0060014531552811,-0.6609617213954595
2012-12-17,22.67139434814453,0.0035675026377559,0.2659811455204331
2012-12-18,22.93486976623535,0.0115544807055362,1.0454191576785063
2012-12-19,22.62464904785156,-0.0136184718792957,-1.3957474728612551
2012-12-20,22.84987449645996,0.0099056470603342,0.8844474962699129
2012-12-21,22.684144973754883,-0.007279403683784,-0.7760086333755134
2012-12-24,22.620399475097656,-0.0028140903523027,-0.33828795243805965
2012-12-26,22.726642608642575,0.0046857886670369,0.38775660213390084
2012-12-27,22.794631958007812,0.0029871483418919,0.22366640376443386
2012-12-28,22.701147079467773,-0.0041096124558942,-0.4620813098296547
2012-12-31,22.764881134033203,0.0028035919923608,0.20583107062154035
2013-01-02,23.18560028076172,0.0183123610806803,1.7019676038155471
2013-01-03,23.35557746887207,0.0073044109359205,0.6308201262345027
2013-01-04,23.51705741882324,0.006890186104882,0.5853797066357902
2013-01-07,23.50430679321289,-0.0005423333047241,-0.141374479517051
2013-01-08,23.763530731201172,0.0109684110977015,0.9774635983190486
2013-01-09,23.695541381835938,-0.0028651801583954,-0.362905166592819
2013-01-10,23.6912899017334,-0.0001794371980057,-0.0998128464658501
2013-01-11,23.75503158569336,0.0026868983857907,0.17160439894404536
2013-01-14,23.86552047729492,0.0046403951689142,0.3650318966307571
2013-01-15,23.899518966674805,0.0014235723666229,0.04859446455518324
2013-01-16,23.835777282714844,-0.0026706327122066,-0.35547719908225905
2013-01-17,24.11200523376465,0.0115221598393567,1.0467419271203853
2013-01-18,24.222488403320312,0.0045716155756986,0.3638393320647725
2013-01-22,24.13324928283691,-0.0036909465582726,-0.45038165757645204
2013-01-23,24.175737380981445,0.0017590147106799,0.08648364554177282
2013-01-24,24.25223731994629,0.0031593310712855,0.2233142274302014
2013-01-25,24.28623390197754,0.001400809985754,0.04453498021670505
2013-01-28,24.303232192993164,0.0006996698286762,-0.024646030533547685
2013-01-29,24.477462768554688,0.0071434536387076,0.6139930520997102
2013-01-30,24.528453826904297,0.0020810171625804,0.10621668157425122
2013-01-31,24.558204650878903,0.0012121757129176,0.01711302372783416
2013-02-01,24.855669021606445,0.0120398560944172,1.0907866033716007
2013-02-04,24.81742286682129,-0.001539914705891,-0.25643290832826415
2013-02-05,25.114891052246097,0.0119149977757913,1.0775382707430294
2013-02-06,25.38686180114746,0.0107708490431999,0.9572882300812091
2013-02-07,25.0723876953125,-0.01246463950787,-1.349197788965428
2013-02-08,25.552595138549805,0.0189717336997852,1.8671795424547895
2013-02-11,25.34012222290039,-0.0083498842719138,-0.9664404646626359
2013-02-12,25.488855361938477,0.0058523138024372,0.5038097972958939
2013-02-13,25.454692840576172,-0.0013411914830685,-0.24281474049400445
2013-02-14,25.30953788757324,-0.0057188042259285,-0.6916329299697865
2013-02-15,25.56570625305176,0.0100705376361523,0.9375752577969496
2013-02-19,25.80052947998047,0.0091431602670193,0.8392058859137466
2013-02-20,25.655366897583008,-0.0056422286936078,-0.6870018848721242
2013-02-21,25.72367286682129,0.0026589056468875,0.167956344919181
2013-02-22,26.23601722717285,0.0197214789045928,1.9122154449453599
2013-02-25,26.09085273742676,-0.0055483869853729,-0.681103032346735
2013-02-26,26.26590347290039,0.0066868691040113,0.5767591270341433
2013-02-27,26.44095230102539,0.0066423795981743,0.5695362381905518
2013-02-28,26.453760147094727,0.000484276999604,-0.06480438882109284
2013-03-01,26.20612907409668,-0.0094049912365834,-1.073429953371288
2013-03-04,26.253093719482425,0.0017905205388874,0.07312025184809973
2013-03-05,26.278705596923828,0.0009751000271853,-0.009430467166564031
2013-03-06,26.07377815246582,-0.0078287972775462,-0.9064163849877417
2013-03-07,26.026805877685547,-0.001803138616637,-0.2879329512375915
2013-03-08,26.026805877685547,0.0,-0.10927544916827178
2013-03-11,26.05668830871582,0.0011474819336128,0.010624192934083532
2013-03-12,26.08658218383789,0.0011466054244323,0.013826798195188887
2013-03-13,26.146360397338867,0.0022889095136377,0.13453304463083124
2013-03-14,26.133544921875,-0.0004902639223353,-0.15026651328852839
2013-03-15,26.116474151611328,-0.0006534263976842,-0.16440968338969622
2013-03-18,26.116474151611328,0.0,-0.10058106244892338
2013-03-19,26.317138671875,0.007654078714653,0.6855705331197033
2013-03-20,26.75263023376465,0.0164124075313933,1.5760701058154372
2013-03-21,26.61599349975586,-0.0051205005111907,-0.6351125186906333
2013-03-22,27.162494659423828,0.0203248544737805,1.9581093691563654
2013-03-25,26.88497734069824,-0.0102694815286617,-1.1545962448422085
2013-03-26,27.230806350708008,0.0127812513948167,1.186390525180621
2013-03-27,27.119802474975582,-0.0040847391583378,-0.526721958817995
2013-03-28,27.593713760375977,0.0173238048015489,1.6401913042734086
2013-04-01,27.5296688079834,-0.0023236956161403,-0.3505654723805954
2013-04-02,27.55529403686523,0.0009303893261214,-0.020606159917976985
2013-04-03,27.307653427124023,-0.009027669968687,-1.0237384686573192
2013-04-04,27.20946502685547,-0.0036021165175711,-0.4755227845672964
2013-04-05,27.0087890625,-0.0074025578325851,-0.8533795158599076
2013-04-08,27.004526138305664,-0.0001578471599952,-0.11809778505438573
2013-04-09,26.953283309936523,-0.0018993670906368,-0.2966502457255861
2013-04-10,27.05148696899414,0.0036368552923395,0.2634568488225189
2013-04-11,27.294849395751953,0.008956042659859,0.7979996148711774
2013-04-12,27.282041549682617,-0.000469350528496,-0.16019292349028
2013-04-15,26.86363410949707,-0.0154551869029731,-1.6645126630261775
2013-04-16,27.21799659729004,0.0131049139838706,1.2193948432302024
2013-04-17,26.765438079833984,-0.0167669627717136,-1.7782147131955757
2013-04-18,26.466567993164062,-0.0112290799894571,-1.2146226377005627
2013-04-19,26.705657958984375,0.0089931001728987,0.8053461905025289
2013-04-22,27.06856918334961,0.0134977945215796,1.2466366194877525
2013-04-23,27.29911422729492,0.0084810097233756,0.7443947822076594
2013-04-24,26.75689125061035,-0.0200621987681611,-2.0685671887204418
2013-04-25,27.03868103027344,0.0104764145090954,0.939387184489405
2013-04-26,27.03014373779297,-0.0003157935312276,-0.13297358602345086
2013-04-29,27.29058074951172,0.0095889371772129,0.8626950790023552
2013-04-30,27.277774810791016,-0.0004693540358437,-0.14322744657860167
2013-05-01,26.85508918762207,-0.0156169166963746,-1.6620454678844339
2013-05-02,27.367427825927734,0.0188981963421785,1.7869516542449893
2013-05-03,27.26068878173828,-0.0039078477038764,-0.48627185261938344
2013-05-06,26.86790657043457,-0.014513183027009,-1.5307301093123704
2013-05-07,26.987443923950195,0.0044392079421683,0.3523096841084131
2013-05-08,27.149682998657227,0.0059936524014883,0.5051375211863307
2013-05-09,27.029617309570312,-0.0044321681879417,-0.5241659807050191
2013-05-10,27.312641143798828,0.0104164383791864,0.9516710556503704
2013-05-13,27.23116683959961,-0.0029874835589372,-0.37790899715913007
2013-05-14,27.5356388092041,0.011118965323931,1.0249446368255284
2013-05-15,27.720046997070312,0.0066747473974805,0.5789302114006714
2013-05-16,27.41128158569336,-0.0112012043834075,-1.1905120929912507
2013-05-17,27.501333236694336,0.0032798194738186,0.25371617318209194
2013-05-20,27.01675033569336,-0.0177774283817549,-1.8327822898218713
2013-05-21,26.92668914794922,-0.0033391000753745,-0.4062666945082658
2013-05-22,26.58790397644043,-0.0126615817392595,-1.3287080830881413
2013-05-23,26.806612014770508,0.008192199420939,0.7392944779383395
2013-05-24,26.86665916442871,0.0022375075485745,0.15267353394189234
2013-05-28,27.01675033569336,0.0055709748451204,0.4820388080918888
2013-05-29,26.39922142028809,-0.0231225383882996,-2.3389982020728715
2013-05-30,26.489276885986328,0.0034054872275026,0.2727590934741059
2013-05-31,26.077592849731445,-0.0156635711970832,-1.5915157106940911
2013-06-03,25.996116638183594,-0.0031292672957538,-0.36236958636236466
2013-06-04,25.858888626098633,-0.0052927709384129,-0.5767931407710684
2013-06-05,25.520109176635746,-0.0131876593091052,-1.348102809101379
2013-06-06,25.880332946777344,0.0140165980234786,1.3142869929911054
2013-06-07,26.197669982910156,0.0121871402901222,1.1285766963944546
2013-06-10,26.210533142089844,0.0004908834369805,-0.010741050203692327
2013-06-11,26.10761451721191,-0.0039343425652222,-0.43971645394299197
2013-06-12,26.14620780944824,0.0014771474137335,0.08878511762556766
2013-06-13,26.266279220581055,0.0045817944535727,0.38819771819935484
2013-06-14,26.33060836791992,0.0024461211438334,0.1786113834484529
2013-06-17,26.553598403930664,0.0084331928636246,0.7596341335279804
2013-06-18,26.50643539428711,-0.0017777230313753,-0.23505789086810927
2013-06-19,25.983257293701172,-0.0199351682233143,-1.9942581025419974
2013-06-20,25.524396896362305,-0.0178176445410069,-1.7711931988192446
2013-06-21,25.734527587890625,0.0081988403284136,0.7449494689902204
2013-06-24,25.61016082763672,-0.0048443960734183,-0.5195835609713036
2013-06-25,25.56298828125,-0.0018436449806156,-0.233741304159144
2013-06-26,25.76454162597656,0.0078536559648404,0.7130594764170886
2013-06-27,26.18051528930664,0.0160162517912712,1.4944647304685375
2013-06-28,26.46354866027832,0.0107528209956785,0.9866035300690471
2013-07-01,26.382068634033203,-0.0030837028682613,-0.3558089956159533
2013-07-02,26.382068634033203,0.0,-0.05579633805949744
2013-07-03,26.369205474853516,-0.0004876909478275,-0.09524434964195565
2013-07-05,26.47212028503418,0.0038952444446558,0.3379416945433768
2013-07-08,26.562179565429688,0.0033962687248145,0.29360042558951516
2013-07-09,26.77231216430664,0.0078798420817508,0.7323562449839442
2013-07-10,26.819482803344727,0.0017603684014678,0.1310617381624825
2013-07-11,27.166841506958008,0.0128685737209694,1.2175446500943752
2013-07-12,27.52706718444824,0.0131726144607462,1.2417494498536095
2013-07-15,27.449872970581055,-0.0028082415783921,-0.324573501447669
2013-07-16,27.2740478515625,-0.0064259183697773,-0.67552319141705
2013-07-17,27.2740478515625,0.0,-0.04235134498217473
2013-07-18,27.28691673278809,0.0004717248517234,0.00344420644753745
2013-07-19,27.381256103515625,0.0034513487273863,0.30013181340811246
2013-07-22,27.40699005126953,0.0009393967302274,0.04900002869157124
2013-07-23,27.49275779724121,0.0031245249426313,0.25926836296915035
2013-07-24,27.183992385864254,-0.0112943323281745,-1.1669107425448315
2013-07-25,27.475601196289062,0.0106700967925536,0.998175093851024
2013-07-26,27.56136703491211,0.0031166654270401,0.25012801426132086
2013-07-29,27.45415496826172,-0.0038975255878907,-0.4432185380139637
2013-07-30,27.4370059967041,-0.0006248354676449,-0.11260870545242367
2013-07-31,27.316930770874023,-0.004386001278059,-0.48300034115651375
2013-08-01,27.891578674316406,0.0208181189150214,2.0011744209256412
2013-08-02,26.92668914794922,-0.03520684725978,-3.433401103818513
2013-08-05,26.96099853515625,0.0012733666378392,0.0778286625111942
2013-08-06,26.9095401763916,-0.0019104458817929,-0.22804921230737188
2013-08-07,26.50643539428711,-0.0150933285530758,-1.493709909119511
2013-08-08,26.471969604492188,-0.0013011261723738,-0.17272552854822226
2013-08-09,26.42889404296875,-0.001628539425394,-0.24266235834569946
2013-08-12,26.39443016052246,-0.0013048738547256,-0.2036906172715043
2013-08-13,26.39443016052246,0.0,-0.0757405931715665
2013-08-14,26.23503875732422,-0.0060571346737735,-0.7123485341012304
2013-08-15,25.993791580200195,-0.009238150320458,-1.0419065042101636
2013-08-16,26.019641876220703,0.0009939854545661,0.036353979222222686
2013-08-19,26.18764305114746,0.0064359506557213,0.6090948379105128
2013-08-20,26.28241920471191,0.0036125841123409,0.31412519200362343
2013-08-21,26.21349716186523,-0.0026258073853239,-0.3417909604788765
2013-08-22,26.303956985473633,0.0034449466197189,0.29624352533385656
2013-08-23,26.377197265625,0.0027805133877239,0.2602756505470497
2013-08-26,26.222108840942383,-0.0058969931578708,-0.7097008349509698
2013-08-27,26.02394676208496,-0.0075857603724746,-0.898390200107263
2013-08-28,25.774093627929688,-0.0096472789352667,-1.1195148210607067
2013-08-29,25.713775634765625,-0.0023429992975632,-0.3089203796420949
2013-08-30,25.567304611206055,-0.0057124936201598,-0.6815772977791256
2013-09-03,25.489770889282227,-0.0030371415034197,-0.38441953006690943
2013-09-04,24.83066749572754,-0.0261977482990555,-2.9100544785593447
2013-09-05,24.404184341430664,-0.0173248747903106,-1.9136050533556808
2013-09-06,24.47742080688477,0.0029964858981461,0.3058545333956504
2013-09-09,24.985748291015625,0.0205545010605073,2.194881280397091
2013-09-10,25.39930534362793,0.0164162310163644,1.7431925801934616
2013-09-11,25.52423095703125,0.0049064096128488,0.49353976481241363
2013-09-12,25.53716087341309,0.0005064459151891,0.013322936909418085
2013-09-13,25.765474319458008,0.0089007105574301,0.9166986573415494
2013-09-16,26.00240898132324,0.0091537957973517,0.9369104449702375
2013-09-17,26.575353622436523,0.0217950438649645,2.273505765628976
2013-09-18,26.82090759277344,0.0091974867068919,0.9153718045571563
2013-09-19,26.911375045776367,0.0033673439520788,0.2849048682663953
2013-09-20,26.596895217895508,-0.0117545735377343,-1.338734130619086
2013-09-23,26.61413192749023,0.0006478623368996,-0.002018978102853287
2013-09-24,26.769214630126953,0.0058101692348358,0.5566384136098527
2013-09-25,26.278120040893555,-0.0185158640922364,-2.043297381418931
2013-09-26,26.278120040893555,0.0,-0.058370998912621166
2013-09-27,26.135950088500977,-0.0054248907099409,-0.6385590221038902
2013-09-30,25.86886405944824,-0.0102716789482045,-1.1506369818026632
2013-10-01,26.11872673034668,0.0096124706313025,0.9677490961210237
2013-10-02,26.071338653564453,-0.0018159812392118,-0.24978010882429594
2013-10-03,25.86455726623535,-0.0079629888468909,-0.8983727820975387
2013-10-04,25.830093383789062,-0.0013333637859593,-0.19177206823959453
2013-10-07,25.70516586303711,-0.0048482443780957,-0.5640413761898735
2013-10-08,25.528539657592773,-0.0068949494629718,-0.7767210879494667
2013-10-09,25.709468841552734,0.0070623328762895,0.7115016976791002
2013-10-10,26.15318489074707,0.0171116147806725,1.7643017026071177
2013-10-11,26.420278549194336,0.0101608659172835,1.0216831139700842
2013-10-14,26.450428009033203,0.0011404978321483,0.055889030449152347
2013-10-15,26.135950088500977,-0.0119605753763622,-1.335185153432236
2013-10-16,26.652894973754883,0.0195860095082732,2.0048816499988362
2013-10-17,26.85968017578125,0.0077285098210466,0.7447844587035004
2013-10-18,27.06214904785156,0.0075097535275604,0.721259452540552
2013-10-21,26.907054901123047,-0.0057475212650259,-0.6808228099408234
2013-10-22,27.49724769592285,0.0216973996743093,2.1929559128134968
2013-10-23,27.59202003479004,0.0034406858637464,0.2735802825258366
2013-10-24,27.71263313293457,0.0043617772631792,0.3670183184476819
2013-10-25,27.760025024414062,0.0017086580879237,0.07923257711725153
2013-10-28,27.777259826660156,0.0006206570179139,-0.0365997168993017
2013-10-29,27.975418090820312,0.0071085051332648,0.6480071053315438
2013-10-30,28.035734176635746,0.0021537178468351,0.11212502939989394
2013-10-31,28.06588363647461,0.00107481616098,0.0012813052851136698
2013-11-01,28.014188766479492,-0.0018436097680402,-0.30915423127153696
2013-11-04,28.083118438720703,0.0024575050164109,0.15292969908799986
2013-11-05,28.134815216064453,0.0018391566019916,0.09245472689709269
2013-11-06,28.316518783569336,0.0064375518573225,0.5880903047907086
2013-11-07,27.823305130004883,-0.0175713534241187,-2.0216681388468745
2013-11-08,27.77139663696289,-0.0018673904698311,-0.3123117197959055
2013-11-11,27.69783592224121,-0.0026523084762904,-0.39602380538412496
2013-11-12,28.10452461242676,0.0145762970230087,1.4644045024802093
2013-11-13,28.446319580078125,0.0120882060941735,1.1895302756728436
2013-11-14,28.46795082092285,0.0007601342065486,-0.038441949555401596
2013-11-15,28.528518676757812,0.0021253203634343,0.1119235835236587
2013-11-18,28.390073776245117,-0.0048646731260016,-0.6403030160870962
2013-11-19,28.048280715942383,-0.0121122326107499,-1.4204102223379187
2013-11-20,28.134811401367188,0.0030803129761321,0.242843279381514
2013-11-21,28.390073776245117,0.0090319196346179,0.8909481557158166
2013-11-22,28.28190803527832,-0.0038172609763704,-0.509315465113374
2013-11-25,28.407381057739254,0.0044266996239442,0.39155690637240503
2013-11-26,28.489580154418945,0.0028894040073893,0.2214795548191922
2013-11-27,28.42900848388672,-0.0021283624505367,-0.32571139992844134
2013-11-29,28.229991912841797,-0.0070250935646071,-0.8570528051971865
2013-12-02,28.23431968688965,0.0001532923694175,-0.07192188819717547
2013-12-03,28.597732543945312,0.0127891848417403,1.297546912987849
2013-12-04,28.56745719909668,-0.001059223202629,-0.21287809165608337
2013-12-05,28.42468643188477,-0.0050102016442933,-0.6408965070276728
2013-12-06,28.94819068908691,0.0182496961239545,1.8803616967489118
2013-12-09,28.94385528564453,-0.0001497754441907,-0.11012610158535588
2013-12-10,28.57610321044922,-0.0127871123600531,-1.46927395719252
2013-12-11,28.6107177734375,0.0012105784731534,0.04213331807064149
2013-12-12,28.329500198364254,-0.0098777233950322,-1.1631733901482897
2013-12-13,28.45064353942871,0.0042671087780564,0.3670649876726418
2013-12-16,28.433338165283203,-0.0006084445624505,-0.1655930207726691
2013-12-17,28.31219482421875,-0.0042697114195097,-0.560490834434578
2013-12-18,28.740516662597656,0.0150152332655476,1.5331821367508331
2013-12-19,28.446319580078125,-0.010289069907511,-1.218343153126793
2013-12-20,28.762147903442383,0.0110414260645107,1.1014206733084668
2013-12-23,28.653987884521484,-0.0037675871208748,-0.5110777552450327
2013-12-24,28.714553833007812,0.0021114697768099,0.12684574570692922
2013-12-26,28.6799373626709,-0.0012062647063585,-0.23194776794068
2013-12-27,28.809738159179688,0.0045156287939854,0.3905422241636994
2013-12-30,28.83137321472168,0.0007506814508706,-0.021566562293967636
2013-12-31,28.675607681274418,-0.005417287152194,-0.6894959033747639
2014-01-02,28.338159561157227,-0.0118375640453677,-1.3801255707037037
2014-01-03,28.34247779846191,0.0001523708100048,-0.06731429256295308
2014-01-06,28.42468643188477,0.002896346576649,0.23465552629602762
2014-01-07,28.524194717407227,0.0034946564282101,0.29833759706940816
2014-01-08,28.277584075927734,-0.0086832559201975,-1.026039636930102
2014-01-09,28.34680557250977,0.0024449369430383,0.18982144957833638
2014-01-10,28.459293365478516,0.0039604177052033,0.3538680304359645
2014-01-13,28.23431968688965,-0.0079365151510724,-0.9421985579094718
2014-01-14,28.528518676757812,0.0103659941167652,1.0534349927702116
2014-01-15,28.511211395263672,-0.0006068500676082,-0.14255920185195636
2014-01-16,28.558807373046875,0.0016679857426178,0.10371230558931335
2014-01-17,28.35114097595215,-0.0072981025234074,-0.8674522744362602
2014-01-21,28.359790802001953,0.0003050496913275,-0.035046944122449165
2014-01-22,28.34680557250977,-0.0004579795138256,-0.11988270441733499
2014-01-23,28.377094268798828,0.0010679343011481,0.04723970046345169
2014-01-24,28.143465042114254,-0.0082670999772859,-0.9667224570286773
2014-01-27,27.996368408203125,-0.0052403778741671,-0.63301041813112
2014-01-28,28.204036712646484,0.0073903114817694,0.7407156722363152
2014-01-29,27.533435821533203,-0.0240639993545986,-2.6375162437532174
2014-01-30,27.905513763427734,0.0134231810475887,1.382965673184565
2014-01-31,27.940120697021484,0.0012393784530504,0.077914087616933
2014-02-03,26.84986114501953,-0.0398030242503994,-4.157714628487709
2014-02-04,27.58102798461914,0.0268674950655224,2.7015286965050738
2014-02-05,27.27818298339844,-0.0110409199228094,-1.1613130503632134
2014-02-06,27.403644561767575,0.0045887931751871,0.43858505509853185
2014-02-07,27.667560577392575,0.0095846108810193,0.9424682710035784
2014-02-10,27.987714767456055,0.0115050269547053,1.1477156304523457
2014-02-11,28.108856201171875,0.0043190383989353,0.402961962424279
2014-02-12,27.879554748535156,-0.0081910785037085,-0.8805712496498875
2014-02-13,27.98822784423828,0.003890372150945,0.3619550605856751
2014-02-14,28.3881893157959,0.0141892018738363,1.410155581985682
2014-02-18,28.45775032043457,0.0024473529614834,0.20801239634488683
2014-02-19,28.501216888427734,0.0015262417336822,0.11655104909545788
2014-02-20,28.80988883972168,0.0107719064941791,1.0608807691914108
2014-02-21,28.757720947265625,-0.0018124048203226,-0.23197940262924927
2014-02-24,29.318519592285156,0.0193130984717546,1.9422273840505595
2014-02-25,29.266359329223633,-0.001780673709811,-0.23031262423159082
2014-02-26,29.314178466796875,0.0016325950560932,0.123354777303946
2014-02-27,29.453296661376953,0.0047345391016962,0.44402052048744695
2014-02-28,29.553287506103516,0.0033891451893971,0.30405596872656376
2014-03-03,29.614147186279297,0.0020572026472262,0.16238583336099127
2014-03-04,29.84455108642578,0.0077500873744027,0.7471850106691302
2014-03-05,29.66196632385254,-0.0061366500177664,-0.6821602153283101
2014-03-06,29.67934799194336,0.0005858201419475,0.007417456634016326
2014-03-07,29.744569778442383,0.0021951367441299,0.17193488446821423
2014-03-10,29.774995803833008,0.0010223874365771,0.05043464622169265
2014-03-11,29.731525421142575,-0.0014610294646115,-0.20488359484799157
2014-03-12,29.627195358276367,-0.0035152432171576,-0.4149072333169175
2014-03-13,29.527204513549805,-0.0033806763377169,-0.3985978897063281
2014-03-14,29.72717666625977,0.0067496413907742,0.6431392096379055
2014-03-17,29.88803482055664,0.0053965603969978,0.500932182384027
2014-03-18,29.81412696838379,-0.0024758865579712,-0.3092178316261996
2014-03-19,29.553287506103516,-0.0087873505368318,-0.9520420613131173
2014-03-20,29.570676803588867,0.0005882318004145,0.01975075024751908
2014-03-21,29.401121139526367,-0.005750414171,-0.6360060850174355
2014-03-24,29.52285385131836,0.0041318626246398,0.39666734824724237
2014-03-25,29.66631507873535,0.0048475594755305,0.4660324518485703
2014-03-26,29.70978355407715,0.0014641744442078,0.11733905386794796
2014-03-27,29.635873794555664,-0.0024908241322493,-0.29833524433580105
2014-03-28,29.60979652404785,-0.0008803098032857,-0.12252206024282208
2014-03-31,30.027145385742188,0.0139965485031333,1.4360372262920686
2014-04-01,29.805431365966797,-0.0074111812202,-0.8112773889940625
2014-04-02,29.80978202819824,0.0001459581201329,-0.021254702268314923
2014-04-03,29.84455108642578,0.0011656843803049,0.0841121586799631
2014-04-04,29.54458236694336,-0.010101890799688,-1.0999173552161325
2014-04-07,29.701086044311523,0.0052832230810527,0.5156664541627324
2014-04-08,29.85759162902832,0.0052555211452228,0.5095634467427449
2014-04-09,30.022789001464844,0.0055175932350586,0.5361321409230198
2014-04-10,29.657621383666992,-0.012237589275239,-1.3175825413326705
2014-04-11,29.527204513549805,-0.0044071121010049,-0.49472779817026286
2014-04-14,29.705446243286133,0.0060183788996317,0.5917039837990137
2014-04-15,29.753257751464844,0.0016082260551078,0.13259977012327875
2014-04-16,30.031496047973633,0.0093080689542766,0.9398496223922802
2014-04-17,30.074960708618164,0.001446256211596,0.10002036203595494
2014-04-21,30.127134323120117,0.0017332827881292,0.1338740598104294
2014-04-22,29.79238510131836,-0.0111734108571061,-1.2335857647483488
2014-04-23,29.748912811279297,-0.0014602401790954,-0.1925916434764693
2014-04-24,29.744569778442383,-0.000146000289631,-0.061106979421455675
2014-04-25,29.870634078979492,0.0042292730809167,0.41472412079471976
2014-04-28,30.240169525146484,0.012295297329421,1.277635724234906
2014-04-29,30.018451690673828,-0.0073589083376015,-0.8346411808534464
2014-04-30,30.001062393188477,-0.0005794548069022,-0.10324606521845213
2014-05-01,29.592405319213867,-0.0137150427865031,-1.523104572988343
2014-05-02,29.796743392944336,0.0068813540687659,0.7118686809711255
2014-05-05,29.627195358276367,-0.0057064037932888,-0.656415745715863
2014-05-06,29.44025421142578,-0.0063297729080139,-0.7307696253579085
2014-05-07,29.579364776611328,0.0047140535701092,0.47496965134182645
2014-05-08,29.579360961914062,-1.2896482192198737e-07,-0.03717856146234738
2014-05-09,29.7409610748291,0.0054484030809649,0.5538439757669468
2014-05-12,29.63176918029785,-0.0036781875169747,-0.43809884750827327
2014-05-13,29.63176918029785,0.0,-0.03671395047938116
2014-05-14,29.452720642089844,-0.0060607813261805,-0.6942332180727262
2014-05-15,29.518224716186523,0.0022215720178588,0.216560426196346
2014-05-16,29.5837345123291,0.0022168409922805,0.2108430599753752
2014-05-19,29.60556983947754,0.0007378133052279,0.049052741062501036
2014-05-20,29.636146545410156,0.0010322695058031,0.07385689058790058
2014-05-21,29.810829162597656,0.0058769388308961,0.6075704058804989
2014-05-22,29.723487854003903,-0.0029341521204083,-0.376307074494258
2014-05-23,29.837034225463867,0.0038128110719176,0.3780191304504337
2014-05-27,29.749692916870117,-0.0029315713526889,-0.3721734395442981
2014-05-28,29.77589988708496,0.0008805278762837,0.0552193292077301
2014-05-29,30.085960388183594,0.0103592929625583,1.1112371650977038
2014-05-30,30.234453201293945,0.0049234779484163,0.49658165571798063
2014-06-02,30.06849479675293,-0.0055041694987846,-0.6891417658117699
2014-06-03,29.9724178314209,-0.0032003859745592,-0.4275176736939154
2014-06-04,30.25192642211914,0.0092823126947228,0.9822310883878698
2014-06-05,30.36547088623047,0.0037462709370095,0.34830794203383725
2014-06-06,30.33489227294922,-0.0010075266201548,-0.18748963818654182
2014-06-09,30.56636619567871,0.007601650382734,0.8019571409304778
2014-06-10,30.36547088623047,-0.006594123762579,-0.8224591418763257
2014-06-11,30.374204635620117,0.0002875797203328,-0.03589207539120356
2014-06-12,30.260650634765625,-0.0037455068739093,-0.49564040561261835
2014-06-13,30.195144653320312,-0.0021670712218377,-0.3117736649229979
2014-06-16,30.404781341552734,0.0069187386303652,0.7268444325828275
2014-06-17,30.321796417236328,-0.0027330694083188,-0.3737423093427825
2014-06-18,30.444076538085938,0.0040246368547759,0.3983634013684709
2014-06-19,30.741050720214844,0.0097074739417071,1.0456665440886945
2014-06-20,30.596933364868164,-0.0046991313031953,-0.6320452678264817
2014-06-23,30.3436336517334,-0.0083130559580745,-1.0452606404619502
2014-06-24,30.286865234375,-0.0018726032274256,-0.2960658680099074
2014-06-25,30.396032333374023,0.0035979566283493,0.33950878687289193
2014-06-26,30.30869483947754,-0.0028774547955322,-0.4112401688314533
2014-06-27,30.34799575805664,0.0012958479498807,0.08340119387645792
2014-06-30,30.548891067504883,0.0065979083236552,0.7097515868328181
2014-07-01,30.64934539794922,0.003282918805088,0.31653028310264875
2014-07-02,30.16020965576172,-0.0160878102612802,-1.9422101320588339
2014-07-03,29.762800216674805,-0.0132641957259406,-1.598115831318934
2014-07-07,29.618671417236328,-0.0048543452528716,-0.615972984380344
2014-07-08,29.526954650878903,-0.0031013904482989,-0.40920596066816184
2014-07-09,29.77589988708496,0.0083957745531679,0.926432205313826
2014-07-10,29.714757919311523,-0.0020555156576085,-0.286049830215845
2014-07-11,29.57499885559082,-0.0047144508657318,-0.5889011071919442
2014-07-14,29.47455596923828,-0.0034019895162202,-0.42999841747767226
2014-07-15,29.749692916870117,0.0092914281632769,1.0482610305469293
2014-07-16,29.63176918029785,-0.0039717409247063,-0.5028492328131873
2014-07-17,29.44834899902344,-0.0062092215192388,-0.7606975224505333
2014-07-18,29.60120010375977,0.0051770571816578,0.5665175865621783
2014-07-21,29.535680770874023,-0.0022158544287455,-0.29372108437938704
2014-07-22,29.133901596069336,-0.0136965507362669,-1.6184662214381902
2014-07-23,29.112077713012695,-0.0007493696332963,-0.11340137139749676
2014-07-24,29.094606399536133,-0.0006003198521831,-0.10138159065854374
2014-07-25,28.90244483947754,-0.0066266218415563,-0.7970760738636788
2014-07-28,28.8806095123291,-0.0007557692625534,-0.10991516822448255
2014-07-29,28.87624168395996,-0.0001512488401635,-0.041080526783330414
2014-07-30,28.605466842651367,-0.0094213220555564,-1.1171680122765895
2014-07-31,28.02899742126465,-0.0203582514272221,-2.3589245630702065
2014-08-01,28.670978546142575,0.0226458141980877,2.592859135419426
2014-08-04,28.63604736328125,-0.001219089165182,-0.1741984215988735
2014-08-05,28.80199432373047,0.0057783105867386,0.6561160759751368
2014-08-06,29.029096603393555,0.0078540260415331,0.8970730689711374
2014-08-07,28.8806095123291,-0.0051282393382353,-0.6533275559221164
2014-08-08,29.12193489074707,0.008321247745629,0.9472604367198408
2014-08-11,29.503671646118164,0.0130230516361343,1.494525673144545
2014-08-12,29.40276336669922,-0.0034260561889686,-0.45752369265769544
2014-08-13,29.420307159423828,0.0005964936236028,0.019682210617761164
2014-08-14,29.58704376220703,0.0056513991545975,0.6144649452349252
2014-08-15,29.525611877441406,-0.0020784688563396,-0.30762617995163977
2014-08-18,29.723068237304688,0.0066653667394787,0.7298671906448065
2014-08-19,29.83714485168457,0.0038306361901003,0.394248681357201
2014-08-20,29.83714485168457,0.0,-0.05992087385033455
2014-08-21,29.92490005493164,0.0029368227428533,0.2870689025523456
2014-08-22,29.727453231811523,-0.0066199414879782,-0.8448905612118248
2014-08-25,29.885417938232425,0.0052996969629898,0.5709636777775882
2014-08-26,29.82837677001953,-0.001910486038993,-0.288112333889508
2014-08-27,29.86785888671875,0.001322767575601,0.09249633088306095
2014-08-28,29.82837677001953,-0.001322767575601,-0.22739601055322983
2014-08-29,29.94246482849121,0.0038175201812552,0.3840574099598103
2014-09-02,30.144289016723633,0.0067177850131809,0.7248643129114934
2014-09-03,30.07847785949707,-0.0021855914909758,-0.3398138624301325
2014-09-04,30.385622024536133,0.0101596420862138,1.1396266239455517
2014-09-05,30.363679885864254,-0.0007223832681542,-0.19544972594058216
2014-09-08,30.289091110229492,-0.0024595352202613,-0.4063254272255462
2014-09-09,30.29348373413086,0.0001450127836378,-0.07705951583751665
2014-09-10,30.6357364654541,0.0112345547829615,1.310678036557057
2014-09-11,30.631349563598633,-0.0001432058270532,-0.10837615346083014
2014-09-12,30.420730590820312,-0.0068996767283739,-0.9475670021497214
2014-09-15,30.53042221069336,0.003599332687054,0.3657636208147927
2014-09-16,30.732267379760746,0.0065895213151575,0.7416808119794104
2014-09-17,30.85951042175293,0.0041318249791842,0.4490188349807233
2014-09-18,30.76737403869629,-0.0029901382330784,-0.44942128442587653
2014-09-19,30.771757125854492,0.0001424487828369,-0.049531832316894245
2014-09-22,30.977977752685547,0.0066792640941841,0.7753275101510657
2014-09-23,30.631349563598633,-0.0112525768969643,-1.5007172674225973
2014-09-24,31.00870132446289,0.0122438729221966,1.4765036806156067
2014-09-25,30.736658096313477,-0.0088118359342452,-1.205249875404486
2014-09-26,30.91655921936035,0.0058359203774988,0.6626075377707601
2014-09-29,31.0306396484375,0.0036831546906575,0.38354378093326824
2014-09-30,30.784912109375,-0.0079503887425185,-1.1056273194872568
2014-10-01,30.569917678833008,-0.0070082603521347,-0.9773220592443251
2014-10-02,30.473386764526367,-0.0031627054154772,-0.4841060595575184
2014-10-03,30.6269588470459,0.0050268915625544,0.5586371138065999
2014-10-06,30.394407272338867,-0.0076220089891688,-1.0580048088574707
2014-10-07,30.464609146118164,0.0023070338315525,0.2091519290476469
2014-10-08,30.920934677124023,0.0148677981330422,1.7985753154049353
2014-10-09,30.438276290893555,-0.0157325472061481,-2.0757797852663935
2014-10-10,30.32419776916504,-0.0037549048990809,-0.5539837247823555
2014-10-13,29.90297508239746,-0.0139880235118394,-1.8402846308930483
2014-10-14,29.96001243591309,0.0019055972025505,0.17934828493289065
2014-10-15,29.82837677001953,-0.0044033927102443,-0.628938557625858
2014-10-16,29.82837677001953,0.0,-0.057696382832745544
2014-10-17,30.00388526916504,0.0058667012261907,0.7016014068833227
2014-10-20,30.534812927246097,0.0175405579050683,2.18797476505885
2014-10-21,31.07012176513672,0.0173792023015977,2.1384374585424406
2014-10-22,30.95604705810547,-0.003678280887319,-0.535273763289692
2014-10-23,30.903377532958984,-0.0017028783640402,-0.2777930223423598
2014-10-24,31.250030517578125,0.0111548695403664,1.3734844194250255
2014-10-27,31.55717086791992,0.0097804962467519,1.1892662913368623
2014-10-28,31.666879653930664,0.0034704798322266,0.378336162676249
2014-10-29,31.7414608001709,0.002352409165715,0.23769768261917015
2014-10-30,31.732690811157227,-0.0002763326124681,-0.09860148249198722
2014-10-31,31.77218437194824,0.0012437963469298,0.096509995343354
2014-11-03,31.640531539916992,-0.0041522593471381,-0.5948964195460863
2014-11-04,32.272396087646484,0.0197733121750132,2.437717291600343
2014-11-05,32.13636779785156,-0.0042239125185416,-0.6022043729494734
2014-11-06,32.18482971191406,0.0015068725430743,0.1267150846368941
2014-11-07,32.286170959472656,0.0031437803033671,0.32736233611873583
2014-11-10,32.37871551513672,0.0028622835016532,0.2888761814558262
2014-11-11,32.64751434326172,0.0082674440685264,0.974791101754718
2014-11-12,32.7576904296875,0.0033690343458153,0.3556196981711328
2014-11-13,32.7224235534668,-0.0010771783213398,-0.21122076388372696
2014-11-14,32.4007568359375,-0.0098787968146823,-1.3394467219952566
2014-11-17,32.55937957763672,0.0048837045525717,0.5615513429466106
2014-11-18,32.709205627441406,0.004591069731397,0.5192418162216776
2014-11-19,33.07054138183594,0.0109863417006699,1.3339960999194718
2014-11-20,32.88106155395508,-0.0057460422729385,-0.8207564348141403
2014-11-21,32.83699035644531,-0.0013412206489745,-0.2479764194135774
2014-11-24,32.83258819580078,-0.0001340700137925,-0.0939071366770394
2014-11-25,32.894283294677734,0.0018773179248412,0.16759782266760942
2014-11-26,33.01325607299805,0.0036102973556117,0.3913935349583029
2014-11-28,33.802001953125,0.0236108501286561,2.9154266678638225
2014-12-01,33.48915100097656,-0.0092984944544437,-1.267144522262427
2014-12-02,33.374576568603516,-0.003427106106044,-0.5193157731345572
2014-12-03,33.343746185302734,-0.0009241954600372,-0.19558575157222818
2014-12-04,33.63016128540039,0.0085530875225154,1.0063543234685293
2014-12-05,33.85927963256836,0.0067897799794588,0.7758029266393962
2014-12-08,34.12369155883789,0.0077788085730424,0.9146288692667873
2014-12-09,34.02674102783203,-0.0028451938668122,-0.4474114819510511
2014-12-10,33.828453063964844,-0.0058444613103843,-0.8395744949955394
2014-12-11,33.8416748046875,0.0003907703829543,-0.03551453016947342
2014-12-12,33.48915100097656,-0.0104714897146931,-1.4346151338719728
2014-12-15,33.458309173583984,-0.0009213741490428,-0.2016615349698042
2014-12-16,33.414241790771484,-0.0013179514929743,-0.252389845354028
2014-12-17,33.965057373046875,0.016350061802339,1.9993525305268174
2014-12-18,34.53788375854492,0.0167245297230682,2.042947273135609
2014-12-19,34.56873321533203,0.0008928076698636,0.015294335785502334
2014-12-22,34.67008972167969,0.002927738353936,0.28129477682727544
2014-12-23,35.48528289794922,0.0232406966999466,2.8360881347123272
2014-12-24,35.32224655151367,-0.0046050649083206,-0.6867352869717751
2014-12-26,35.33106231689453,0.0002495499663867,-0.0731613672875797
2014-12-29,35.29580307006836,-0.0009984656564395,-0.22841363539138052
2014-12-30,35.093101501464844,-0.0057594909358888,-0.8267541260504087
2014-12-31,34.72736740112305,-0.0104765107209709,-1.4165988837440222
2015-01-02,34.85076141357422,0.0035469232621839,0.34534247403183005
2015-01-05,34.462989807128906,-0.0111889962713741,-1.5088568943751666
2015-01-06,34.17655944824219,-0.0083459761787075,-1.1418803055587874
2015-01-07,34.55992889404297,0.0111548736427636,1.3032865996087755
2015-01-08,35.2429313659668,0.0195700940549653,2.3255165380058562
2015-01-09,35.12835693359375,-0.0032562863742152,-0.5106731349363388
2015-01-12,35.02700424194336,-0.0028893803827438,-0.4616180324119471
2015-01-13,35.1063232421875,0.0022619498292356,0.17412893756771203
2015-01-14,35.32664489746094,0.0062562285735055,0.6751323576335865
2015-01-15,35.61307144165039,0.0080752536224272,0.8965288490852256
2015-01-16,36.28285217285156,0.0186324919332426,2.1829804518513933
2015-01-20,36.34894561767578,0.0018199594414008,0.10315468821126493
2015-01-21,36.26081085205078,-0.0024276299272839,-0.4208212548863091
2015-01-22,36.74552536010742,0.0132788920967482,1.5079882072035364
2015-01-23,36.12862777709961,-0.0169308950509407,-2.181285032880341
2015-01-26,36.46352767944336,0.0092269550685423,1.0002818247542384
2015-01-27,36.141849517822266,-0.0088610590245406,-1.2025788413956893
2015-01-28,35.961181640625,-0.0050113914048495,-0.7278536209929972
2015-01-29,36.42826461791992,0.0129049048892688,1.4578009168435133
2015-01-30,35.65711975097656,-0.0213961343841888,-2.7359016170922934
2015-02-02,36.16829681396485,0.0142341170635452,1.6073094710407272
2015-02-03,36.43707275390625,0.0074037820978871,0.7926222888963501
2015-02-04,36.83805465698242,0.0109446662160939,1.277720329749936
2015-02-05,36.67502212524414,-0.0044354775003002,-0.7346584131624871
2015-02-06,36.26136016845703,-0.0113432111438805,-1.622998080941664
2015-02-09,36.19940948486328,-0.001709910037787,-0.3626045240872954
2015-02-10,36.672821044921875,0.0129931035934797,1.5550430946634008
2015-02-11,36.832088470458984,0.0043335248171351,0.4253918307613987
2015-02-12,36.88076400756836,0.0013206799777244,0.027523986264059566
2015-02-13,37.17718505859375,0.0080051537400451,0.8987143310509149
2015-02-17,37.30548858642578,0.003445194659641,0.31025593176871713
2015-02-18,37.50457382202149,0.0053224312121795,0.5551146007254489
2015-02-19,37.26124572753906,-0.0065090961368424,-0.9925199056878897
2015-02-20,37.77003479003906,0.0135622598371798,1.6332628856171005
2015-02-23,38.004512786865234,0.0061888523979726,0.6643441142542931
2015-02-24,38.11069107055664,0.0027899380723574,0.23124615446503055
2015-02-25,37.8408203125,-0.0071064258992741,-1.0721239764452697
2015-02-26,37.80542755126953,-0.0009357440669561,-0.25661141229733825
2015-02-27,37.66827392578125,-0.0036344786006493,-0.6080930812948275
2015-03-02,37.84524917602539,0.0046872551297316,0.48862031912628695
2015-03-03,37.8231315612793,-0.0005845933310709,-0.20508465435357073
2015-03-04,37.55767059326172,-0.0070432273954079,-1.0482506511802407
2015-03-05,37.72136306762695,0.0043489594486996,0.44795676907273463
2015-03-06,37.06214141845703,-0.0176305919207043,-2.413875524422972
2015-03-09,37.4603385925293,0.0106867340894907,1.2701069275391155
2015-03-10,36.99135971069336,-0.0125983717093074,-1.738868612538911
2015-03-11,37.18160629272461,0.0051298204582548,0.5478668184626942
2015-03-12,37.57094955444336,0.0104169490401526,1.2206340372540239
2015-03-13,37.32318115234375,-0.0066165213126436,-0.9710006800578626
2015-03-16,37.82755661010742,0.0134232356485862,1.5977399661567024
2015-03-17,37.61075973510742,-0.0057476752488811,-0.8528030610668257
2015-03-18,37.7479248046875,0.0036403294960265,0.34630922146791926
2015-03-19,37.75676345825195,0.0002341219812482,-0.09480709333820907
2015-03-20,38.11069107055664,0.0093302241927043,1.066866475108491
2015-03-23,38.12839889526367,0.0004645340082996,-0.07277426925358585
2015-03-24,37.83197784423828,-0.0078046625990915,-1.1256850172447745
2015-03-25,37.601905822753906,-0.0060999838192293,-0.9007579941739325
2015-03-26,37.25238800048828,-0.0093386857202516,-1.3051661985052172
2015-03-27,37.59306716918945,0.0091035994304778,1.038531170090218
2015-03-30,38.017791748046875,0.0112346044521987,1.299364472047711
2015-03-31,37.79215621948242,-0.0059526803773142,-0.874361426060002
2015-04-01,37.78330612182617,-0.000234205585319,-0.15002539352157257
2015-04-02,37.94700241088867,0.0043231447800837,0.4294074911812076
2015-04-06,38.15494918823242,0.0054649661543831,0.5725465439055012
2015-04-07,37.84965896606445,-0.0080335093216876,-1.1512632997859298
2015-04-08,38.03990936279297,0.0050138852935195,0.514849156740642
2015-04-09,38.017791748046875,-0.0005816009436656,-0.19679904285856575
2015-04-10,38.004512786865234,-0.000349343824761,-0.1642542653880149
2015-04-13,37.88063049316406,-0.0032649975580841,-0.5443154190268348
2015-04-14,38.30094909667969,0.0110347638054582,1.2822381207595213
2015-04-15,37.9293212890625,-0.0097502147073777,-1.370187727214953
2015-04-16,37.93816375732422,0.0002331029767587,-0.09346579979018539
2015-04-17,37.63287734985352,-0.0080794988056537,-1.146713361368768
2015-04-20,37.29662322998047,-0.0089752734111063,-1.2519514566494854
2015-04-21,37.19487762451172,-0.002731738992336,-0.454282042178527
2015-04-22,37.05330657958984,-0.0038134593594572,-0.5981024186986953
2015-04-23,37.08870315551758,0.000954831916304,0.010196508762745509
2015-04-24,37.14179992675781,0.0014305919558974,0.07022463352336179
2015-04-27,36.94269943237305,-0.005374969810049,-0.7943074527754982
2015-04-28,36.95154571533203,0.000239430905169,-0.07132200983139816
2015-04-29,36.548927307128906,-0.0109556420169307,-1.5021678280069666
2015-04-30,35.91183853149414,-0.0175848318804718,-2.3168520412859803
2015-05-01,36.248077392578125,0.0093193372055562,1.0827559541521379
2015-05-04,36.41621398925781,0.0046277722813729,0.4876221612853383
2015-05-05,36.128631591796875,-0.0079284448568079,-1.1079598352962048
2015-05-06,36.18171310424805,0.0014681584553087,0.0827562247619779
2015-05-07,36.56663513183594,0.0105823878919828,1.2371028037867509
2015-05-08,36.823238372802734,0.006992907178781,0.7767891795948265
2015-05-11,36.947120666503906,0.0033585958307783,0.31697672319932607
2015-05-12,36.88517761230469,-0.0016779396057427,-0.3233685297795875
2015-05-13,36.632999420166016,-0.006860321932894,-0.976070329881554
2015-05-14,37.07499313354492,0.011993245128719,1.4007775678858385
2015-05-15,37.14607238769531,0.0019153396783213,0.1268367535514886
2015-05-18,37.38151168823242,0.0063181998095605,0.6808274791749847
2015-05-19,37.616947174072266,0.0062784292581571,0.6724183878814967
2015-05-20,37.70135498046875,0.002241363369025,0.16231392790602023
2015-05-21,37.5947380065918,-0.0028319409653821,-0.4737112643134347
2015-05-22,37.51033782958984,-0.0022475235286102,-0.4003412514476671
2015-05-26,37.36375045776367,-0.0039155751332832,-0.606786130369528
2015-05-27,37.47036361694336,0.0028493216663908,0.24411482786235708
2015-05-28,37.550331115722656,0.002131879192837,0.15291014595501445
2015-05-29,37.30155944824219,-0.0066470621268482,-0.9477738654769984
2015-06-01,37.55475234985352,0.006764796744319,0.7456893987705747
2015-06-02,37.27045440673828,-0.0075990250747574,-1.066269474819696
2015-06-03,37.479251861572266,0.0055865904578002,0.5928442112341599
2015-06-04,37.00392150878906,-0.0127636024149991,-1.7047881898461965
2015-06-05,36.697410583496094,-0.0083176974887542,-1.137309077623082
2015-06-08,36.692962646484375,-0.0001212130916196,-0.10990029090062889
2015-06-09,36.90618133544922,0.0057940697114148,0.6332702117713096
2015-06-10,37.13719177246094,0.0062398882403796,0.6833505812174502
2015-06-11,37.27933883666992,0.0038203134687775,0.37760563787946305
2015-06-12,37.01725769042969,-0.0070550266242563,-0.984954956363453
2015-06-15,36.573020935058594,-0.0120733922986316,-1.601474532775336
2015-06-16,36.78181457519531,0.0056927182114003,0.6163442060892174
2015-06-17,36.9550666809082,0.0046992067356805,0.4885862802903717
2015-06-18,37.123878479003906,0.0045576267303447,0.4705948527584145
2015-06-19,37.13275146484375,0.0002389816475317,-0.06388966269383682
2015-06-22,37.23936080932617,0.002866919178251,0.2613710730563036
2015-06-23,36.99504470825195,-0.0065823113013479,-0.9235465142731832
2015-06-24,36.710731506347656,-0.0077148529375455,-1.0604276000305852
2015-06-25,36.786251068115234,0.0020550391512692,0.16236385467603084
2015-06-26,36.79069900512695,0.0001209057187804,-0.08112172817260915
2015-06-29,35.99998092651367,-0.021726660166827,-2.760910823665419
2015-06-30,36.03993606567383,0.0011092501192455,0.05591980384503736
2015-07-01,36.75516128540039,0.0196510001816273,2.3106583613604257
2015-07-02,36.479740142822266,-0.0075216170349163,-1.0167586363574572
2015-07-06,36.342018127441406,-0.0037824458746952,-0.5650314864009123
2015-07-07,37.11497497558594,0.021045930301212,2.460774869572782
2015-07-08,37.1283073425293,0.0003591534929597,-0.06718204826795314
2015-07-09,36.95061874389648,-0.0047972871313484,-0.6912768228366077
2015-07-10,37.36375045776367,0.0111186026163251,1.244714462402998
2015-07-13,37.70135498046875,0.0089950396272755,0.978230785070557
2015-07-14,37.679141998291016,-0.0005893562316775,-0.1905687690600824
2015-07-15,37.67025375366211,-0.0002359207948897,-0.14318187159216297
2015-07-16,38.118927001953125,0.0118401725792248,1.3200080055981525
2015-07-17,37.74578475952149,-0.0098371230263102,-1.3152136163597667
2015-07-20,38.070064544677734,0.0085544583530381,0.9172050279010204
2015-07-21,37.63471984863281,-0.0115012412602531,-1.5064157537673737
2015-07-22,37.80797576904297,0.004593054995654,0.4327319569965422
2015-07-23,37.661376953125,-0.0038849942398333,-0.5962575236732433
2015-07-24,37.53255081176758,-0.0034265071989674,-0.5389089434729273
2015-07-27,37.590293884277344,0.0015372975854504,0.06014676897963762
2015-07-28,37.98566055297851,0.0104628589454853,1.137813807255953
2015-07-29,38.34546661376953,0.0094275753308324,1.0055628962823242
2015-07-30,38.54981994628906,0.0053151193721063,0.5017619670643931
2015-07-31,38.34992599487305,-0.0051988312625638,-0.7924836619472089
2015-08-03,38.82080078125,0.0122036075052121,1.3671346232718362
2015-08-04,39.096221923828125,0.0070696307465791,0.7243956846064844
2015-08-05,39.753665924072266,0.0166762250192074,1.8992081471484714
2015-08-06,39.69148254394531,-0.0015654421704785,-0.3465878380198209
2015-08-07,39.702632904052734,0.0002808863129921,-0.12140270248754718
2015-08-10,39.76506423950195,0.0015712383908797,0.04149569407763202
2015-08-11,39.43062973022461,-0.0084458252841888,-1.189942769751922
2015-08-12,39.724910736083984,0.0074355467718212,0.7734889997363859
2015-08-13,39.80073165893555,0.0019068301378488,0.08769252538029855
2015-08-14,39.9746208190918,0.0043594777121588,0.39239145307447665
2015-08-17,40.27339172363281,0.0074462226676931,0.7696876860406033
2015-08-18,40.38484573364258,0.0027636131028813,0.1917930418791711
2015-08-19,40.01922225952149,-0.00909471382281,-1.2679751021746661
2015-08-20,39.52872848510742,-0.012332184201128,-1.6529959162632164
2015-08-21,38.65923309326172,-0.0222420746022957,-2.8134443864907444
2015-08-24,37.89229202270508,-0.0200379216733549,-2.5123940982921833
2015-08-25,36.98712158203125,-0.0241779279899907,-2.9429517396659026
2015-08-26,37.896751403808594,0.0242956067706441,2.705639368828014
2015-08-27,38.587894439697266,0.0180732182557012,1.9615281914028766
2015-08-28,38.726131439208984,0.0035759914259147,0.2921001399104729
2015-08-31,38.47195053100586,-0.0065851850267375,-0.8705165024283315
2015-09-01,37.419639587402344,-0.0277337288807875,-3.21771675366081
2015-09-02,37.834320068359375,0.0110209397656022,1.1351802871556516
2015-09-03,38.3604850769043,0.0138112663033573,1.44391300504786
2015-09-04,37.8699951171875,-0.012868782341077,-1.5330099033226547
2015-09-08,38.57450485229492,0.0184324492151025,1.9346263019179932
2015-09-09,38.00376892089844,-0.0149062252555646,-1.739473387511241
2015-09-10,37.896751403808594,-0.0028199434615117,-0.404140997891522
2015-09-11,37.49544143676758,-0.0106460295746115,-1.2587905097001766
2015-09-14,37.20115661621094,-0.0078795112715594,-0.953806081205355
2015-09-15,37.56232452392578,0.0096616880791082,0.9698749635136771
2015-09-16,37.664886474609375,0.0027267264828301,0.21076954821115035
2015-09-17,37.82986068725586,0.0043704888471979,0.3911402324228169
2015-09-18,37.4062614440918,-0.0112606473396908,-1.317398142816063
2015-09-21,37.8120231628418,0.0107890164432405,1.0888433571011158
2015-09-22,37.45085144042969,-0.0095976800453088,-1.1282973379357506
2015-09-23,37.499900817871094,0.0013088430193323,0.05534813933290706
2015-09-24,37.79864501953125,0.0079349678228137,0.7834934319750735
2015-09-25,38.18212127685547,0.0100941207119831,1.0120625464769077
2015-09-28,37.651512145996094,-0.0139942599712442,-1.6121418548812414
2015-09-29,37.691646575927734,0.0010653769873364,0.03204956328500825
2015-09-30,37.41072082519531,-0.0074811772435552,-0.9009636308122632
2015-10-01,37.36613464355469,-0.0011925130214399,-0.21739788361047982
2015-10-02,37.95917510986328,0.0157464395942286,1.6177800989557463
2015-10-05,38.52100372314453,0.0146924007890448,1.4928849503125834
2015-10-06,38.150909423828125,-0.0096540482307131,-1.1423724665950628
2015-10-07,38.570045471191406,0.010926355591295,1.0786733129431947
2015-10-08,38.815303802490234,0.0063386456163793,0.5892433533551491
2015-10-09,39.0694580078125,0.0065264398720211,0.6035239374317801
2015-10-12,39.3726692199707,0.00773086434605,0.729476977251195
2015-10-13,39.20769119262695,-0.0041989695358012,-0.5774001091184549
2015-10-14,38.7751579284668,-0.0110931494445569,-1.3219047201258924
2015-10-15,39.02486801147461,0.0064193022427214,0.5840015867786534
2015-10-16,39.40387725830078,0.0096651347906072,0.932339270909067
2015-10-19,39.332542419433594,-0.0018119914183815,-0.314464177469336
2015-10-20,39.28347396850586,-0.0012483068859002,-0.24648909592789048
2015-10-21,39.154170989990234,-0.0032969652699479,-0.4649280474689091
2015-10-22,39.52872848510742,0.0095207555115184,0.9420510961080585
2015-10-23,39.154170989990234,-0.0095207555115185,-1.1495348850707774
2015-10-26,38.877723693847656,-0.0070855245496779,-0.8748172024537818
2015-10-27,38.6057243347168,-0.0070208666068975,-0.8607507856179217
2015-10-28,39.01148986816406,0.0104556504417972,1.0574437853496677
2015-10-29,38.55668640136719,-0.0117266822689172,-1.3676557678636143
2015-10-30,38.38722229003906,-0.0044048811197447,-0.5643276565435257
2015-11-02,38.07957458496094,-0.0080466131082558,-0.9567990967100106
2015-11-03,37.504364013671875,-0.0152207383439525,-1.725733011192791
2015-11-04,37.39287567138672,-0.0029771036983136,-0.3899145875780531
2015-11-05,37.013877868652344,-0.0101872763536989,-1.1740989207242625
2015-11-06,36.66243362426758,-0.0095402960024263,-1.0960156077998626
2015-11-09,36.407230377197266,-0.0069852321957301,-0.8122481986540679
2015-11-10,37.26683044433594,0.0233362751396357,2.4498600734996017
2015-11-11,37.360843658447266,0.0025195281770408,0.21370027024734353
2015-11-12,36.975830078125,-0.0103587369123794,-1.1643487798047778
2015-11-13,36.948951721191406,-0.0007271812635438,-0.12989639170812606
2015-11-16,37.41457748413086,0.0125231239879867,1.2828592577690756
2015-11-17,37.36978912353515,-0.0011978002350568,-0.18732127571431167
2015-11-18,37.98762512207031,0.0163978514601226,1.6878545202197377
2015-11-19,38.34579086303711,0.0093843139296172,0.9401589790954108
2015-11-20,38.38162612915039,0.0009340929259366,0.03426000260614007
2015-11-23,38.63679504394531,0.0066262030444208,0.6392981772877808
2015-11-24,38.784542083740234,0.0038167054363,0.33723662415091205
2015-11-25,38.9233283996582,0.003572005322542,0.31031766459426136
2015-11-27,38.99943923950195,0.0019534948861248,0.13810032830650526
2015-11-30,38.399513244628906,-0.0155024839597475,-1.7214911157286323
2015-12-01,38.88752365112305,0.0126286868248084,1.2928047285481947
2015-12-02,38.39504623413086,-0.0127450234646277,-1.4234661615671813
2015-12-03,38.15328598022461,-0.0063165597667093,-0.7324606321264958
2015-12-04,38.83378982543945,0.0176788522443951,1.8195205700364032
2015-12-07,38.981536865234375,0.003797380891971,0.34463573746968584
2015-12-08,38.90542221069336,-0.0019544909616221,-0.2636609544958652
2015-12-09,38.480098724365234,-0.0109924379642123,-1.2197362835018042
2015-12-10,38.02792739868164,-0.0118203700555243,-1.301926803782374
2015-12-11,37.53993225097656,-0.012915594899558,-1.4068005356313034
2015-12-14,37.60260391235352,0.0016680745449575,0.1278855258376959
2015-12-15,37.839881896972656,0.0062903220767653,0.6136171009265904
2015-12-16,38.29654312133789,0.0119960111217316,1.2080106567344364
2015-12-17,38.162235260009766,-0.0035132133239516,-0.4214586689738118
2015-12-18,37.25788116455078,-0.0239829235266143,-2.5557550957225836
2015-12-21,37.665279388427734,0.0108752016362234,1.1060298149527128
2015-12-22,38.20252990722656,0.0141630423871732,1.440729552628938
2015-12-23,38.86066055297851,0.0170807007227097,1.7577355670290764
2015-12-24,38.69948196411133,-0.0041562280742663,-0.4750691614221973
2015-12-28,38.21148681640625,-0.0126900415949599,-1.3618094500882851
2015-12-29,38.62337112426758,0.0107213903777591,1.0830668975063127
2015-12-30,38.5606803894043,-0.0016244482485616,-0.20899046235755192
2015-12-31,38.00105285644531,-0.0146192484489836,-1.5626343314267719
2016-01-04,37.38770294189453,-0.0162720140817289,-1.7170417772772464
2016-01-05,37.06984329223633,-0.0085380622029672,-0.9168447147005517
2016-01-06,36.895225524902344,-0.0047216367005386,-0.5225082272725063
2016-01-07,36.29979705810547,-0.0162700025365095,-1.7062745439359355
2016-01-08,36.738529205322266,0.0120138958991937,1.2341653024077366
2016-01-11,36.98925018310547,0.0068012883702675,0.6865996953997325
2016-01-12,37.4862060546875,0.0133456919266686,1.3563404725536783
2016-01-13,35.211875915527344,-0.0625896170987825,-6.006953590659554
2016-01-14,35.02383041381836,-0.0053547108971877,-0.5106357648703701
2016-01-15,35.337223052978516,0.0089081870204088,0.8576946637116141
2016-01-19,35.350650787353516,0.0003799162093017,0.04666306624686969
2016-01-20,35.15365982055664,-0.0055880690899574,-0.526571609256478
2016-01-21,35.462581634521484,0.0087493692187007,0.8518884006722992
2016-01-22,36.29531478881836,0.023210561634113,2.2270958108938825
2016-01-25,35.57002639770508,-0.0201853356680524,-1.9226016097454208
2016-01-26,35.955055236816406,0.0107663647355821,1.0333621856488775
2016-01-27,36.04460525512695,0.0024875135208855,0.23885526444978847
2016-01-28,36.52812194824219,0.0133252219180477,1.264615521789355
2016-01-29,37.60708236694336,0.0291099652125707,2.730218509627549
2016-02-01,38.086124420166016,0.0126576338717129,1.174167637482942
2016-02-02,38.40400314331055,0.0083116753310426,0.7665329272699034
2016-02-03,38.981536865234375,0.0149264176381626,1.3876333891892918
2016-02-04,38.83378982543945,-0.003797380891971,-0.3799607712125199
2016-02-05,38.90542221069336,0.0018428899303488,0.15259744356803667
2016-02-08,39.06211853027344,0.0040195324635022,0.3540631161009193
2016-02-09,39.61727142333984,0.0141120084060548,1.3032170304039699
2016-02-10,39.58592224121094,-0.000791614133611,-0.10404397410897213
2016-02-11,38.93638610839844,-0.0165443671258384,-1.5854765733021137
2016-02-12,39.81742858886719,0.0223755317106631,2.0694255028295654
2016-02-16,40.29390335083008,0.0118954552100948,1.0839429581634457
2016-02-17,40.40178680419922,0.0026738359244967,0.2207596370898283
2016-02-18,40.235477447509766,-0.0041248818158862,-0.41243036024776486
2016-02-19,40.190521240234375,-0.0011179522216985,-0.1329275763388191
2016-02-22,40.53215026855469,0.0084643152063629,0.7685465757041496
2016-02-23,40.86927795410156,0.008283137543002,0.7503688318434497
2016-02-24,41.18392562866211,0.0076693950536552,0.690364212413466
2016-02-25,41.44914627075195,0.0064192591836639,0.5682775629852769
2016-02-26,41.21989440917969,-0.0055462709463369,-0.5521561957524337
2016-02-29,40.797359466552734,-0.0103036534598454,-0.9940067930033764
2016-03-01,40.896240234375,0.0024207726547045,0.1978262892152439
2016-03-02,41.06256103515625,0.0040586496268061,0.3493570270412459
2016-03-03,41.24235916137695,0.0043690805313489,0.3744252904516638
2016-03-04,41.25584411621094,0.0003269151185925,-0.0026706426010754776
2016-03-07,40.74791717529297,-0.0123880521723191,-1.1992217687842084
2016-03-08,40.873775482177734,0.0030839450282694,0.25767845714205845
2016-03-09,40.53215026855469,-0.0083931781615415,-0.8253998758282773
2016-03-10,40.59058380126953,0.0014406206469957,0.10302848998192303
2016-03-11,40.896240234375,0.0075020193818476,0.6763339629563169
2016-03-14,40.725440979003906,-0.0041851503702095,-0.4279146136351815
2016-03-15,41.134483337402344,0.0099937977286915,0.9136199024327498
2016-03-16,41.309791564941406,0.0042527753920279,0.3671074451607389
2016-03-17,41.350242614746094,0.0009787330342936,0.05838401099352603
2016-03-18,41.233375549316406,-0.0028302742369721,-0.3008199865902161
2016-03-21,41.35474395751953,0.0029391272327695,0.2477099802878033
2016-03-22,41.121002197265625,-0.0056681484425176,-0.5649767214486685
2016-03-23,41.16146087646485,0.0009834096099817,0.061482683814797684
2016-03-24,41.107521057128906,-0.0013113041099423,-0.1579182273958309
2016-03-28,41.34575653076172,0.0057786941540156,0.5094380478966652
2016-03-29,41.485103607177734,0.0033646205687705,0.28270980588442746
2016-03-30,41.4086799621582,-0.0018438937971414,-0.2079562466239221
2016-03-31,41.435646057128906,0.0006510064652298,0.02724324911753546
2016-04-01,42.11891174316406,0.016355323632694,1.511171556657284
2016-04-04,41.59748077392578,-0.0124572427607118,-1.2134916065709374
2016-04-05,42.22677993774414,0.0150150083380167,1.3783667228301386
2016-04-06,42.44255065917969,0.0050967968450888,0.43828310254415304
2016-04-07,42.21779251098633,-0.005309656630653,-0.540212103583257
2016-04-08,42.30320739746094,0.0020211525098896,0.15076629601713648
2016-04-11,42.00653076171875,-0.0070378076547233,-0.7011001926242375
2016-04-12,42.13688659667969,0.0030984227486931,0.2523514391615922
2016-04-13,42.02001190185547,-0.0027775446112605,-0.2971641242093025
2016-04-14,41.817745208740234,-0.0048252026897415,-0.49313409260495117
2016-04-15,42.21331024169922,0.0094148039125046,0.8493846435328056
2016-04-18,41.93012619018555,-0.0067310091599342,-0.6766648790257314
2016-04-19,42.37063980102539,0.0104510941332039,0.9396720130091026
2016-04-20,41.92112350463867,-0.010665824041565,-1.0505092661416555
2016-04-21,41.04008865356445,-0.0212404797791623,-2.024993775932684
2016-04-22,41.36822891235352,0.0079638076049068,0.7037846571662697
2016-04-25,41.57051467895508,0.0048779655671273,0.41397398718272527
2016-04-26,41.3817024230957,-0.004552321529874,-0.4674546834062135
2016-04-27,41.485103607177734,0.0024956008974128,0.19026919501135794
2016-04-28,41.70535659790039,0.0052951625658585,0.4466619476473983
2016-04-29,41.669403076171875,-0.0008624558342998,-0.1367572351481059
2016-05-02,42.024505615234375,0.0084857948561677,0.7438805315374486
2016-05-03,42.0964241027832,0.001709883742661,0.10688657711074664
2016-05-04,42.204315185546875,0.0025596724911864,0.18323822082646338
2016-05-05,42.75720977783203,0.0130153595409434,1.1618958769019685
2016-05-06,43.53035736083984,0.0179207341236403,1.6148955236839648
2016-05-09,43.63825607299805,0.0024756334422414,0.16899380135239456
2016-05-10,44.02033233642578,0.0087174272360098,0.7516708446952991
2016-05-11,43.480918884277344,-0.0123294302159964,-1.2129379153864042
2016-05-12,43.92982482910156,0.0102712749564658,0.8917630524331636
2016-05-13,43.55987930297851,-0.0084569432406317,-0.8500412142971008
2016-05-16,43.51926040649414,-0.0009329191713631,-0.14589283737503397
2016-05-17,43.12675476074219,-0.009060043439339,-0.8986810451138572
2016-05-18,43.75387954711914,0.0144367196070484,1.2880752819751575
2016-05-19,44.7058219909668,0.0215234547862715,1.9262847840940494
2016-05-20,43.528297424316406,-0.0266924969185196,-2.489218498623354
2016-05-23,44.10577392578125,0.0131794598020545,1.1413544667826854
2016-05-24,44.164424896240234,0.0013288964989995,0.06059280835651015
2016-05-25,43.920806884765625,-0.0055314296780007,-0.560851492356476
2016-05-26,44.29978561401367,0.008591668900872,0.7215970537380856
2016-05-27,44.29075622558594,-0.0002038454279994,-0.08057570790876316
2016-05-31,44.43062973022461,0.00315309818523,0.2263573868320966
2016-06-01,44.638145446777344,0.0046596821751807,0.359425838628737
2016-06-02,44.76899337768555,0.0029270151365465,0.20254322804808003
2016-06-03,44.61107635498047,-0.0035336107366073,-0.3908339313157501
2016-06-06,44.48927307128906,-0.0027340714228505,-0.3201455572060175
2016-06-07,44.72386932373047,0.0052592429070516,0.40930987058232915
2016-06-08,44.606571197509766,-0.0026261640030161,-0.3091372287531103
2016-06-09,45.039695739746094,0.0096630440342518,0.8135448117076992
2016-06-10,45.062252044677734,0.0005006840797007,-0.023019661868112128
2016-06-13,44.72838592529297,-0.0074365805962388,-0.7486657184967977
2016-06-14,44.97652816772461,0.0055324254610312,0.43186588951922494
2016-06-15,44.62010955810547,-0.0079561130587984,-0.7988097783315992
2016-06-16,44.84568786621094,0.0050427938415191,0.39146368816539384
2016-06-17,44.47123336791992,-0.0083848992329249,-0.8325039438796514
2016-06-20,44.77350616455078,0.006774045262429,0.5513629002180684
2016-06-21,44.96751403808594,0.0043237345717694,0.3267974450300286
2016-06-22,45.22467041015625,0.0057024246720813,0.4485778752883709
2016-06-23,45.34648132324219,0.002689840731821,0.16950815259236712
2016-06-24,44.29526901245117,-0.0234547071599287,-2.193451925547956
2016-06-27,44.54792022705078,0.0056875917634236,0.44667675708446497
2016-06-28,45.107364654541016,0.0124800604765628,1.056465292325151
2016-06-29,45.08029556274414,-0.0006002837315991,-0.13572918170919893
2016-06-30,46.42024993896485,0.0292905395713686,2.567231418254734
2016-07-01,46.15857696533203,-0.0056529917093235,-0.5964457285485981
2016-07-05,46.623268127441406,0.0100169391370649,0.8167355082849941
2016-07-06,45.7074089050293,-0.019839327334125,-1.8687309409923947
2016-07-07,45.414154052734375,-0.0064365854848989,-0.653768104125956
2016-07-08,45.702911376953125,0.0063381824147439,0.49644626756938026
2016-07-11,45.87886047363281,0.0038424526978846,0.2739938279623326
2016-07-12,44.922393798828125,-0.0210680361298123,-1.956470723442594
2016-07-13,45.107364654541016,0.0041091105686969,0.3051581857716987
2016-07-14,45.09833526611328,-0.0002001955190378,-0.08218715682231863
2016-07-15,45.247222900390625,0.0032959621277229,0.23555067367376722
2016-07-18,45.04419708251953,-0.0044971307368676,-0.46878670436113135
2016-07-19,45.441219329833984,0.0087754427374036,0.727954468423052
2016-07-20,44.944950103759766,-0.0109811980335093,-1.053908291682083
2016-07-21,44.84568786621094,-0.0022109716609456,-0.26052775446273085
2016-07-22,45.247222900390625,0.0089138576939189,0.7377799683305225
2016-07-25,45.27880096435547,0.000697657179616,-0.004229023745323031
2016-07-26,44.59303665161133,-0.0152612351261358,-1.4311266881039615
2016-07-27,44.10126876831055,-0.011089165653577,-1.0481625539260035
2016-07-28,44.44415283203125,0.0077448561755209,0.6426544712537353
2016-07-29,44.32234954833984,-0.0027443541622501,-0.2961125494555807
2016-08-01,44.75546646118164,0.0097245385089231,0.8174130110761052
2016-08-02,44.29075622558594,-0.010437600619017,-0.9835227718237095
2016-08-03,44.04261779785156,-0.0056182407425754,-0.5466057864022681
2016-08-04,45.64875793457031,0.0358186467716524,3.11625285759898
2016-08-05,45.35099792480469,-0.0065442169515289,-0.6245011278210956
2016-08-08,45.14796447753906,-0.0044869859833961,-0.4410232380023511
2016-08-09,45.544979095458984,0.0087551939174003,0.7244311026630852
2016-08-10,45.75252914428711,0.0045466828257381,0.349190529381801
2016-08-11,45.41975021362305,-0.0073000348534942,-0.6910308680087094
2016-08-12,45.49220275878906,0.0015939061506473,0.09384201618507645
2016-08-15,45.28846740722656,-0.0044885258776385,-0.43968361257612104
2016-08-16,44.95343399047851,-0.0074252636720546,-0.6934185178814322
2016-08-17,44.92626953125,-0.0006044626092708,-0.09062284168858474
2016-08-18,45.2431755065918,0.0070291500638683,0.5775247561617765
2016-08-19,45.007755279541016,-0.0052170267710221,-0.5070487355816999
2016-08-22,45.20244216918945,0.0043163012034816,0.32953111860735373
2016-08-23,45.14358139038086,-0.0013030078096962,-0.1793452266376322
2016-08-24,44.89003372192383,-0.0056323038547671,-0.5800141557128743
2016-08-25,45.13451385498047,0.0054314237762444,0.4331221913912578
2016-08-26,44.867401123046875,-0.0059357296177764,-0.5999317752379839
2016-08-29,45.274879455566406,0.009040843107132,0.7723650858733646
2016-08-30,45.01681137084961,-0.0057163352482223,-0.5816022071304398
2016-08-31,45.01229095458984,-0.0001004212226225,-0.0775211385534712
2016-09-01,45.16168975830078,0.003313570926483,0.24325872178136698
2016-09-02,45.247703552246094,0.0019027629043142,0.11656887808094082
2016-09-06,45.55558013916016,0.0067812033705964,0.5665801496106225
2016-09-07,44.48708724975586,-0.0237341491013531,-2.265456145893048
2016-09-08,43.9166259765625,-0.0129060006776896,-1.2579665753430873
2016-09-09,42.911521911621094,-0.0231526063206967,-2.1859204076093315
2016-09-12,43.0473518371582,0.0031603494244856,0.2419881538477339
2016-09-13,42.52216720581055,-0.0122751940595285,-1.1843076215347992
2016-09-14,42.38634490966797,-0.0031992649171919,-0.34062666088666466
2016-09-15,42.65799331665039,0.0063884165958725,0.5455081341793369
2016-09-16,42.377296447753906,-0.0066019152564663,-0.6522841565398826
2016-09-19,42.50405502319336,0.0029867259998168,0.22987036198505614
2016-09-20,42.93869400024414,0.0101738937725463,0.8965319651323024
2016-09-21,43.32806396484375,0.009027176120312,0.7837702295392576
2016-09-22,44.188270568847656,0.0196588285386154,1.752443977760741
2016-09-23,43.59065246582031,-0.0136166477370576,-1.304298523797369
2016-09-26,43.4548225402832,-0.0031208982609665,-0.3346631847969879
2016-09-27,43.41860580444336,-0.0008337817127295,-0.12931693005351555
2016-09-28,43.76270294189453,0.0078938692068919,0.6741280687946568
2016-09-29,43.065452575683594,-0.0160608123010305,-1.5289891334694392
2016-09-30,43.39144515991211,0.0075411942294441,0.638724665786228
2016-10-03,42.558380126953125,-0.0193855221631636,-1.8187966596882716
2016-10-04,41.87021255493164,-0.0163021268192132,-1.522955965307727
2016-10-05,41.8883171081543,0.000432303517682,0.005635116037197638
2016-10-06,42.02415466308594,0.0032376039155881,0.266186004313291
2016-10-07,42.48594665527344,0.0109287903170057,0.9699032596519099
2016-10-10,42.56743621826172,0.0019161986312528,0.1446906475564849
2016-10-11,42.53122329711914,-0.0008510809344041,-0.10635059186767944
2016-10-12,43.31901168823242,0.0183531356480355,1.6418512828836804
2016-10-13,43.264678955078125,-0.0012550340573907,-0.15483188329179037
2016-10-14,43.39144515991211,0.0029257319446076,0.229628602575336
2016-10-17,43.71742630004883,0.0074844882362547,0.6487266417663404
2016-10-18,43.64498519897461,-0.0016584047174101,-0.18999422052980072
2016-10-19,43.22844696044922,-0.0095896160716435,-0.9129998143919518
2016-10-20,43.00208282470703,-0.0052502206881895,-0.5147293355496502
2016-10-21,43.02017974853515,0.0004207497815974,0.007781054349886582
2016-10-24,42.85720443725586,-0.0037955396168137,-0.3813703751435169
2016-10-25,43.5634880065918,0.0163456060030987,1.4543238068172513
2016-10-26,43.30995178222656,-0.0058369265636691,-0.5759927951303307
2016-10-27,43.21940231323242,-0.0020929198650244,-0.22912072226411767
2016-10-28,43.68120574951172,0.0106284131675859,0.9296108546003512
2016-10-31,43.69930648803711,0.0004142969254995,-0.009179333140938451
2016-11-01,43.09263610839844,-0.0139801055781211,-1.3250444956775544
2016-11-02,42.784759521484375,-0.0071701733310589,-0.7066367315034363
2016-11-03,39.950557708740234,-0.0685393209439112,-5.869489726873081
2016-11-04,39.64268112182617,-0.0077362883323904,-0.6836593857291199
2016-11-07,40.23126220703125,0.0147380162892001,1.2246933497439048
2016-11-08,41.507999420166016,0.0312418055334535,2.5851681642071767
2016-11-09,41.23636245727539,-0.00656571475206,-0.5902526830400173
2016-11-10,39.2895393371582,-0.048362142204317,-3.981681118780005
2016-11-11,39.57929992675781,0.0073479436502154,0.5808130074200408
2016-11-14,39.93206787109375,0.0088734546718517,0.7021855739281824
2016-11-15,40.52305221557617,0.0146912955535604,1.1775171237517166
2016-11-16,40.559417724609375,0.000897000584673,0.04685581734995113
2016-11-17,40.3957633972168,-0.0040430902150314,-0.3523219130629912
2016-11-18,40.72308349609375,0.0080701806764042,0.6438151542217664
2016-11-21,40.7503547668457,0.0006694518447213,0.03549862489116923
2016-11-22,40.78671646118164,0.0008919058827784,0.05568737483657961
2016-11-23,40.604881286621094,-0.004468163351316,-0.38244935501288335
2016-11-25,40.968563079833984,0.0089167303323043,0.7160110999279689
2016-11-28,40.78671646118164,-0.0044485669809882,-0.38006724741562187
2016-11-29,40.76853561401367,-0.0004458535043795,-0.056331029127809386
2016-11-30,39.813873291015625,-0.0236951712589035,-1.949895279090325
2016-12-01,38.88649368286133,-0.0235684424650361,-1.9258430887510278
2016-12-02,39.46836853027344,0.0148525701578805,1.1972866812044314
2016-12-05,40.1502799987793,0.0171298597899408,1.3830624924556023
2016-12-06,40.686710357666016,0.0132720981022607,1.0638770134233713
2016-12-07,40.804893493652344,0.0029005004995904,0.2201480514746426
2016-12-08,39.813873291015625,-0.0245865860846366,-1.9945497871616518
2016-12-09,40.29574203491211,0.0120303799653073,0.9521090720861478
2016-12-12,40.43212127685547,0.0033787434991983,0.2493770844956951
2016-12-13,40.30483627319336,-0.003153081636449,-0.2771758181115575
2016-12-14,40.686710357666016,0.0094300437569893,0.7386460670264713
2016-12-15,40.77762222290039,0.0022319437254285,0.16048340215585546
2016-12-16,40.87763977050781,0.0024497526597856,0.17621858776040383
2016-12-19,40.57760238647461,-0.0073669596469966,-0.628112025914315
2016-12-20,40.677608489990234,0.0024615320773355,0.17600891435031546
2016-12-21,40.52305221557617,-0.0038067784108618,-0.33061824887076824
2016-12-22,40.468505859375,-0.0013469641958907,-0.12383995861002893
2016-12-23,40.659423828125,0.0047065991187262,0.37044522042824435
2016-12-27,40.941280364990234,0.0069082163096998,0.5457730122735401
2016-12-28,40.14118576049805,-0.0197359703734505,-1.6298399722406658
2016-12-29,40.7503547668457,0.0150616620316824,1.212767347599004
2016-12-30,40.17755508422851,-0.0141560371218873,-1.1749479557092604
2017-01-03,40.313934326171875,0.0033886656451882,0.253386983947067
2017-01-04,40.641239166259766,0.0080861199939982,0.6333813815025611
2017-01-05,40.81398010253906,0.0042413781900555,0.3151178605196088
2017-01-06,40.79580307006836,-0.0004454621018374,-0.07484374247585128
2017-01-09,40.277565002441406,-0.0127845959428062,-1.0823166807634503
2017-01-10,39.62294387817383,-0.0163862729052213,-1.3668254601007883
2017-01-11,39.604766845703125,-0.0004588554338767,-0.0556744992667124
2017-01-12,39.52294158935547,-0.0020681828687428,-0.21980583747566715
2017-01-13,39.80477523803711,0.0071055829097593,0.5739241602198619
2017-01-17,40.47760009765625,0.016761851148157,1.4070877971364943
2017-01-18,40.677608489990234,0.0049290440073081,0.37909958943426475
2017-01-19,40.850364685058594,0.0042379675810438,0.3159119630377366
2017-01-20,41.41405487060547,0.0137045641608777,1.133567472793362
2017-01-23,41.3958740234375,-0.0004390982507266,-0.08386189000155138
2017-01-24,41.90504455566406,0.0122250002092994,1.0147383450104102
2017-01-25,42.03231430053711,0.0030324957596638,0.21184142714834067
2017-01-26,41.91412353515625,-0.0028158632223936,-0.29975792814406227
2017-01-27,41.22312545776367,-0.0166234509362123,-1.4984634244462915
2017-01-30,41.19586563110352,-0.0006614938449023,-0.09079199107378447
2017-01-31,41.1140251159668,-0.001988595571294,-0.20386401457408213
2017-02-01,41.14130783081055,0.000663366492283,0.0347347877623423
2017-02-02,41.3958740234375,0.0061685411135559,0.5294620334772904
2017-02-03,41.65045547485352,0.0061310897287205,0.522450859416871
2017-02-06,41.323150634765625,-0.0078894133479593,-0.7248181332481388
2017-02-07,42.977882385253906,0.0392627292539467,3.3874515423898695
2017-02-08,43.48704528808594,0.0117774640414666,0.9946892782505171
2017-02-09,43.70523834228515,0.0050048811791839,0.4020259629557423
2017-02-10,43.85981750488281,0.0035306166752133,0.2677035651500264
2017-02-13,44.02346420288086,0.0037241869889339,0.2932414179973377
2017-02-14,44.12348556518555,0.0022694240809483,0.16867433647928343
2017-02-15,44.3598747253418,0.0053431452370997,0.43917212069130884
2017-02-16,44.66107940673828,0.0067670771171296,0.5609460724998078
2017-02-17,45.36390686035156,0.0156143702389992,1.3315707549180587
2017-02-21,45.28175735473633,-0.0018125418091887,-0.1983478043813096
2017-02-22,45.354774475097656,0.0016112076374322,0.10559874900828548
2017-02-23,45.29088592529297,-0.0014096330723768,-0.15762876943877852
2017-02-24,45.208740234375,-0.001815382382532,-0.19063426556441718
2017-02-27,45.236114501953125,0.0006053250567717,0.020873943654103305
2017-02-28,45.4916877746582,0.0056338617775688,0.45997048441922544
2017-03-01,45.84767150878906,0.0077947894390484,0.6486636694666273
2017-03-02,45.81114196777344,-0.0007970764962825,-0.10881748872383076
2017-03-03,45.50082015991211,-0.0067969846522316,-0.6347809431318339
2017-03-06,45.33652114868164,-0.0036174372351633,-0.3524791390158804
2017-03-07,45.226993560791016,-0.0024188027958549,-0.2507362433960118
2017-03-08,45.19048309326172,-0.000807597620831,-0.10676055680230753
2017-03-09,45.30000305175781,0.0024205862215362,0.17541551822604504
2017-03-10,45.66511154174805,0.0080274828931273,0.669427525877172
2017-03-13,45.50082015991211,-0.0036042314628143,-0.3568243980733235
2017-03-14,45.40953826904297,-0.002008174274596,-0.21623974132853252
2017-03-15,45.802024841308594,0.0086061236393795,0.7251216948011919
2017-03-16,45.73813247680664,-0.0013959419941842,-0.1596020285620814
2017-03-17,45.729007720947266,-0.0001995198684449,-0.05310571018582665
2017-03-20,45.81114196777344,0.0017944971500774,0.12208449766283958
2017-03-21,45.94807434082031,0.002984604276354,0.22760359019815488
2017-03-22,45.89329528808594,-0.0011929059736741,-0.14449990280983527
2017-03-23,45.94807434082031,0.001192905973674,0.06710802860866882
2017-03-24,45.83854293823242,-0.0023866541294765,-0.25009043131291947
2017-03-27,45.89329528808594,0.0011937481558024,0.0692008016760445
2017-03-28,45.87504577636719,-0.0003977300177303,-0.07073823915057674
2017-03-29,45.67424392700195,-0.0043867554194834,-0.423823636649631
2017-03-30,45.66511154174805,-0.0001999660548834,-0.05197274435382352
2017-03-31,45.51906967163086,-0.0032032309343129,-0.31280266343704166
2017-04-03,45.53732681274414,0.0004010073330997,0.0037431442249345327
2017-04-04,45.40953826904297,-0.0028101821361971,-0.2776594353696947
2017-04-05,45.2452392578125,-0.0036247221735258,-0.3475938275704576
2017-04-06,45.418678283691406,0.0038259815404097,0.31699238082116865
2017-04-07,45.226993560791016,-0.0042293251233059,-0.4028132199478753
2017-04-10,45.528202056884766,0.0066378481144998,0.5663940524767801
2017-04-11,45.64686584472656,0.0026029891191503,0.20488431570635335
2017-04-12,45.65597915649414,0.0001996282108781,-0.011628114855591518
2017-04-13,45.45518493652344,-0.0044076825721565,-0.42489497638604434
2017-04-17,45.94807434082031,0.010785046087232,0.936482075074446
2017-04-18,46.27665710449219,0.0071257275323928,0.60362368936143
2017-04-19,46.23102188110352,-0.0009866257069896,-0.11964087417120987
2017-04-20,45.88417434692383,-0.0075307698967559,-0.7089488296366041
2017-04-21,45.86591720581055,-0.0003979754362153,-0.07598116868833303
2017-04-24,45.99371719360352,0.0027825077050336,0.21404190905331516
2017-04-25,45.911563873291016,-0.0017877828399004,-0.19778140031625926
2017-04-26,45.4460563659668,-0.0101909733398921,-0.9560930851959218
2017-04-27,45.43692779541016,-0.0002008862422723,-0.050869680246415534
2017-04-28,45.208740234375,-0.0050347258288611,-0.48469244999147076
2017-05-01,45.01705551147461,-0.0042490068323887,-0.4122256814728769
2017-05-02,44.5698127746582,-0.0099846430833199,-0.9240246680530079
2017-05-03,44.496788024902344,-0.0016397788949656,-0.16818351092949038
2017-05-04,46.413578033447266,0.0421750391041121,3.6764753724469763
2017-05-05,46.34968185424805,-0.0013776184532955,-0.14969669377452766
2017-05-08,46.20363998413086,-0.0031558454828701,-0.3005104748942562
2017-05-09,45.90243148803711,-0.0065404932603905,-0.5967903773403079
2017-05-10,46.43182373046875,0.0114669911413661,0.9955746904017221
2017-05-11,46.2492790222168,-0.0039392052722908,-0.3709138244281031
2017-05-12,45.99275588989258,-0.0055619716948974,-0.5097396609089914
2017-05-15,46.03854751586914,0.0009951316141547,0.06890128742739943
2017-05-16,45.33308029174805,-0.0154420197946716,-1.3810797703254503
2017-05-17,45.54380416870117,0.0046375765603323,0.3917111260703745
2017-05-18,45.51633071899414,-0.0006034133504089,-0.06756013994469862
2017-05-19,45.5712890625,0.0012067139377821,0.10122131222567778
2017-05-22,45.82782745361328,0.0056136005373408,0.4897037109236592
2017-05-23,46.09353256225586,0.0057811557319001,0.5086731618838328
2017-05-24,46.47832489013672,0.0083134238557556,0.7351404166934364
2017-05-25,46.90892791748047,0.0092219455244106,0.8115481486593127
2017-05-26,46.81731796264648,-0.0019548416379417,-0.19711806686809424
2017-05-30,47.211280822753906,0.0083796881056589,0.7359586191881312
2017-05-31,47.330379486083984,0.0025194972447676,0.20546815166189342
2017-06-01,47.87093353271485,0.0113561428665381,1.001700386777516
2017-06-02,48.16411209106445,0.0061056766774129,0.5255986718521841
2017-06-05,48.20991516113281,0.0009505273323712,0.058095386084740096
2017-06-06,48.393157958984375,0.0037937306072829,0.31276056794996177
2017-06-07,48.796287536621094,0.0082957956501149,0.7181754025874112
2017-06-08,48.393157958984375,-0.008295795650115,-0.777793192198208
2017-06-09,48.55808639526367,0.0034022997120636,0.28044492633505347
2017-06-12,48.466461181640625,-0.0018887022541901,-0.1967502634581398
2017-06-13,48.37483596801758,-0.001892276201582,-0.1992393435342246
2017-06-14,48.72298812866211,0.0071711937087948,0.6195713132421069
2017-06-15,49.061973571777344,0.0069333115268716,0.5929724044751292
2017-06-16,48.74131774902344,-0.0065571816111581,-0.6226466828914761
2017-06-19,49.24522399902344,0.0102853041499439,0.8928890381547778
2017-06-20,49.04365539550781,-0.0041015603664669,-0.40344959811435693
2017-06-21,48.57640075683594,-0.0095729960714817,-0.8918774042027566
2017-06-22,48.41148376464844,-0.0034007783950319,-0.33149108055976173
2017-06-23,48.5947151184082,0.0037777291303232,0.3163058648177215
2017-06-26,48.64053726196289,0.000942500704733,0.05204963440757696
2017-06-27,48.264888763427734,-0.007752927685487,-0.7350600095104884
2017-06-28,48.17327499389648,-0.0018999490143919,-0.19727282144444422
2017-06-29,47.467803955078125,-0.0147527368283268,-1.3604566560337719
2017-06-30,47.531944274902344,0.0013503263064437,0.11590740338449619
2017-07-03,47.66020202636719,0.0026947145129123,0.23698147772632347
2017-07-05,47.44031524658203,-0.0046243107384313,-0.4337199791881945
2017-07-06,47.5960807800293,0.0032780214620974,0.290006598136713
2017-07-07,47.64188766479492,0.000961945934922,0.07186434930962675
2017-07-10,47.925907135009766,0.0059438497455044,0.5358644518374008
2017-07-11,47.80680084228515,-0.0024883105617072,-0.24691412419956074
2017-07-12,47.550262451171875,-0.0053805979582278,-0.5258697223932781
2017-07-13,47.64188766479492,0.0019250587744305,0.16025918901291134
2017-07-14,48.20991516113281,0.0118523414101589,1.0846079498087586
2017-07-17,48.86041259765625,0.0134028016427697,1.2225053000823438
2017-07-18,49.13526916503906,0.0056095795894238,0.4913360992090962
2017-07-19,48.512264251708984,-0.0127604527246326,-1.2130507054002857
2017-07-20,48.54890823364258,0.0007550698747248,0.0419232118457511
2017-07-21,48.796287536621094,0.0050825278751123,0.44316428581348205
2017-07-24,48.37483596801758,-0.0086744743938236,-0.8344015664227449
2017-07-25,48.86041259765625,0.0099877497791955,0.902554519409832
2017-07-26,49.17192840576172,0.0063553895265957,0.5580867795126534
2017-07-27,49.2910270690918,0.0024191579633046,0.1853688116075424
2017-07-28,48.83293151855469,-0.0093371463051015,-0.9095490943254648
2017-07-31,48.87874984741211,0.0009378271169849,0.051478230315270435
2017-08-01,48.567230224609375,-0.0063937103162823,-0.6298039009534969
2017-08-02,48.31070327758789,-0.0052958922079351,-0.5295810469294012
2017-08-03,47.43115997314453,-0.0183737399400572,-1.7430743991966386
2017-08-04,46.16682815551758,-0.0270178612122724,-2.550582142736584
2017-08-07,46.07521057128906,-0.0019864611758417,-0.1932785752121336
2017-08-08,45.53464889526367,-0.0118015233970562,-1.1138667190033116
2017-08-09,45.73621368408203,0.0044168557370761,0.4145371208431894
2017-08-10,45.424705505371094,-0.0068342749054219,-0.6408623038328456
2017-08-11,45.6362419128418,0.0046460484759437,0.4359615197276344
2017-08-14,45.96733474731445,0.0072288504084582,0.6766095177595588
2017-08-15,45.77418899536133,-0.0042106568419705,-0.40037418857760154
2017-08-16,46.23405456542969,0.009996265152246,0.9298586239462571
2017-08-17,45.8477668762207,-0.0083901458334354,-0.7958337573580032
2017-08-18,46.03171157836914,0.0040040485862273,0.369957428189617
2017-08-21,46.35361862182617,0.0069688195198994,0.6439004397552941
2017-08-22,46.32601547241211,-0.0005956680882484,-0.06515305380280256
2017-08-23,46.03171157836914,-0.0063731514316508,-0.6059353887439148
2017-08-24,45.61783981323242,-0.0090316771262503,-0.8536465841562703
2017-08-25,45.7465934753418,0.002818465407319,0.2596035949295422
2017-08-28,45.7465934753418,0.0,-0.007234692306602319
2017-08-29,45.54426956176758,-0.0044325190517804,-0.419086529970772
2017-08-30,45.61783981323242,0.0016140536444615,0.14692908313419598
2017-08-31,46.14207458496094,0.0114263505778887,1.0635429827807357
2017-09-01,46.17887496948242,0.0007972272089529,0.06656207399090654
2017-09-05,46.344425201416016,0.0035785668755741,0.32706182861776
2017-09-06,45.82017517089844,-0.011376508608301,-1.0686708240440628
2017-09-07,45.50748062133789,-0.0068477783373482,-0.6563802801079877
2017-09-08,45.17637634277344,-0.0073024187766439,-0.7029324419686054
2017-09-11,45.6362419128418,0.0101278767146022,0.9445570440995482
2017-09-12,45.46149063110352,-0.003836571805013,-0.3872916353722483
2017-09-13,45.32353210449219,-0.0030392377211005,-0.31544247532253045
2017-09-14,45.67303085327149,0.0076816190853377,0.707020346545881
2017-09-15,46.38120651245117,0.0153863559247885,1.4362263471451178
2017-09-18,46.5467529296875,0.0035629017005068,0.3045940991269835
2017-09-19,46.50996398925781,-0.0007906778481846,-0.10961772425437004
2017-09-20,45.70061874389648,-0.0175547319153932,-1.6929263153530434
2017-09-21,44.59696578979492,-0.0244460119694416,-2.313720795160305
2017-09-22,44.70732498168945,0.0024715329379664,0.23000505874217422
2017-09-25,44.57856750488281,-0.0028841637234164,-0.28287449021654043
2017-09-26,44.8268928527832,0.0055550519059512,0.5166178848826067
2017-09-27,44.18309020996094,-0.0144661047652059,-1.3772525792231536
2017-09-28,44.25666809082031,0.0016639099710054,0.15359995312618946
2017-09-29,44.56016540527344,0.0068342561605604,0.6378651523971284
2017-10-02,44.0819206237793,-0.0107905723643623,-1.0322652332517632
2017-10-03,43.557674407958984,-0.011963826822796,-1.1515183331590935
2017-10-04,43.81520462036133,0.00589498620279,0.5482145750462587
2017-10-05,44.0819206237793,0.006068840620006,0.5623911474613962
2017-10-06,43.64045715332031,-0.0100650987480178,-0.9775732619881202
2017-10-09,43.2449836730957,-0.009103394253216,-0.8784451067680058
2017-10-10,43.576080322265625,0.0076271411340365,0.7207505060535125
2017-10-11,43.59446716308594,0.0004218590251733,0.03098361150509087
2017-10-12,43.88877868652344,0.0067284342484879,0.6421175289292961
2017-10-13,44.1095085144043,0.0050166951614986,0.4748987837659263
2017-10-16,44.01754379272461,-0.0020870947718097,-0.20611985626956242
2017-10-17,43.87038803100586,-0.003348716852952,-0.32354231710892517
2017-10-18,43.60366439819336,-0.0060983675050559,-0.5860418863849963
2017-10-19,43.484092712402344,-0.0027460062101614,-0.266714526095065
2017-10-20,42.472412109375,-0.023540448125205,-2.2407093891742265
2017-10-23,42.48160934448242,0.0002165226551011,0.02542153400767514
2017-10-24,42.04935073852539,-0.0102273148987554,-0.96676496782671
2017-10-25,42.08613586425781,0.0008744259898318,0.0967830186245265
2017-10-26,42.08613586425781,0.0,0.010891810105821116
2017-10-27,41.68146133422851,-0.009661914431746,-0.9099662445854105
2017-10-30,41.21240997314453,-0.0113170336921518,-1.0597427720221306
2017-10-31,41.54351043701172,0.0080018983277953,0.7831473657832291
2017-11-01,42.472412109375,0.0221134160499252,2.105221083348677
2017-11-02,41.78262710571289,-0.0163741046616494,-1.5399134604299538
2017-11-03,40.39386367797851,-0.0338027493846124,-3.425806448107144
2017-11-06,39.842044830322266,-0.0137551268102642,-1.3905748878732143
2017-11-07,40.24671173095703,0.010105546940405,1.0223796677242727
2017-11-08,40.88131332397461,0.0156447672977569,1.6134073602950803
2017-11-09,40.46744537353515,-0.0101752387595027,-1.0363359881198377
2017-11-10,41.157230377197266,0.0169017865778649,1.7945364147638503
2017-11-13,41.8838005065918,0.017499509897783,1.8439039628744358
2017-11-14,42.24399185180664,0.0085630095842967,0.8902716722664389
2017-11-15,41.01564407348633,-0.029508582304464,-3.1084926533821973
2017-11-16,41.68985366821289,0.0163042251935473,1.6934899474047653
2017-11-17,41.32966613769531,-0.0086772313635111,-0.9156495645140493
2017-11-20,41.265010833740234,-0.0015656049404715,-0.16920270144788543
2017-11-21,41.375831604003906,0.0026819871003969,0.27409836274023225
2017-11-22,41.338897705078125,-0.0008930429124035,-0.09895214272362048
2017-11-24,41.39430618286133,0.0013394497846935,0.1321126097269511
2017-11-27,41.65290069580078,0.006227671186866,0.6450985113252925
2017-11-28,42.16086196899414,0.0121213384641537,1.2518472387765298
2017-11-29,43.213741302490234,0.0246661811683468,2.518678629080979
2017-11-30,43.490814208984375,0.0063912178087405,0.6298676972406437
2017-12-01,43.259918212890625,-0.0053232182572383,-0.6063061373036085
2017-12-04,44.654510498046875,0.0317287912848177,3.2412387128371933
2017-12-05,44.5898551940918,-0.0014489500769127,-0.19466860475880976
2017-12-06,44.137306213378906,-0.0102010004128754,-1.0997292631836173
2017-12-07,44.45132827758789,0.0070894732999979,0.7047368587483945
2017-12-08,44.70068359375,0.0055939504037894,0.543179488639853
2017-12-11,44.2943115234375,-0.0091325336703877,-1.0068238260522144
2017-12-12,44.69145202636719,0.0089259927403251,0.9018216946553521
2017-12-13,44.45132827758789,-0.0053874094737269,-0.610479637699933
2017-12-14,44.7560920715332,0.0068327271081097,0.6827990711836396
2017-12-15,45.310245513916016,0.0123056060695033,1.2536689627131279
2017-12-18,45.49494552612305,0.0040680552468274,0.38416154824867277
2017-12-19,45.458011627197266,-0.0008121539334589,-0.133330408081117
2017-12-20,45.69813537597656,0.0052684171519732,0.5072637622814588
2017-12-21,45.71660614013672,0.0004041090989304,-0.007857634783143287
2017-12-22,46.224571228027344,0.0110498967051506,1.1082579765807492
2017-12-26,46.32615280151367,0.0021951554748484,0.1767306037362798
2017-12-27,46.23379898071289,-0.0019955466628965,-0.26128155606899217
2017-12-28,46.34463119506836,0.0023943431983886,0.19409312898162073
2017-12-29,46.335391998291016,-0.0001993783879116,-0.07580887600759197
2018-01-02,45.65196228027344,-0.0148594836470834,-1.6420847416275437
2018-01-03,45.356414794921875,-0.0064949740631351,-0.743362171611296
2018-01-04,46.12297058105469,0.0167594857669232,1.7276038353632328
2018-01-05,46.2430419921875,0.0025999060785033,0.22366597516715414
2018-01-08,46.58476638793945,0.0073625769127517,0.7258392460275113
2018-01-09,46.53859329223633,-0.0009916545031344,-0.16683013936679228
2018-01-10,45.98445129394531,-0.0119786076381285,-1.3438643971682114
2018-01-11,45.5965461730957,-0.008471352166308,-0.9637158568880287
2018-01-12,45.27328872680664,-0.0071147660881935,-0.8158454768295066
2018-01-16,45.4857177734375,0.0046811758467298,0.44281192330883573
2018-01-17,46.039852142333984,0.0121089907518066,1.2406503207276842
2018-01-18,45.68891143798828,-0.0076517420037003,-0.8669097736311736
2018-01-19,46.09526824951172,0.0088546733858816,0.89382686444494
2018-01-22,46.27999496459961,0.0039994897962914,0.38119637025295755
2018-01-23,46.04908752441406,-0.0050018459053841,-0.5806875008759841
2018-01-24,45.356414794921875,-0.0151563302340386,-1.6522857797492927
2018-01-25,45.56884002685547,0.004672532814609,0.4646797042835311
2018-01-26,45.356414794921875,-0.004672532814609,-0.5321699806633278
2018-01-29,45.19016647338867,-0.0036721101121127,-0.43355329746190535
2018-01-30,45.34717559814453,0.0034683872656574,0.3315292364684881
2018-01-31,45.11628723144531,-0.0051045772696804,-0.5873914432667876
2018-02-01,44.783809661865234,-0.0073966346398841,-0.8288061398964144
2018-02-02,42.78888702392578,-0.0455682627276567,-4.681830856135846
2018-02-05,43.79558944702149,0.0232546948560505,2.337786564657372
2018-02-06,44.21118927001953,0.0094447931963139,0.9301473761345233
2018-02-07,43.749412536621094,-0.0104997229726923,-1.103833067145278
2018-02-08,43.75864791870117,0.0002110750042066,0.01952036169545528
2018-02-09,44.84846115112305,0.0246000169211172,2.5341081005454247
2018-02-12,44.913108825683594,0.001440431261509,0.13929125293235983
2018-02-13,44.92233657836914,0.000205436788931,0.012960507444530717
2018-02-14,45.34723663330078,0.0094140955336413,0.9613885970174582
2018-02-15,46.11724853515625,0.016837794311282,1.714485450964369
2018-02-16,46.18219757080078,0.0014073550623494,0.1310850002455253
2018-02-20,44.88338470458984,-0.0285267147224571,-2.894991516221459
2018-02-21,44.47518539428711,-0.0091362730908522,-0.9198074050211764
2018-02-22,44.68855667114258,0.0047860639136522,0.49138452531392834
2018-02-23,45.56988906860352,0.0195297050027717,1.963103599656393
2018-02-26,46.37702178955078,0.0175569455522294,1.746192635395931
2018-02-27,45.89460372924805,-0.0104565721739679,-1.0494531158638218
2018-02-28,45.63483810424805,-0.0056761260034422,-0.5677959917028188
2018-03-01,45.54205322265625,-0.0020352725843209,-0.200723910576464
2018-03-02,46.41411590576172,0.018967489317236,1.8768136181645634
2018-03-05,46.77593231201172,0.0077651687327198,0.75940622056534
2018-03-06,47.100643157958984,0.006917852281805,0.6707864842386039
2018-03-07,46.34918212890625,-0.0160830097781171,-1.5960512556806397
2018-03-08,47.29546356201172,0.020210736809174,1.9605856942021167
2018-03-09,46.93364334106445,-0.0076796228061835,-0.764636503439521
2018-03-12,46.90581130981445,-0.0005931840113445,-0.06848182423555906
2018-03-13,47.07282257080078,0.003554242701901,0.3347529728675078
2018-03-14,46.23786163330078,-0.0178968406627126,-1.7484260788568733
2018-03-15,45.95953750610352,-0.0060375883758461,-0.5892153796089439
2018-03-16,46.395565032958984,0.009442483513431,0.9124254847431823
2018-03-19,46.56254959106445,0.0035926877043979,0.3422073799602322
2018-03-20,46.08942413330078,-0.0102130489235753,-0.9930357155560038
2018-03-21,45.44929504394531,-0.0139862023396948,-1.3478127468847427
2018-03-22,44.88338470458984,-0.0125296347792607,-1.1992279416712222
2018-03-23,43.88142776489258,-0.0225765023200474,-2.138785905416891
2018-03-26,43.94637680053711,0.0014790087901066,0.15723946890780738
2018-03-27,44.67928314208984,0.0165397481941985,1.5819704019393348
2018-03-28,45.68122482299805,0.0221774482972736,2.09072008150398
2018-03-29,46.72027587890625,0.0224908653436735,2.0923484375675656
2018-04-02,45.39361953735352,-0.0288066870988963,-2.650419505583868
2018-04-03,46.06158447265625,0.0146077376428166,1.336223710386756
2018-04-04,46.82233047485352,0.0163809420349962,1.4865194426519388
2018-04-05,46.256404876708984,-0.0121602978326268,-1.1150736932481125
2018-04-06,45.92242813110352,-0.0072463101583187,-0.6654235132494907
2018-04-09,45.89460372924805,-0.0006060836893427,-0.05898848437445604
2018-04-10,46.08942413330078,0.0042359679151225,0.37911150627165924
2018-04-11,45.81110382080078,-0.0060570090204828,-0.5541524652875445
2018-04-12,45.27301406860352,-0.0118153641832586,-1.0712894885484656
2018-04-13,45.41217803955078,0.003069168779455,0.28093746993069874
2018-04-16,46.47905731201172,0.0232215229204127,2.0852364991514087
2018-04-17,46.68317413330078,0.0043819720660995,0.3899239136081154
2018-04-18,46.63677215576172,-0.0009944708116209,-0.09263299239660615
2018-04-19,45.19880676269531,-0.0313186445749249,-2.7778069387871573
2018-04-20,42.526954650878906,-0.0609325854614326,-5.108359664674303
2018-04-23,42.12803268432617,-0.0094247233854292,-0.7647451414653876
2018-04-24,42.17441177368164,0.0011003024724319,0.12155887128358085
2018-04-25,42.573333740234375,0.0094144076762412,0.8164966358903744
2018-04-26,42.80526351928711,0.0054329857128758,0.4770743232436157
2018-04-27,43.39900970458984,0.0137755485304363,1.1710595771550505
2018-04-30,42.86094665527344,-0.0124755460273506,-1.0271217755747448
2018-05-01,42.95369720458984,0.0021616493703422,0.19666443317358975
2018-05-02,42.55477523803711,-0.0093306510891061,-0.7663287244103105
2018-05-03,44.11336135864258,0.0359706399847434,2.963097139634804
2018-05-04,43.92780685424805,-0.0042151821222186,-0.3370806605510982
2018-05-07,44.08553695678711,0.0035842354027025,0.31899229160552606
2018-05-08,44.28035354614258,0.0044093236402443,0.3859678378296028
2018-05-09,44.29891204833984,0.0004190258825077,0.04725067760700936
2018-05-10,44.31746673583984,0.0004187642967523,0.051024675473016895
2018-05-11,44.02986526489258,-0.0065107226301887,-0.5335867163901409
2018-05-14,43.84160232543945,-0.0042849683218676,-0.34602598195905765
2018-05-15,43.356956481933594,-0.0111160285354917,-0.9176718770586723
2018-05-16,43.44083404541016,0.0019327125512411,0.1778945551277605
2018-05-17,43.51539611816406,0.0017149338440167,0.16048933699688078
2018-05-18,42.98414993286133,-0.0122833676966951,-1.0185444731260436
2018-05-21,43.25444030761719,0.0062684526510952,0.5467583351742857
2018-05-22,43.31036376953125,0.0012920602152393,0.12808321936507355
2018-05-23,43.88820266723633,0.0132535976172084,1.133663602528003
2018-05-24,43.55268478393555,-0.007674202303472,-0.625332316665946
2018-05-25,44.195762634277344,0.0146575667761092,1.253506892714379
2018-05-29,44.37284851074219,0.0039988458699683,0.3543859083808414
2018-05-30,44.85748672485352,0.010862740309026,0.9304739899447353
2018-05-31,43.757713317871094,-0.0248226009919313,-2.0439758164250263
2018-06-01,44.102569580078125,0.0078501462049805,0.6824102029018623
2018-06-04,43.81363296508789,-0.0065730240139682,-0.517314903855276
2018-06-05,43.58063507080078,-0.0053321219243258,-0.4115219750096759
2018-06-06,43.562007904052734,-0.0004275098022244,-0.0008477352473441874
2018-06-07,44.177120208740234,0.01402162058764,1.2010866223592578
2018-06-08,44.91341018676758,0.0165294052881699,1.3975397942576078
2018-06-11,45.52853012084961,0.0136027470626941,1.1482647185010233
2018-06-12,46.311424255371094,0.0170495097570559,1.421894095114148
2018-06-13,46.2554931640625,-0.0012084468117634,-0.08505758551560794
2018-06-14,46.41393280029297,0.003419462006248,0.2982622823921902
2018-06-15,46.84266662597656,0.0091947776111803,0.7740112850473704
2018-06-18,46.86130142211914,0.0003977376150958,0.045732957623579304
2018-06-19,47.94242858886719,0.0228086813950811,1.8815898702425475
2018-06-20,47.29934310913086,-0.0135044790029414,-1.0946753634198878
2018-06-21,47.24342727661133,-0.0011828686384178,-0.08797213249608404
2018-06-22,47.1875,-0.0011845119975716,-0.08883989645054156
2018-06-25,48.0635871887207,0.0183958403122678,1.5061877031740925
2018-06-26,48.175437927246094,0.0023244372800219,0.19296920773240778
2018-06-27,48.725318908691406,0.0113494858438667,0.9230819829128855
2018-06-28,49.55479431152344,0.0168802226937995,1.3632998489657413
2018-06-29,49.54548263549805,-0.0001879243194804,-0.02918566734092051
2018-07-02,49.34044647216797,-0.0041469288707594,-0.3501525095179623
2018-07-03,49.65732192993164,0.0064016905643554,0.5083893440683122
2018-07-05,50.6172981262207,0.0191475275612101,1.5325582334256747
2018-07-06,50.9434928894043,0.00642365782265,0.4990771839671316
2018-07-09,49.815765380859375,-0.0223855280526773,-1.8176765951839713
2018-07-10,50.766414642333984,0.0189034990098165,1.498363868766084
2018-07-11,50.9434928894043,0.0034820290428607,0.2591323882432151
2018-07-12,51.19513702392578,0.0049275116359512,0.37187137117832486
2018-07-13,52.08986282348633,0.0173258107685254,1.3568432598314923
2018-07-16,51.139217376708984,-0.0184186921007062,-1.4871526567767988
2018-07-17,51.0460205078125,-0.0018240774629823,-0.15961959408464685
2018-07-18,50.13265609741211,-0.018054974676814,-1.4434678536332919
2018-07-19,50.458858489990234,0.0064857068187932,0.5046144756937251
2018-07-20,51.24174118041992,0.0153961364537659,1.2068245434855374
2018-07-23,51.0460205078125,-0.0038268685957451,-0.31845001009805357
2018-07-24,50.95281600952149,-0.00182756053726,-0.16181975391248252
2018-07-25,51.21378326416016,0.00510867199389,0.3920147715795616
2018-07-26,51.54930114746094,0.0065299533861988,0.5051442030669445
2018-07-27,51.59591293334961,0.0009038090516761,0.05754215196878462
2018-07-30,51.53065872192383,-0.0012655171036385,-0.11792322400518465
2018-07-31,52.09919357299805,0.010972524665364,0.8534885625719015
2018-08-01,51.400184631347656,-0.0135077056899604,-1.091419817286734
2018-08-02,52.92866897583008,0.0293033741730356,2.277027263180252
2018-08-03,53.28282928466797,0.0066689883347074,0.49028163819853926
2018-08-06,53.55310821533203,0.0050597114341637,0.35640435297840223
2018-08-07,52.63042068481445,-0.0173795458611263,-1.4218908369488312
2018-08-08,52.13645935058594,-0.0094297929717988,-0.7919346841656499
2018-08-09,51.7916145324707,-0.0066362450645548,-0.5662319899103915
2018-08-10,51.95005798339844,0.0030545791345179,0.20040997987280687
2018-08-13,52.08986282348633,0.0026875246184738,0.1718855223654692
2018-08-14,51.88214492797851,-0.0039956556837913,-0.35585942804871035
2018-08-15,52.45289993286133,0.010940920169086,0.8259803464309905
2018-08-16,53.19206619262695,0.013993630721873,1.0659348147985945
2018-08-17,53.47277069091797,0.0052633117812586,0.36936277169616905
2018-08-20,53.92188262939453,0.0083638159380285,0.6137486963066268
2018-08-21,53.135929107666016,-0.0146830507622889,-1.2049907523804009
2018-08-22,52.73359298706055,-0.007600639911222,-0.6417282076927743
2018-08-23,52.88329315185547,0.0028347789925727,0.18073100827130018
2018-08-24,52.705528259277344,-0.0033671189459832,-0.31206324003124775
2018-08-27,52.58389663696289,-0.0023104253165173,-0.22675278862991066
2018-08-28,52.81780624389648,0.0044384480428363,0.3062818871592285
2018-08-29,52.86458587646485,0.0008852872211731,0.02327274188737388
2018-08-30,52.75230407714844,-0.0021262099587617,-0.21406507590839763
2018-08-31,52.939449310302734,0.0035413440072737,0.23760946305654249
2018-09-04,52.84585952758789,-0.00176942919884,-0.18276054747537016
2018-09-05,53.98737716674805,0.0213708976693599,1.638075201087488
2018-09-06,54.380348205566406,0.0072525793078468,0.5191576731905655
2018-09-07,54.91366958618164,0.0097594657877346,0.7117393886042914
2018-09-10,54.717185974121094,-0.0035844620828834,-0.3432627353832459
2018-09-11,55.20372772216797,0.0088526361212081,0.6399138816128642
2018-09-12,55.60606002807617,0.0072617064263038,0.5105745304860191
2018-09-13,55.62477111816406,0.000336437120384,-0.03763550890565508
2018-09-14,55.71834564208984,0.0016808321641975,0.07052295061018675
2018-09-17,55.95225143432617,0.0041892161488894,0.2730547499498537
2018-09-18,55.87739562988281,-0.0013387472390102,-0.1635951064011567
2018-09-19,55.194374084472656,-0.012298897492954,-1.0266502147334273
2018-09-20,55.82125473022461,0.0112936766741778,0.8329161644107117
2018-09-21,56.17681121826172,0.0063493539736772,0.43434034981623504
2018-09-24,55.29729080200195,-0.015780143571294,-1.3242737223252719
2018-09-25,55.21308135986328,-0.0015240100415934,-0.18905719008622116
2018-09-26,55.5780029296875,0.0065875858486287,0.45680457217049775
2018-09-27,55.10079574584961,-0.0086233343099864,-0.7581214358418216
2018-09-28,55.549922943115234,0.0081179710189981,0.575506076797315
2018-10-01,55.71834564208984,0.0030273289904666,0.17078209719511306
2018-10-02,56.2703742980957,0.0098587273338382,0.709801261581176
2018-10-03,55.28792953491211,-0.0176135729676789,-1.4785325600481907
2018-10-04,54.548770904541016,-0.0134594317925395,-1.138872667889894
2018-10-05,55.38150405883789,0.0151504957690454,1.1296905790446043
2018-10-08,55.95225143432617,0.0102529978062244,0.73522127524797
2018-10-09,55.59670639038086,-0.0063747121425471,-0.5852137409752841
2018-10-10,52.35932922363281,-0.0599938318141925,-4.613349155467339
2018-10-11,51.33945846557617,-0.0196705027193097,-1.536450433880447
2018-10-12,52.462257385253906,0.0216343767271754,1.575133600596744
2018-10-15,53.37919998168945,0.0173271525220548,1.243647100203507
2018-10-16,54.74524688720703,0.0252693934478782,1.8195866764532715
2018-10-17,54.74524688720703,0.0,-0.06553487760236959
2018-10-18,55.26921844482422,0.0095255749865016,0.6400366498833656
2018-10-19,56.44815826416016,0.0211065390274335,1.4899607639187387
2018-10-22,56.03646087646485,-0.0073200981467421,-0.6287478758468869
2018-10-23,55.634124755859375,-0.0072057983616437,-0.6175470398909803
2018-10-24,56.06453323364258,0.0077066388401316,0.49033746383736465
2018-10-25,55.46570587158203,-0.0107384888859264,-0.8824756769308695
2018-10-26,54.296138763427734,-0.0213118024598419,-1.6555122141636647
2018-10-29,55.09143829345703,0.0145412041292883,0.9955980610624067
2018-10-30,56.354583740234375,0.0226692620694206,1.58267294767535
2018-10-31,55.549922943115234,-0.0143814523590364,-1.1449564591612083
2018-11-01,60.69603729248047,0.0885962835276873,5.977303146180335
2018-11-02,61.80946350097656,0.0181780713743184,1.140238034523496
2018-11-05,62.30535888671875,0.0079909557133972,0.4351234672295955
2018-11-06,63.512332916259766,0.019186666656807,1.2021501547799442
2018-11-07,61.856239318847656,-0.0264211342084063,-1.9369713784170228
2018-11-08,60.28433990478515,-0.0257406050529375,-1.8690712104811544
2018-11-09,61.33228302001953,0.0172339771877513,1.0665937556490084
2018-11-12,61.76266860961914,0.0069927700150126,0.3690627303367425
2018-11-13,61.32291030883789,-0.0071456002531054,-0.5947320253689042
2018-11-14,61.471248626708984,0.0024160496120476,0.0637390015545896
2018-11-15,61.78104782104492,0.0050270843739316,0.23587376707326974
2018-11-16,61.396141052246094,-0.0062496640024958,-0.5406973109438857
2018-11-19,60.851654052734375,-0.0089079823412305,-0.7252132774002569
2018-11-20,60.47613525390625,-0.0061901729204003,-0.5349464748303145
2018-11-21,61.51819610595703,0.0170841740882551,1.0741024864901392
2018-11-23,61.9030876159668,0.0062370564641691,0.3209190643946551
2018-11-26,61.621456146240234,-0.0045599352022817,-0.4249017309479508
2018-11-27,62.156551361083984,0.0086461005317216,0.488372142355963
2018-11-28,62.287986755371094,0.0021123537464791,0.03904370062776972
2018-11-29,61.92186737060547,-0.0058951916120052,-0.5096014269450668
2018-11-30,62.13776779174805,0.0034805944547739,0.14371666165303187
2018-12-03,62.34431076049805,0.0033184400628663,0.13009557701478594
2018-12-04,62.5226936340332,0.0028571678443176,0.10690539645908136
2018-12-06,62.63533020019531,0.0017999101155533,0.03171839017357766
2018-12-07,62.719818115234375,0.0013479769912542,-0.003261594853443068
2018-12-10,62.50390625,-0.0034484213002037,-0.33781847312316987
2018-12-11,64.21248626708984,0.0269686271374339,1.7853407028332144
2018-12-12,63.68675231933594,-0.0082211108464981,-0.6757659336274732
2018-12-13,64.94473266601562,0.0195600704569638,1.2609662087687754
2018-12-14,64.52226257324219,-0.0065263211138769,-0.55829866491754
2018-12-17,61.46186447143555,-0.048593427841473,-3.3966660233929042
2018-12-18,61.508792877197266,0.0007632456238211,-0.030670805131887788
2018-12-19,60.79532241821289,-0.0116672861040989,-0.873055873090697
2018-12-20,60.701454162597656,-0.0015451977728764,-0.18340465528327024
2018-12-21,60.926761627197266,0.0037048594497648,0.17462145868338824
2018-12-24,58.82389068603515,-0.0351244372088137,-2.4314751806323844
2018-12-26,60.88920211791992,0.0345077773013132,2.2286297033176856
2018-12-27,61.68716049194336,0.0130199596308798,0.7916108280358279
2018-12-28,61.72472381591797,0.0006087472911588,-0.035839473405806524
2018-12-31,61.73409652709961,0.0001518354245342,-0.06568621606321194
2019-01-02,60.48552322387695,-0.0204323453698582,-1.4258418695184192
2019-01-03,60.35409927368164,-0.002175180612077,-0.21829511456852316
2019-01-04,61.07695770263672,0.0119058004695734,0.7127565126990156
2019-01-07,61.84677505493164,0.0125252853823382,0.7558017959336014
2019-01-08,61.696556091308594,-0.0024318437306248,-0.2378674109665657
2019-01-09,61.790435791015625,0.001520479466904,0.02658631885704724
2019-01-10,62.92634963989258,0.0182163973568001,1.12963106844926
2019-01-11,63.03900909423828,0.0017887375627148,0.03569395295106711
2019-01-14,62.6071662902832,-0.006873977708747,-0.540720177662184
2019-01-15,63.254920959472656,0.0102931772774565,0.5961115772699707
2019-01-16,63.24553298950195,-0.0001484258703407,-0.09684240876254614
2019-01-17,63.26430130004883,0.0002967091181483,-0.06419377524799262
2019-01-18,64.17493438720703,0.0142914947925955,0.8608249007385738
2019-01-22,62.184722900390625,-0.0315033473089051,-2.1550152329336036
2019-01-23,61.499420166015625,-0.0110816104703642,-0.8038863753175001
2019-01-24,60.36349105834961,-0.0186432770638875,-1.2942413340193109
2019-01-25,59.69696044921875,-0.0111033641552932,-0.8011728172896041
2019-01-28,59.725120544433594,0.0004716061804058,-0.03955315258875999
2019-01-29,59.81900405883789,0.0015706925625551,0.031050445399155177
2019-01-30,59.330833435058594,-0.0081942764775783,-0.6092911716735497
2019-01-31,60.65450668334961,0.0220648114132405,1.3686242770340287
2019-02-01,60.710838317871094,0.0009282985775911,-0.01635464933693152
2019-02-04,61.36797332763672,0.0107658544168801,0.6229296118056508
2019-02-05,56.75857162475586,-0.0780814052253136,-5.012505609459754
2019-02-06,58.93655014038086,0.0376547570740231,2.2931029668884477
2019-02-07,58.74879455566406,-0.0031908092634778,-0.27161893307097973
2019-02-08,59.4622688293457,0.0120713394672448,0.6826781718649723
2019-02-11,60.25083541870117,0.0131744640656436,0.7479951698424956
2019-02-12,60.22267532348633,-0.0004674902483412,-0.10330406723722382
2019-02-13,60.851654052734375,0.0103900536279609,0.579167794056661
2019-02-14,60.6236686706543,-0.0037536125799728,-0.31163787184367475
2019-02-15,60.9439811706543,0.0052697118299257,0.2583794481047476
2019-02-19,61.19834518432617,0.0041650489061472,0.19224094848984802
2019-02-20,61.17951202392578,-0.0003077870617887,-0.08996330425785486
2019-02-21,62.31943893432617,0.0184610359234799,1.0893207400282827
2019-02-22,62.44190216064453,0.0019631604561902,0.039186416901940926
2019-02-25,61.51866149902344,-0.0148959912061158,-1.0250343461697287
2019-02-26,61.80128860473633,0.0045836476629089,0.2145518416055981
2019-02-27,61.93317794799805,0.0021318133400528,0.06269534467747764
2019-02-28,61.98970031738281,0.0009122185361654,-0.017905851312632715
2019-03-01,61.78245162963867,-0.0033488774037577,-0.2903526465792411
2019-03-04,62.07449722290039,0.0047158619231178,0.22245759335002718
2019-03-05,61.82954788208008,-0.0039538605817222,-0.3256179300672057
2019-03-06,61.57518768310547,-0.0041223792267972,-0.33342348689971263
2019-03-07,61.82954788208008,0.0041223792267971,0.19463851557199696
2019-03-08,61.84838104248047,0.0003045516804771,-0.053878820378919265
2019-03-11,62.6020622253418,0.0121122975103608,0.7067612629076943
2019-03-12,62.55495071411133,-0.0007528385721119,-0.12170244933278605
2019-03-13,63.06370162963867,0.008099970627094,0.44508032903628264
2019-03-14,63.05426025390625,-0.0001497229357191,-0.08417120542216182
2019-03-15,63.497047424316406,0.006997777983211,0.3698624292041069
2019-03-18,62.98832702636719,-0.0080439836344226,-0.59884702063082
2019-03-19,62.53611755371094,-0.0072051532354464,-0.540531268996655
2019-03-20,62.008541107177734,-0.0084721353426143,-0.6186302478423262
2019-03-21,62.903533935546875,0.014330210172917,0.842831679331996
2019-03-22,63.21442031860352,0.0049300992010559,0.23345224490664707
2019-03-25,64.07173919677734,0.0134709358177778,0.7777663467005093
2019-03-26,64.78770446777344,0.0111124589444878,0.6195227687835906
2019-03-27,65.3341293334961,0.0083987146776373,0.44182776713894995
2019-03-28,67.78358459472656,0.036805496345577,2.2564963224507566
2019-03-29,67.10527801513672,-0.0100573506816259,-0.7453468055748356
2019-04-01,67.80240631103516,0.0103349858016521,0.5716315428201152
2019-04-02,67.84009552001953,0.0005557138720612,-0.06755161070924885
2019-04-03,67.96257781982422,0.0018038280102072,0.016951227155022425
2019-04-04,68.44303894042969,0.0070446235131811,0.36128215007336556
2019-04-05,68.12272644042969,-0.0046909719501859,-0.40674334123978206
2019-04-08,68.16983032226562,0.0006912172583774,-0.05728433021059073
2019-04-09,68.78218841552734,0.008942725779088,0.47936135628858634
2019-04-10,68.98003387451172,0.0028722764733877,0.08311691938045646
2019-04-11,69.43224334716797,0.0065342625772176,0.3192071824621658
2019-04-12,69.61125183105469,0.0025748573503248,0.056793712067223355
2019-04-15,69.49817657470703,-0.0016257026219933,-0.2169241513111013
2019-04-16,69.30975341796875,-0.0027148776367492,-0.2825555988329474
2019-04-17,69.3851318359375,0.0010869676304555,-0.031907702394525506
2019-04-18,69.5547103881836,0.0024410368363256,0.05617097421382658
2019-04-22,69.47933959960938,-0.0010842062928333,-0.1850832340500343
2019-04-23,69.18730163574219,-0.0042120930172801,-0.4221716381493173
2019-04-24,69.03654479980469,-0.0021813442412944,-0.28489486272349834
2019-04-25,69.14962005615234,0.0016365644375959,-0.022397239472481196
2019-04-26,69.82791900634766,0.0097613519520018,0.5364105076594521
2019-04-29,69.51702880859375,-0.004462174172416,-0.4392003492765216
2019-04-30,70.6098403930664,0.0155977757372093,0.9394326698777321
2019-05-01,69.37569427490234,-0.0176329375417487,-1.3412588076679872
2019-05-02,70.33665466308594,0.0137564868082215,0.8087119423963524
2019-05-03,70.03516387939453,-0.0042956093384068,-0.43026884301442
2019-05-06,69.57354736328125,-0.0066130285752692,-0.5836282261050737
2019-05-07,68.65972900390625,-0.0132215873837232,-1.0372861214989275
2019-05-08,68.94236755371094,0.0041080616409686,0.1614436063549356
2019-05-09,68.44303894042969,-0.0072690517092733,-0.6219701605517414
2019-05-10,69.25323486328125,0.0117680057784032,0.6903064378992553
2019-05-13,69.63007354736328,0.005426708409999,0.2509417376483046
2019-05-14,68.48473358154297,-0.0165857122067881,-1.2632144515836203
2019-05-15,69.5620346069336,0.0156080857199,0.9475625616868876
2019-05-16,70.02508544921875,0.0066346026860282,0.3259464676410644
2019-05-17,69.81718444824219,-0.0029733664120075,-0.3344089250178668
2019-05-20,69.9022445678711,0.0012175848518198,-0.0456759196611317
2019-05-21,69.93059539794922,0.0004054960261627,-0.10526320087276136
2019-05-22,70.06289672851562,0.0018901074320536,-0.001639224224041576
2019-05-23,71.04568481445312,0.0139297548974686,0.8245620424488085
2019-05-24,70.60153198242188,-0.0062712744767418,-0.5624818174877679
2019-05-28,69.07061767578125,-0.0219224179200418,-1.6304190459764987
2019-05-29,69.33523559570312,0.0038238013218659,0.14002235739956764
2019-05-30,70.75276184082031,0.0202383452474838,1.2600683880673045
2019-05-31,70.31804656982422,-0.0061630985446784,-0.5447049103013981
2019-06-03,71.7922592163086,0.020748186048277,1.2917808061085896
2019-06-04,70.97955322265625,-0.0113848070975826,-0.9116073986453527
2019-06-05,72.78450012207031,0.0251111693360566,1.5794458296095037
2019-06-06,73.54051208496094,0.0103334170787488,0.5645725846558006
2019-06-07,73.69172668457031,0.0020540970380077,-0.0021904518478587398
2019-06-10,73.03965759277344,-0.008887987905129,-0.74433839787025
2019-06-11,72.47266387939453,-0.0077931075144647,-0.6635834096415283
2019-06-12,72.56715393066406,0.0013029534380849,-0.037496251135075265
2019-06-13,72.70890045166016,0.0019514099082557,0.011091113885462568
2019-06-14,72.91681671142578,0.0028554901578106,0.07210398101565797
2019-06-17,73.07746887207031,0.0022008015566643,0.027452686509209446
2019-06-18,72.1324691772461,-0.0130158176311266,-1.01051488608019
2019-06-19,72.00013732910156,-0.0018362518868619,-0.2428811895185805
2019-06-20,72.16080474853516,0.0022290016094563,0.04177448486754567
2019-06-21,71.763916015625,-0.0055152407014612,-0.4947408733486072
2019-06-24,71.93400573730469,0.0023673244406026,0.04823369773890549
2019-06-25,71.13074493408203,-0.0112294501672064,-0.8860147388682067
2019-06-26,68.72098541259766,-0.034465044439673,-2.4493720118226747
2019-06-27,69.11788177490234,0.0057588613038936,0.29526829534462096
2019-06-28,69.04227447509766,-0.0010944878668984,-0.16922774316523512
2019-07-01,69.50535583496094,0.00668482143355,0.3656298510512692
2019-07-02,69.79829406738281,0.0042057571991498,0.1947564057066645
2019-07-03,70.91339111328125,0.0158497197774652,0.9845732367481279
2019-07-05,70.242431640625,-0.0095067211947123,-0.7429146001760312
2019-07-08,69.99673461914062,-0.0035039750937334,-0.3279023918173518
2019-07-09,69.63762664794922,-0.0051435586434686,-0.4369331055995815
2019-07-10,70.28022766113281,0.0091854686383354,0.5377099035792497
2019-07-11,70.97010040283203,0.0097681645998864,0.5815719334790469
2019-07-12,71.14965057373047,0.0025267461446002,0.08277743617143295
2019-07-15,71.14019775390625,-0.0001328671011913,-0.09914751998242556
2019-07-16,71.20634460449219,0.000929377760094,-0.02149853576176163
2019-07-17,71.26304626464844,0.000795983794191,-0.0361172418522207
2019-07-18,72.41595458984375,0.0160487345216574,1.0147619436222919
2019-07-19,71.36698150634766,-0.0145913238807084,-1.1082358318942584
2019-07-22,71.2157974243164,-0.0021206507521221,-0.2417321975046985
2019-07-23,70.87560272216797,-0.00478840171634,-0.42171828141585926
2019-07-24,69.9400405883789,-0.0132879540617638,-1.0072864200624407
2019-07-25,70.38420104980469,0.0063305091060986,0.34974780227701935
2019-07-26,71.66939544677734,0.0180949936636536,1.1582373437200058
2019-07-29,71.93400573730469,0.0036852969752422,0.16332207096743226
2019-07-30,72.41595458984375,0.00667753066594,0.36844859946606306
2019-07-31,71.2914047241211,-0.0156508730778367,-1.167309877333446
2019-08-01,70.242431640625,-0.0148232015425347,-1.1015198726859607
2019-08-02,70.23298645019531,-0.0001344746372324,-0.09468206402977257
2019-08-05,70.06289672851562,-0.0024247298090317,-0.2457237712948042
2019-08-06,70.5542984008789,0.0069892401466603,0.4080698531996111
2019-08-07,71.70719146728516,0.0162084385227497,1.0432207762275534
2019-08-08,72.9546127319336,0.0172464624074606,1.106598119344911
2019-08-09,72.47266387939453,-0.0066280635676005,-0.5507765696754794
2019-08-12,72.77506256103516,0.0041639084613635,0.19543565107010616
2019-08-13,74.11698150634766,0.0182713268913227,1.1678096460878087
2019-08-14,73.61276245117188,-0.0068262626012543,-0.5674860461157191
2019-08-15,74.86380004882812,0.0168520496900375,1.0636044217400127
2019-08-16,75.53671264648438,0.0089483350256148,0.5183359990613683
2019-08-19,75.52723693847656,-0.0001254529362733,-0.10495878864597617
2019-08-20,74.15298461914062,-0.0183630264759458,-1.3557658707927882
2019-08-21,74.7690200805664,0.008273310267518,0.48107844679874606
2019-08-22,75.17658996582031,0.0054362497023239,0.2805679090493142
2019-08-23,74.39940643310547,-0.0103919150871854,-0.8122144005496255
2019-08-26,75.01545715332031,0.008246223921616,0.4736024947158472
2019-08-27,75.55567932128906,0.0071756712292961,0.3967533025252009
2019-08-28,76.08641815185547,0.00699991633643,0.3820073193800409
2019-08-29,75.75469970703125,-0.0043692904429275,-0.4003195125987983
2019-08-30,75.61254119873047,-0.0018783265024324,-0.22762518349137353
2019-09-03,75.69783782958984,0.0011274393791398,-0.021095887331566747
2019-09-04,76.00111389160156,0.0039983989686816,0.17691895087602166
2019-09-05,73.45162963867188,-0.034120907225661,-2.4165407542770487
2019-09-06,71.93522644042969,-0.0208610080898898,-1.499503138142684
2019-09-09,69.79327392578125,-0.0302284383014394,-2.109552811328588
2019-09-10,67.84089660644531,-0.0283724351475497,-1.9600627840977047
2019-09-11,68.1157455444336,0.0040431906534595,0.21299312990581945
2019-09-12,68.8550033569336,0.0107944943964657,0.6653156883459016
2019-09-13,68.22000122070312,-0.009265098048628,-0.6755972676722977
2019-09-16,68.59909057617188,0.0055414828527255,0.31570052921199115
2019-09-17,68.94978332519531,0.005099184005794,0.28509750419158114
2019-09-18,69.00662994384766,0.0008241243813567,-0.0005385237420454974
2019-09-19,68.96871948242188,-0.0005495251512306,-0.09282732130862163
2019-09-20,68.99717712402344,0.0004125315415637,-0.03176895210743907
2019-09-23,69.51842498779297,0.0075262326595934,0.44708041322858616
2019-09-24,69.98282623291016,0.0066580472449102,0.38866555262293334
2019-09-25,69.58477020263672,-0.0057041479504522,-0.4453653239333313
2019-09-26,70.74104309082031,0.0164802046175431,1.0409575602278507
2019-09-27,71.70775604248047,0.0135729862046028,0.8428494484325867
2019-09-30,71.30970001220703,-0.0055665520715787,-0.4423490737786376
2019-10-01,71.61299133300781,0.0042441374872532,0.21731259024634006
2019-10-02,70.94007873535156,-0.0094409414748011,-0.6976644284629383
2019-10-03,71.21493530273438,0.003867002676663,0.1968475963511648
2019-10-04,72.07737731933594,0.0120376650382506,0.7389329036643162
2019-10-07,72.07737731933594,0.0,-0.0745189314538942
2019-10-08,71.71722412109375,-0.0050092833491946,-0.40731447849531727
2019-10-09,71.95417022705078,0.0032984481268306,0.15536523058978743
2019-10-10,71.67933654785156,-0.0038268788499537,-0.3266615947362603
2019-10-11,70.24819946289062,-0.020167835410097,-1.4863311599212217
2019-10-14,69.8311996459961,-0.0059537812318872,-0.5017090004970783
2019-10-15,68.99717712402344,-0.0120153037176828,-0.9184540762488351
2019-10-16,69.1772232055664,0.002606071501142,0.11084997149860325
2019-10-17,69.90702819824219,0.010494526639676,0.6726675894137474
2019-10-18,70.03021240234375,0.0017605640270052,0.05533101303866232
2019-10-21,69.85013580322266,-0.0025747247688699,-0.24761232009589487
2019-10-22,70.30506896972656,0.0064918711364286,0.39871109958388373
2019-10-23,71.34760284423828,0.0147198451712171,0.9749635741329782
2019-10-24,71.79305267333984,0.0062239657275135,0.3694150859776721
2019-10-25,70.97797393798828,-0.0114181092627588,-0.8746673341612825
2019-10-28,70.70310974121094,-0.0038800457262741,-0.3432890755728509
2019-10-29,69.80274963378906,-0.0128161549327453,-0.9820886726573811
2019-10-30,71.4708251953125,0.0236159251762369,1.6003447354247027
2019-10-31,66.28656768798828,-0.0753020495115691,-5.116474457606182
2019-11-01,65.18714141845703,-0.0167250457169869,-1.1687292199639374
2019-11-04,63.65177917480469,-0.0238349548901957,-1.7337981831995335
2019-11-05,63.75601959228515,0.0016363274736462,0.10958183241216761
2019-11-06,63.98348236083984,0.003561357379526,0.2503836770209022
2019-11-07,63.68021774291992,-0.0047510010772718,-0.3462181935678201
2019-11-08,64.04983520507812,0.005787494568811,0.4136939919979158
2019-11-11,64.00244140625,-0.0007402258241145,-0.07211812019728307
2019-11-12,63.54752731323242,-0.007133142038117,-0.5379193707322003
2019-11-13,64.7985610961914,0.0194953102393654,1.4225679836145955
2019-11-14,64.68254852294922,-0.0017919618487621,-0.14772567789417096
2019-11-15,64.054931640625,-0.0097504138475206,-0.7301964948520133
2019-11-18,64.68254852294922,0.0097504138475207,0.7042301645978563
2019-11-19,65.51936340332031,0.0128542874738358,0.9259210015799941
2019-11-20,66.26110076904297,0.0112572861768616,0.8023427458018803
2019-11-21,65.57642364501953,-0.0103867739111776,-0.7862080982755131
2019-11-22,65.46231079101562,-0.0017416664368878,-0.14642000899153074
2019-11-25,65.41478729248047,-0.0007262309650774,-0.06963256155405817
2019-11-26,66.08995056152344,0.0102683631395285,0.7353928513742286
2019-11-27,66.75558471679688,0.0100212585154616,0.7166095426510329
2019-11-29,66.79363250732422,0.0005697943027683,0.02153692924934891
2019-12-02,66.38471984863281,-0.0061408470140216,-0.47222241976046986
2019-12-03,65.72858428955078,-0.0099330034644192,-0.7466162990965637
2019-12-04,66.69852447509766,0.014648927090149,1.054978057744872
2019-12-05,66.31815338134766,-0.0057191644938157,-0.4365733968695871
2019-12-06,66.80314636230469,0.0072865142950353,0.5153583667099724
2019-12-09,66.8982162475586,0.0014221231470024,0.08548085680175015
2019-12-10,65.94731140136719,-0.014316192707347,-1.0627121448385848
2019-12-11,65.99484252929688,0.0007204843724284,0.045099002628406874
2019-12-12,66.1374740600586,0.0021589205403052,0.1481962308872244
2019-12-13,66.55590057373047,0.0063066886604043,0.45972289782345654
2019-12-16,65.53839111328125,-0.0154061098736797,-1.142753553022103
2019-12-17,65.3672103881836,-0.002615332280769,-0.21693613635951733
2019-12-18,65.24360656738281,-0.0018927047633731,-0.16131216319600594
2019-12-19,66.08041381835938,0.0127443338170375,0.9414768686850643
2019-12-20,66.80314636230469,0.0108777890879909,0.795198832316041
2019-12-23,66.70805358886719,-0.0014244915715277,-0.135167032241067
2019-12-24,66.8982162475586,0.00284661471853,0.1795858194712614
2019-12-26,66.917236328125,0.0002842733081776,-0.007040795887288833
2019-12-27,67.23106384277344,0.0046788231644883,0.3386441039334235
2019-12-30,66.8982162475586,-0.004963096472666,-0.4123005513881473
2019-12-31,66.8982162475586,0.0,-0.02488191597930684
2020-01-02,66.59392547607422,-0.0045589394938914,-0.3875476577045646
2020-01-03,66.82215881347656,0.0034213799821251,0.23667487651420702
2020-01-06,67.07891082763672,0.0038349556059075,0.27202958322229137
2020-01-07,66.4322738647461,-0.0096867093294208,-0.7836858630910103
2020-01-08,65.83318328857422,-0.0090589740676289,-0.7315611504791377
2020-01-09,66.32766723632812,0.0074830973506218,0.5651669381810995
2020-01-10,66.66050720214844,0.0050055677835593,0.37624527289337806
2020-01-13,67.34516906738281,0.0102184898706172,0.7832671905569194
2020-01-14,67.67799377441406,0.0049299005312098,0.3636583920307964
2020-01-15,68.31512451171875,0.009370112354917,0.7135439205842781
2020-01-16,68.1629638671875,-0.0022298188578842,-0.19889756593768343
2020-01-17,68.46726989746094,0.0044544538212751,0.32585734320442966
2020-01-21,68.9427490234375,0.0069206165236345,0.5232125227429827
2020-01-22,68.67647552490234,-0.0038697185177423,-0.3403871623281121
2020-01-23,67.49732971191406,-0.0173186800973016,-1.4088286513457688
2020-01-24,67.81112670898438,0.004638254961157,0.33412209217696853
2020-01-27,68.82862091064453,0.0148933678091887,1.1452190998537477
2020-01-28,68.48628997802734,-0.0049860811127596,-0.4417578765894473
2020-01-29,69.13292694091797,0.0093975497940246,0.7042448468834642
2020-01-30,69.20899963378906,0.0010997779548427,0.039041198325189104
2020-01-31,70.5783462524414,0.0195924804696766,1.5192219303236052
2020-02-03,71.4246826171875,0.0119201173768014,0.9005098531343874
2020-02-04,71.07284545898438,-0.0049381610744845,-0.4413296893989376
2020-02-05,70.61640930175781,-0.0064427995880459,-0.6363542577237439
2020-02-06,70.33111572265625,-0.0040482295616306,-0.4220867726708949
2020-02-07,70.83509826660156,0.0071403017896603,0.5683331329089999
2020-02-10,71.84310150146484,0.0141299793189206,1.1875592598543625
2020-02-11,71.1108627319336,-0.0102444892306154,-0.96821616640863
2020-02-12,71.96671295166016,0.0119635858181149,0.9977268923497088
2020-02-13,72.23381042480469,0.0037045327208403,0.2683970788227788
2020-02-14,72.91112518310547,0.0093330114746498,0.7626786644485158
2020-02-18,72.6440200805664,-0.0036701609123115,-0.3872656400761937
2020-02-19,72.29104614257812,-0.0048707969028491,-0.49041389435396826
2020-02-20,72.7966537475586,0.006969710762495,0.5563872212042372
2020-02-21,73.08283996582031,0.0039236026684987,0.2930210255673539
2020-02-24,72.03349304199219,-0.0144623998170204,-1.3332951263841661
2020-02-25,71.31803131103516,-0.0099820029806632,-0.9394449140927329
2020-02-26,71.00322723388672,-0.0044238590042506,-0.44213925844347596
2020-02-27,68.55154418945312,-0.0351393977830655,-3.0978398633126565
2020-02-28,66.31926727294922,-0.0331054698148659,-2.8608020713174023
2020-03-02,71.5088119506836,0.075340223762754,5.940206139674383
2020-03-03,69.69627380371094,-0.0256738303260777,-2.0592394557012916
2020-03-04,72.94929504394531,0.0456177555255125,3.4579144986015877
2020-03-05,71.57556915283203,-0.0190108085800327,-1.5016102306620185
2020-03-06,71.24169158935547,-0.0046755997137766,-0.40105461921306274
2020-03-09,67.48308563232422,-0.0542012198247305,-4.038073031408161
2020-03-10,69.41963195800781,0.028292725496275,2.049807656617649
2020-03-11,65.26036834716797,-0.0617847732971671,-4.376621248045323
2020-03-12,60.490577697753906,-0.0758973230765571,-5.0706582441289045
2020-03-13,60.37610626220703,-0.0018941773865637,-0.11529034247479203
2020-03-16,57.64777374267578,-0.0462418057982595,-3.0154119931957886
2020-03-17,65.5274887084961,0.1281181003510186,7.430784716595541
2020-03-18,66.18572235107422,0.0099950356856286,0.567189081893102
2020-03-19,63.62910079956055,-0.0393938397877537,-2.270327921137812
2020-03-20,62.722843170166016,-0.0143452192673465,-0.823921580048758
2020-03-23,58.067527770996094,-0.0771191009505005,-4.251646046264949
2020-03-24,59.8609619140625,0.0304179664705315,1.6914950218661533
2020-03-25,57.52376556396485,-0.0398263951232938,-2.150736568647263
2020-03-26,60.004058837890625,0.0422140306638552,2.301775862232618
2020-03-27,59.11687850952149,-0.0148957312163,-0.7817855572450195
2020-03-30,61.82611846923828,0.0448094281172574,2.430520619750141
2020-03-31,61.22512435913086,-0.0097682701148804,-0.5042972466672282
2020-04-01,60.86262130737305,-0.0059384193733571,-0.2965881385308535
2020-04-02,63.218894958496094,0.0379840126871868,2.0436518100099628
2020-04-03,64.53535461425781,0.0206099798535786,1.1106074838043791
2020-04-06,65.68965911865234,0.0177283104625103,0.9507051747186595
2020-04-07,63.92482376098633,-0.0272337534402557,-1.429213892988228
2020-04-08,65.451171875,0.0235966328768044,1.2570930065366854
2020-04-09,65.24130249023438,-0.0032116549354563,-0.15799950641182925
2020-04-13,64.96464538574219,-0.0042495373727705,-0.21060839457464398
2020-04-14,68.81864166259766,0.0576314578593864,2.992809932588434
2020-04-15,68.68509674072266,-0.0019424193904017,-0.09836686402941813
2020-04-16,69.3051528930664,0.0089870165072633,0.46615543451981895
2020-04-17,70.16372680664062,0.0123122055810512,0.6358064521811172
2020-04-20,69.32424926757812,-0.0120367030637659,-0.6226762598279402
2020-04-21,67.30184173583984,-0.0296071599338874,-1.5196967035861733
2020-04-22,68.12225341796875,0.0121163330339395,0.6273158467497224
2020-04-23,67.40679168701172,-0.0105581556589739,-0.5386951986403458
2020-04-24,68.06501770019531,0.0097176113015853,0.5032841200664193
2020-04-27,68.18904113769531,0.0018204737944721,0.09857753047108107
2020-04-28,66.223876953125,-0.0292427878431525,-1.4891249650086351
2020-04-29,65.22222137451172,-0.0152408474695243,-0.7652137712340579
2020-04-30,66.76763153076172,0.0234181756891311,1.2067673856494907
2020-05-01,67.94100952148438,0.0174214164533782,0.8984550681778077
2020-05-04,68.61831665039062,0.00991968402027,0.5114986200367028
2020-05-05,70.04924774169922,0.0206390281914344,1.0521157761270115
2020-05-06,68.5419921875,-0.0217519517684552,-1.108240610162945
2020-05-07,69.04757690429688,0.0073492052590777,0.3741717858706311
2020-05-08,69.97294616699219,0.0133128966772973,0.6734646174053069
2020-05-11,70.58345794677734,0.008687126325476,0.43867104036238175
2020-05-12,70.00155639648438,-0.0082783343045487,-0.4226806383478153
2020-05-13,70.06832885742188,0.0009534164445767,0.04399916305730873
2020-05-14,69.67593383789062,-0.0056159164356205,-0.2870642613258711
2020-05-15,70.44160461425781,0.010929087194971,0.5565890758221876
2020-05-18,69.95348358154297,-0.006953562347367,-0.35521240907527835
2020-05-19,69.01554870605469,-0.0134986781170117,-0.6855682518982189
2020-05-20,69.0538330078125,0.0005545661502031,0.030823639264405227
2020-05-21,67.92447662353516,-0.0164899388558113,-0.8332282856507717
2020-05-22,68.84326934814453,0.0134360121275225,0.690427577747384
2020-05-26,67.28321838378906,-0.0229216120098482,-1.1544153844207072
2020-05-27,69.79077911376953,0.03659104646523,1.8480402132502847
2020-05-28,70.86271667480469,0.0152425406706044,0.7654805366826893
2020-05-29,71.8485107421875,0.0138154476669003,0.6954603468726747
2020-06-01,72.06865692138672,0.0030593480191422,0.14977730114406687
2020-06-02,72.61419677734375,0.0075412175998844,0.37979690599654226
2020-06-03,71.91551208496094,-0.0096684638830456,-0.4925907426658209
2020-06-04,71.08284759521484,-0.0116459224092455,-0.5869007569120106
2020-06-05,70.6234359741211,-0.0064840205965386,-0.32137430057617544
2020-06-08,71.54225158691406,0.0129261627321157,0.6623508707936969
2020-06-09,71.71453857421875,0.0024052901111859,0.12587509962226823
2020-06-10,72.26007080078125,0.0075782089594889,0.38555538838543224
2020-06-11,71.22640991210938,-0.0144080301511491,-0.7273855874153783
2020-06-12,69.94390869140625,-0.0181700589489673,-0.9127340394353929
2020-06-15,70.70001220703125,0.0107521291371838,0.5506207150333698
2020-06-16,71.53267669677734,0.0117086164756872,0.5967316998523915
2020-06-17,72.1356430053711,0.0083939152368029,0.4249236021623026
2020-06-18,74.48048400878906,0.0319888541799638,1.6043010122476875
2020-06-19,74.1933822631836,-0.0038621730863817,-0.20005246451645572
2020-06-22,74.22209930419922,0.0003869817497572,0.012759904152965481
2020-06-23,73.80096435546875,-0.0056901414495813,-0.29168375252251894
2020-06-24,72.97786712646484,-0.011215593539756,-0.5699565946871703
2020-06-25,73.44683837890625,0.0064056520299015,0.3111380972098742
2020-06-26,72.88216400146484,-0.0077179119820425,-0.4015801076292271
2020-06-29,73.42770385742188,0.0074573559823262,0.3652515600686784
2020-06-30,73.98282623291016,0.0075316871775176,0.3688234800007716
2020-07-01,74.55706787109375,0.0077318555045578,0.37817268521006325
2020-07-02,74.93032836914062,0.0049938828711841,0.2420178925035505
2020-07-06,74.51878356933594,-0.0055075046580736,-0.2911087303472132
2020-07-07,75.65773010253906,0.0151683954127515,0.7525604838593188
2020-07-08,76.81581115722656,0.0151908759407537,0.7488853378698074
2020-07-09,78.22271728515625,0.018149614323904,0.8956977429228298
2020-07-10,79.22764587402344,0.0127651942462954,0.6227959411051054
2020-07-13,78.60554504394531,-0.0078830573979595,-0.4180698597264654
2020-07-14,80.85470581054688,0.0282115439617133,1.393604352786542
2020-07-15,80.96953582763672,0.0014191944939866,0.04574182323394568
2020-07-16,80.58671569824219,-0.0047391647463978,-0.2629066188816972
2020-07-17,81.22795867919922,0.0079256883239112,0.3760733190092227
2020-07-20,80.6728515625,-0.0068573998010932,-0.3700421930253074
2020-07-21,80.87384796142578,0.0024884012268229,0.09995898474491932
2020-07-22,81.48638916015625,0.0075454940915772,0.3522786579480715
2020-07-23,82.52002716064453,0.0126050152129331,0.6021695849399658
2020-07-24,82.18505096435547,-0.004067593567358,-0.23600323526375155
2020-07-27,83.42925262451172,0.0150255749836313,0.7272488108383994
2020-07-28,84.42462921142578,0.0118601755739487,0.5656658005456233
2020-07-29,85.4774169921875,0.0123930379748674,0.5910722667258658
2020-07-30,86.19524383544922,0.0083627879163085,0.3836809033011705
2020-07-31,92.19618225097656,0.0673037222244872,3.270949613518507
2020-08-03,89.40150451660156,-0.0307812113664026,-1.5600018238129996
2020-08-04,91.92820739746094,0.0278704069560258,1.3124155921924936
2020-08-05,91.71764373779295,-0.0022931501107997,-0.1633397491862934
2020-08-06,91.0381088256836,-0.007436570769943,-0.41103410159351655
2020-08-07,90.8849639892578,-0.0016836223160843,-0.1254547561541815
2020-08-10,90.7126922607422,-0.0018972907883331,-0.13689699157898833
2020-08-11,88.73152160644531,-0.0220820846274212,-1.120097132548487
2020-08-12,90.76055908203124,0.0226096204713538,1.0671617984678572
2020-08-13,90.9140625,0.0016898722910398,0.04171718536360977
2020-08-14,90.44391632080078,-0.0051847427440923,-0.29084353066150825
2020-08-17,91.9119644165039,0.016101260959175,0.7502820976145788
2020-08-18,92.55484008789062,0.0069701242543648,0.3017381137405635
2020-08-19,92.39173126220705,-0.0017638485188567,-0.12929822055563572
2020-08-20,92.63160705566406,0.0025929261684884,0.08549210932842348
2020-08-21,92.59322357177734,-0.0004144529035996,-0.060898382425169394
2020-08-24,92.71794891357422,0.0013461180883803,0.023201505188691473
2020-08-25,92.20940399169922,-0.0054999565593911,-0.31020383604070495
2020-08-26,92.0271224975586,-0.0019787775756736,-0.13558155935786187
2020-08-27,92.20940399169922,0.0019787775756735,0.05972091508003869
2020-08-28,91.0676040649414,-0.0124599884184932,-0.6473029935881236
2020-08-31,91.95034790039062,0.0096466021110168,0.43514401485807314
2020-09-01,91.47059631347656,-0.0052311657538028,-0.2934154068283638
2020-09-02,94.18602752685548,0.029254273968633,1.3877991239088083
2020-09-03,90.44391632080078,-0.040541893395915,-2.0165725941437724
2020-09-04,89.52278137207031,-0.0102368160834275,-0.5422254322028578
2020-09-08,88.17945861816406,-0.0151190929582275,-0.7862096663130036
2020-09-09,90.23281860351562,0.0230191631022317,1.074308515817119
2020-09-10,89.1293716430664,-0.0123042752798378,-0.6557721785338779
2020-09-11,89.11019134521484,-0.0002152193105058,-0.06076826864719127
2020-09-14,88.96626281738281,-0.0016164805150619,-0.13107321489893536
2020-09-15,88.592041015625,-0.0042152053469262,-0.2567317937865128
2020-09-16,88.23703002929688,-0.0040153065466863,-0.24513419284130664
2020-09-17,88.3329849243164,0.0010868765513861,0.005255585082908862
2020-09-18,86.66342163085938,-0.0190816941317436,-0.9792378895973056
2020-09-21,86.01094818115234,-0.0075573063425783,-0.41295228006033013
2020-09-22,87.88200378417969,0.0215204560410152,1.0065719281833077
2020-09-23,87.90120697021484,0.0002184871470846,-0.03354720694151787
2020-09-24,88.84151458740234,0.010640511594756,0.47273638305501353
2020-09-25,89.18693542480469,0.0038805176457598,0.1449011625800128
2020-09-28,89.67628479003906,0.0054717854860316,0.22449409260453576
2020-09-29,89.09099578857422,-0.0065480784948063,-0.36388682105243986
2020-09-30,89.9161605834961,0.0092194150936818,0.40709457195992776
2020-10-01,89.33087921142578,-0.0065304671450054,-0.3645457269138281
2020-10-02,87.47901153564453,-0.0209483235249705,-1.0633103310421343
2020-10-05,87.05681610107422,-0.0048379322889106,-0.27308763179146406
2020-10-06,86.21244049072266,-0.0097464756432049,-0.5108475556037799
2020-10-07,87.24872589111328,0.0119484695143078,0.5454625540217212
2020-10-08,87.45022583007812,0.0023068258433779,0.07485132156910176
2020-10-09,89.00465393066406,0.0176188758686633,0.8173908765818003
2020-10-12,89.49398040771484,0.0054827052837581,0.22097824185537418
2020-10-13,91.32666778564452,0.0202714696030818,0.9371691126820081
2020-10-14,90.64541625976562,-0.0074874639387667,-0.4183789980865062
2020-10-15,91.2499008178711,0.0066465348657263,0.27078055930353506
2020-10-16,89.417236328125,-0.0202884418477668,-1.0361674415107183
2020-10-19,88.60163116455078,-0.0091631958101274,-0.49173077489531036
2020-10-20,88.50568389892578,-0.0010834930784999,-0.09852107740878256
2020-10-21,88.45771789550781,-0.0005421008423917,-0.07080307451442544
2020-10-22,87.30628967285156,-0.0131021670519514,-0.677230551090172
2020-10-23,88.18904876708984,0.0100602847615332,0.45016118878132044
2020-10-26,88.18904876708984,0.0,-0.04198548304429789
2020-10-27,88.49610900878906,0.0034757933796015,0.12598356656840073
2020-10-28,84.66764068603516,-0.0442251025949433,-2.173792614271156
2020-10-29,83.53541564941406,-0.0134628010010116,-0.6814050726196227
2020-10-30,84.81156158447266,0.0151611914950044,0.7049239647218938
2020-11-02,84.34140014648438,-0.0055590235482679,-0.32753526541984007
2020-11-03,85.39688110351562,0.0124367296957493,0.5622766870325483
2020-11-04,86.13568878173828,0.0086142503121384,0.3700941481230637
2020-11-05,86.38516235351562,0.0028920996392466,0.08483265896824349
2020-11-06,86.83615112304688,0.0052070935092438,0.19834400335922406
2020-11-09,81.39568328857422,-0.0647007818027144,-3.207040768859808
2020-11-10,82.82537078857422,0.0174121841977211,0.7995822976001317
2020-11-11,83.87124633789062,0.0125484162927801,0.558309919544499
2020-11-12,83.95760345458984,0.0010291094103008,5.951666263721505e-05
2020-11-13,84.07305145263672,0.0013741304082482,0.016301029070969794
2020-11-16,84.64071655273438,0.0067293529033841,0.2748359247449835
2020-11-17,83.90948486328125,-0.008676777256368,-0.4744857280611825
2020-11-18,82.74527740478516,-0.0139717147139352,-0.7277518492092104
2020-11-19,82.93771362304688,0.0023229458087557,0.06999283894813335
2020-11-20,82.70680236816406,-0.0027880356083814,-0.18137031828524797
2020-11-23,82.04290008544922,-0.0080595699605332,-0.4377689370326028
2020-11-24,80.48422241210938,-0.0191811118970029,-0.9759891965401021
2020-11-25,82.34117126464844,0.0228100706408238,1.068350025902666
2020-11-27,83.00505065917969,0.0080302162854436,0.3490179798131522
2020-11-30,84.44827270507812,0.0172377323213217,0.7932660229755913
2020-12-01,84.51564025878906,0.0007974194737682,-0.00782375039668404
2020-12-02,82.99543762207031,-0.0181509711787514,-0.9271343700889976
2020-12-03,83.31293487548828,0.0038181798591282,0.14279132645619325
2020-12-04,83.07239532470703,-0.002891357285725,-0.18414523473762046
2020-12-07,83.47650146484375,0.0048527122177873,0.1930866720509792
2020-12-08,83.79401397705078,0.0037964000136896,0.14122846992445362
2020-12-09,83.16861724853516,-0.0074914925432406,-0.40958633587258586
2020-12-10,82.10062408447266,-0.0129244621930263,-0.6708748428489116
2020-12-11,82.6009521484375,0.0060755897356858,0.2526120148416912
2020-12-14,82.80300903320312,0.0024431940303232,0.0766877820866773
2020-12-15,82.89922332763672,0.0011612915997045,0.011143892094393542
2020-12-16,83.38992309570312,0.0059017825627037,0.24038063304552462
2020-12-17,83.90948486328125,0.0062111808314605,0.2538606021607773
2020-12-18,84.81391143798828,0.010720922613929,0.4739741091315871
2020-12-21,83.26484680175781,-0.0184331263984808,-0.9392338413691965
2020-12-22,83.28408813476562,0.000231059215128,-0.03160273737950446
2020-12-23,83.64971923828125,0.0043805589047878,0.16995862598209793
2020-12-24,83.57273864746094,-0.0009206968637051,-0.08769202993317077
2020-12-28,84.16925811767578,0.007112374913119,0.30257425983272945
2020-12-29,83.7844009399414,-0.0045829052310082,-0.26635904592237275
2020-12-30,83.42840576171875,-0.0042579958211301,-0.24970316670061926
2020-12-31,83.9287338256836,0.0059791838673249,0.24615048678583168
2021-01-04,83.32257080078125,-0.0072485614425619,-0.39501892069907335
2021-01-05,82.57209014892578,-0.0090477386936928,-0.47981156252163776
2021-01-06,82.6971664428711,0.0015136065884708,0.03134241793127662
2021-01-07,81.6869125366211,-0.0122915385936178,-0.6391099911712883
2021-01-08,82.16798400878906,0.0058719374834002,0.24414478355398825
2021-01-11,81.7061538696289,-0.0056364154564261,-0.31323416351887384
2021-01-12,80.69588470458984,-0.0124417428018967,-0.6394043389584547
2021-01-13,81.2828140258789,0.0072470256231301,0.3167708207789454
2021-01-14,81.3116683959961,0.0003549243490959,-0.016338527555060524
2021-01-15,82.01404571533203,0.0086009928459515,0.3822394222200774
2021-01-19,81.93706512451172,-0.0009390677023543,-0.08025981273079326
2021-01-20,81.53295135498047,-0.0049442044657816,-0.2725939706455892
2021-01-21,81.84085845947266,0.003769361434443,0.14935421623694378
2021-01-22,81.7061538696289,-0.0016472892825881,-0.11706623317074542
2021-01-25,83.82289123535156,0.025576813493889,1.2004518383511718
2021-01-26,84.66959381103516,0.0100504150391853,0.4481054028778145
2021-01-27,84.45791625976562,-0.0025031724491138,-0.161954678740316
2021-01-28,83.62081909179688,-0.0099608565891645,-0.5202837454126631
2021-01-29,81.23468780517578,-0.0289501756188167,-1.4305853331735352
2021-02-01,80.81134796142578,-0.0052249449342802,-0.27904989961351956
2021-02-02,79.56055450439453,-0.0155989771332914,-0.775686669994987
2021-02-03,79.86841583251953,0.0038620548088879,0.16452290429220132
2021-02-04,79.05059814453125,-0.010292348120721,-0.5196814141450923
2021-02-05,79.7337417602539,0.0086047255188677,0.3921812106792813
2021-02-08,79.21417236328125,-0.006537629013819,-0.3377251574248407
2021-02-09,79.81070709228516,0.0075024427513719,0.3429670796185255
2021-02-10,80.0897216796875,0.0034898576911161,0.14616375050104943
2021-02-11,79.58941650390625,-0.0062664017181945,-0.32296719890289133
2021-02-12,80.04591369628906,0.0057192657307743,0.25733661213719483
2021-02-16,78.8202133178711,-0.0154309130918315,-0.7619560118119072
2021-02-17,79.87218475341797,0.0132581882670709,0.6231481581661238
2021-02-18,80.63462829589844,0.0095005222872241,0.43850234438473296
2021-02-19,78.60789489746094,-0.0254560503311172,-1.2422429821444783
2021-02-22,77.71034240722656,-0.0114837829492786,-0.5651944487364612
2021-02-23,78.20256042480469,0.0063140335906574,0.28882756943134424
2021-02-24,76.77418518066406,-0.0184339358314149,-0.9022409735282193
2021-02-25,76.6197738647461,-0.0020132653076347,-0.1115631123514309
2021-02-26,76.00212097167969,-0.0080939404623583,-0.41199494959015054
2021-03-01,75.9442138671875,-0.0007622047265181,-0.06331922229192026
2021-03-02,76.4557113647461,0.006712594083045,0.3226451976069512
2021-03-03,75.69327545166016,-0.0100223118279681,-0.5194285736446338
2021-03-04,75.20106506347656,-0.0065239310139387,-0.3368945431714071
2021-03-05,77.16988372802734,0.0258438798355918,1.293297342007107
2021-03-08,78.00953674316406,0.0108218113844855,0.5294211088483048
2021-03-09,77.60418701171875,-0.0052097030835577,-0.2962039394281416
2021-03-10,78.31835174560547,0.0091605708030274,0.44777867811172756
2021-03-11,78.65615844726562,0.0043039755016488,0.1876680584679836
2021-03-12,80.00728607177734,0.0170317780491001,0.8660556119874194
2021-03-15,80.00728607177734,0.0,-0.060768674910097166
2021-03-16,80.48985290527344,0.0060134191893303,0.25847542940836554
2021-03-17,79.29312133789062,-0.0149797430060377,-0.9652859218027351
2021-03-18,79.38963317871094,0.001216412621708,0.030357135188812473
2021-03-19,80.19066619873047,0.0100393313087036,0.5664203458354933
2021-03-22,81.56112670898438,0.016945633553136,0.9874281912011383
2021-03-23,82.71924591064453,0.0140995344605287,0.827083285588724
2021-03-24,81.61903381347656,-0.0133898022634585,-0.9575948640829242
2021-03-25,82.99913024902344,0.0167676365264137,1.0156875400135987
2021-03-26,84.30201721191406,0.0155756648742035,0.9559880711306596
2021-03-29,85.48910522460938,0.0139831498615087,0.842089175792662
2021-03-30,84.85212707519531,-0.0074788835310939,-0.597377005660205
2021-03-31,84.30201721191406,-0.0065042663304148,-0.5319152355094031
2021-04-01,83.51063537597656,-0.0094318001703252,-0.7308620982781393
2021-04-05,84.41785430908203,0.0108049296579719,0.6683358866649501
2021-04-06,85.13201904296875,0.0084242936119696,0.5085177450944051
2021-04-07,84.79424285888672,-0.0039755671099286,-0.34715721216278267
2021-04-08,84.26342010498047,-0.006279804050957,-0.5170320977279141
2021-04-09,83.76155853271484,-0.0059736721139257,-0.4895559948041144
2021-04-12,84.35993957519531,0.0071184658238727,0.4293460709085158
2021-04-13,83.75190734863281,-0.0072336945792678,-0.5799882793891907
2021-04-14,83.85807800292969,0.0012668776060605,0.03509058389951016
2021-04-15,84.58190155029297,0.0085944916964556,0.5645939710608708
2021-04-16,84.8714370727539,0.003417292413088,0.1900479186883034
2021-04-19,84.29236602783203,-0.006846302768691,-0.551277905660446
2021-04-20,86.05850219726562,0.0207360193857858,1.443221512730473
2021-04-21,86.7533950805664,0.0080422313459882,0.5155508006785735
2021-04-22,86.50245666503906,-0.0028967401501293,-0.28208769628632124
2021-04-23,84.50469970703125,-0.0233656636352335,-1.7715191758662108
2021-04-26,83.06669616699219,-0.0171632972657224,-1.3074667824379687
2021-04-27,81.8120346069336,-0.015219498264057,-1.1578823633846567
2021-04-28,81.45494842529297,-0.0043742677715846,-0.38088020150504615
2021-04-29,82.97982788085938,0.0185474533283327,1.2888858711775102
2021-04-30,82.74820709228516,-0.0027951932142101,-0.26860012953870677
2021-05-03,84.39852142333984,0.0197475353036884,1.389873823925391
2021-05-04,86.2997817993164,0.0222771869212751,1.5660822289405576
2021-05-05,85.209228515625,-0.0127173258083083,-0.9912803277845922
2021-05-06,85.39258575439453,0.0021495352807857,0.09434004543330239
2021-05-07,84.37923431396484,-0.011937946766101,-0.9392930210215076
2021-05-10,86.27082824707031,0.0221701812854485,1.5689897990786936
2021-05-11,85.01619720458984,-0.0146497199956818,-1.1292799690370576
2021-05-12,84.35028076171875,-0.0078636561661021,-0.6314409321643872
2021-05-13,85.79537200927734,0.0169869282343633,1.1844074077968596
2021-05-14,85.70825958251953,-0.0010158669346048,-0.13454741277909324
2021-05-17,85.45660400390625,-0.0029405072357768,-0.2716904838643864
2021-05-18,85.02104187011719,-0.0051099143152828,-0.43132920906461475
2021-05-19,84.8855209350586,-0.0015952410732173,-0.1775248824712485
2021-05-20,84.57579803466797,-0.0036553857499283,-0.3275696780202791
2021-05-21,84.39189910888672,-0.0021767355713815,-0.223841205071667
2021-05-24,84.40158081054688,0.0001147165361528,-0.051206974059279875
2021-05-25,84.12086486816406,-0.0033314992657318,-0.31315256931423513
2021-05-26,83.87891387939453,-0.0028803746987442,-0.27183736185064755
2021-05-27,82.57222747802734,-0.0157008625351243,-1.2272125148370332
2021-05-28,82.97875213623047,0.0049111817550658,0.3271512239458304
2021-06-01,82.14634704589844,-0.0100822000490586,-0.7982523512125907
2021-06-02,82.36896514892578,0.0027063528122094,0.16619804115191528
2021-06-03,83.44334411621094,0.0129591585560754,0.9312902363663587
2021-06-04,83.69501495361328,0.0030115292385259,0.1782333194800564
2021-06-07,83.25944519042969,-0.0052178390566733,-0.44284233538024903
2021-06-08,82.39800262451172,-0.0104003815379917,-0.8270592005776273
2021-06-09,81.82693481445312,-0.0069547307584304,-0.5639285508764765
2021-06-10,82.01084899902344,0.0022450775094634,0.1314921899451551
2021-06-11,81.97212982177734,-0.0004722341092236,-0.07789741057424462
2021-06-14,81.82693481445312,-0.0017728434002397,-0.1819176633182079
2021-06-15,82.4560775756836,0.0076592926777199,0.5356271555158195
2021-06-16,81.53657531738281,-0.0112140620701479,-0.8914483647699701
2021-06-17,82.71741485595703,0.014378462053457,1.0495639241862211
2021-06-18,80.99453735351562,-0.021048446212241,-1.6320231014746338
2021-06-21,81.2558822631836,0.0032215033564406,0.21837928503384707
2021-06-22,81.2461929321289,-0.0001192517825328,-0.036494915376311554
2021-06-23,80.38475036621094,-0.0106594777592607,-0.8387861411310571
2021-06-24,80.51058959960938,0.001564237461249,0.08970340455387181
2021-06-25,81.52689361572266,0.0125442252353017,0.9253042987116802
2021-06-28,82.33026123046875,0.0098057854440644,0.710934390182225
2021-06-29,82.21411895751953,-0.0014116834875111,-0.1419398880814097
2021-06-30,82.48511505126953,0.003290802655409,0.21826774585029537
2021-07-01,82.1753921508789,-0.0037619617591246,-0.31679847862573923
2021-07-02,82.53350830078125,0.0043484804188491,0.30283621782567793
2021-07-06,82.7754898071289,0.0029276286463867,0.19182137266546573
2021-07-07,83.84986877441406,0.0128959225165151,0.9548087590672553
2021-07-08,83.73371887207031,-0.0013861729847559,-0.13248194635609237
2021-07-09,84.18864440917969,0.0054182973749621,0.39431533800117713
2021-07-12,83.74340057373047,-0.0053026791734672,-0.42540507882937684
2021-07-13,83.26913452148438,-0.0056794219283671,-0.45526503092862936
2021-07-14,83.20137786865234,-0.0008140379410242,-0.07214938617676818
2021-07-15,83.6853256225586,0.0057997323971667,0.4407765254665316
2021-07-16,84.52740478515625,0.0100121577593393,0.763089277168768
2021-07-19,84.7016372680664,0.0020591329048345,0.147157007141578
2021-07-20,84.19831848144531,-0.0059599811529609,-0.47658608472302577
2021-07-21,82.21411895751953,-0.0238478997337629,-1.8466446665896685
2021-07-22,82.42704010009766,0.002586488852472,0.19633534385251808
2021-07-23,83.70468139648438,0.0153813669558406,1.183038760979493
2021-07-26,83.66596221923828,-0.0004626758564148,-0.04119656309851011
2021-07-27,84.25639343261719,0.0070322220559516,0.5410849720268912
2021-07-28,83.53046417236328,-0.0086530470874777,-0.6667790177951654
2021-07-29,84.12086486816406,0.0070432264372352,0.5509983023362601
2021-07-30,83.80147552490234,-0.0038040171148027,-0.28646595139769687
2021-08-02,82.8529281616211,-0.0113835288522923,-0.8995694229040986
2021-08-03,82.40770721435547,-0.0053881194802842,-0.420841766121713
2021-08-04,81.0816650390625,-0.0162221095676546,-1.3164960017394263
2021-08-05,81.06228637695312,-0.0002390303434992,0.021019205000640712
2021-08-06,80.83000183105469,-0.0028696203861154,-0.2008760790971498
2021-08-09,81.43010711669922,0.007396864524423,0.6556749875244194
2021-08-10,81.43010711669922,0.0,0.035860458839462934
2021-08-11,81.5462417602539,0.0014251719836879,0.14832627792549566
2021-08-12,81.61400604248047,0.0008306470115784,0.10630740162508633
2021-08-13,82.61686706542969,0.0122129715226417,1.0667371560762353
2021-08-16,83.69446563720703,0.0129589924488007,1.121375602847008
2021-08-17,84.0633773803711,0.0043981530902645,0.40311761671444574
2021-08-18,82.27708435058594,-0.0214783785236282,-1.772411667153781
2021-08-19,83.86923217773438,0.0191661975881662,1.6403061205148608
2021-08-20,83.510009765625,-0.0042923239401245,-0.3255921989076488
2021-08-23,82.44212341308594,-0.0128699893413164,-1.0388175483040463
2021-08-24,80.71405792236328,-0.0211837528770664,-1.7171695588533626
2021-08-25,79.95681762695312,-0.0094260506090279,-0.7368204215142429
2021-08-26,79.97623443603516,0.0002428117131133,0.0665102261725928
2021-08-27,80.29660034179688,0.0039977621021353,0.37803699332174423
2021-08-30,81.12179565429688,0.0102243922831446,0.8886076159307037
2021-08-31,81.21888732910156,0.001196147319288,0.1406470796772741
2021-09-01,81.86933135986328,0.0079766335641723,0.7005687852844329
2021-09-02,81.84991455078125,-0.0002371964159138,0.02695722988912594
2021-09-03,81.92759704589844,0.0009486345247946,0.11566823273622606
2021-09-07,81.53926086425781,-0.0047512617192979,-0.3782665521639714
2021-09-08,82.1314468383789,0.0072363413901572,0.6507733044527703
2021-09-09,81.02471923828125,-0.0135666901418703,-1.1437048802593908
2021-09-10,80.29660034179688,-0.0090270008044746,-0.7504500387753804
2021-09-13,80.90821838378906,0.0075881227565253,0.69387994837819
2021-09-14,81.26741790771484,0.0044297666346866,0.41672959219031636
2021-09-15,81.20918273925781,-0.0007168437881996,-0.03233929631543447
2021-09-16,81.05384826660156,-0.0019146014855524,-0.13733882195728506
2021-09-17,81.15093231201172,0.0011970554339623,0.13350168033033238
2021-09-20,81.2577133178711,0.0013149672030308,0.13744903284616206
2021-09-21,81.66547393798828,0.0050055670819956,0.4562578997332918
2021-09-22,80.78202056884766,-0.0108768938749769,-0.9281728292818293
2021-09-23,80.84025573730469,0.0007206329759507,0.09269885607830514
2021-09-24,80.55873107910156,-0.0034885589961882,-0.27340833262107805
2021-09-27,80.1509780883789,-0.0050744148289962,-0.41011041043386876
2021-09-28,80.869384765625,0.0089232371780033,0.8224093125276357
2021-09-29,81.80137634277344,0.0114587497906289,1.0378932667849852
2021-09-30,80.16069793701172,-0.0202607250757284,-1.7343000180641224
2021-10-01,79.84031677246094,-0.0040047445114178,-0.31177647979808115
2021-10-04,79.34519958496094,-0.0062206511677335,-0.5140698434104036
2021-10-05,78.8306655883789,-0.0065058700438128,-0.538474862920646
2021-10-06,80.31602478027344,0.0186670840664288,1.662372332760484
2021-10-07,80.55873107910156,0.0030173345926277,0.29311707607966886
2021-10-08,80.72376251220703,0.0020464898207896,0.20785541758707315
2021-10-11,80.5781478881836,-0.0018054921137415,-0.12465812978979529
2021-10-12,80.1509780883789,-0.0053154125360443,-0.4310794033411622
2021-10-13,80.69464874267578,0.0067601803727889,0.6446323299404076
2021-10-14,80.93734741210938,0.0030031040587041,0.3071130695628525
2021-10-15,81.01500701904297,0.0009590427154793,0.12739771721267773
2021-10-18,80.5004653930664,-0.0063714436636334,-0.5330947869312876
2021-10-19,80.89850616455078,0.0049323929963195,0.47426369513689975
2021-10-20,81.1606216430664,0.0032348157197557,0.32056806400897847
2021-10-21,81.35479736328125,0.0023896294124295,0.24378623835073754
2021-10-22,82.20913696289062,0.0104466473345157,0.957821392216836
2021-10-25,81.31594848632812,-0.0109242854923639,-0.9502789379621156
2021-10-26,82.1314468383789,0.0099788083801114,0.9181557019629156
2021-10-27,81.62662506103516,-0.0061654777763491,-0.5228185092927305
2021-10-28,82.80131530761719,0.0142884503601856,1.3229579391814383
2021-10-29,84.81092071533203,0.0239803699038512,2.1866166989602998
2021-11-01,85.0827407836914,0.003199887481355,0.29241952661061116
2021-11-02,86.47101593017578,0.0161850778276735,1.470236560767978
2021-11-03,86.31568908691406,-0.0017979032019501,-0.16862567489298846
2021-11-04,86.74285125732422,0.0049366305420896,0.45014278080309916
2021-11-05,86.18948364257812,-0.0063998384547097,-0.5857312704345057
2021-11-08,85.84970092773438,-0.0039500670442678,-0.3579470646124862
2021-11-09,87.04381561279297,0.0138135159331732,1.3347738392287405
2021-11-10,87.76221466064453,0.0082194314607251,0.7907407894901499
2021-11-11,87.65543365478516,-0.001217448986164,-0.1382293511316524
2021-11-12,87.5415267944336,-0.0013003293676956,-0.14553458945432765
2021-11-15,88.74871826171875,0.0136957134129388,1.3333791551698975
2021-11-16,88.69031524658203,-0.0006582882705234,-0.08352181056172739
2021-11-17,89.06999206542969,0.004271790502129,0.3999051751943619
2021-11-18,88.80712890625,-0.0029555611097558,-0.32194546033794474
2021-11-19,89.7904281616211,0.0110114517475339,1.0618199333193068
2021-11-22,91.2702178955078,0.0163461548995106,1.5762609392648894
2021-11-23,91.64015197753906,0.0040449821045062,0.35665287444977545
2021-11-24,90.90999603271484,-0.007999553509093,-0.8441955325279277
2021-11-26,90.87104034423828,-0.0004286001427796,-0.08239573689846183
2021-11-29,91.2702178955078,0.0043831715473665,0.4030495608377039
2021-11-30,87.01580047607422,-0.0477348170664961,-4.629758338525798
2021-12-01,88.28141784667969,0.014439925218975,1.3750832212484445
2021-12-02,88.65135955810547,0.0041817265963312,0.3801000671426346
2021-12-03,89.88777923583984,0.0138506262798969,1.3095480240094082
2021-12-06,91.65963745117188,0.019520128780008,1.8367495471743924
2021-12-07,90.48165130615234,-0.0129350415559576,-1.26902411328
2021-12-08,92.48715209960938,0.0219226564995571,2.044534683350032
2021-12-09,93.01286315917967,0.0056680584774198,0.4963854010165701
2021-12-10,93.11995697021484,0.0011507247650168,0.062051950447955716
2021-12-13,95.17414855957033,0.0218198342838705,2.011058838001804
2021-12-14,95.32017517089844,0.0015331337655782,0.09219564463974864
2021-12-15,96.47869873046876,0.0120807554913843,1.0834472286407497
2021-12-16,98.8541488647461,0.0243232746192316,2.211252516798158
2021-12-17,95.4954071044922,-0.0345673668699748,-3.213514856480862
2021-12-20,96.22557830810548,0.0076170559251854,0.6524497712586426
2021-12-21,95.7972183227539,-0.0044615608503575,-0.4626755986776318
2021-12-22,96.77076721191406,0.0101113088031023,0.8760446462780332
2021-12-23,96.89732360839844,0.0013069413134866,0.06662795197127096
2021-12-27,97.7053680419922,0.0083046032994805,0.7069518396416254
2021-12-28,97.5301284790039,-0.0017951613632932,-0.2190680016721566
2021-12-29,98.30897521972656,0.0079539870456152,0.6734812722308431
2021-12-30,98.7373275756836,0.0043477398422234,0.33858500982420814
2021-12-31,99.78875732421876,0.0105924577108254,0.9105054407244527
2022-01-03,99.01966857910156,-0.0077370219917652,-0.7740256130707353
2022-01-04,99.1267547607422,0.0010808793846629,0.03274969791494579
2022-01-05,99.82770538330078,0.0070463715396064,0.5794871766324259
2022-01-06,99.99320220947266,0.0016564519299497,0.07879087403299583
2022-01-07,100.85967254638672,0.0086279642558519,0.7205184406264808
2022-01-10,100.08082580566406,-0.0077520524479784,-0.7885444341359205
2022-01-11,99.1267547607422,-0.0095787352774295,-0.9590223681026616
2022-01-12,99.88612365722656,0.0076313913739619,0.6285473529117183
2022-01-13,100.557861328125,0.006702522759134,0.5402222934066605
2022-01-14,101.46326446533205,0.008963510084971,0.748470931966099
2022-01-18,100.48971557617188,-0.0096414168333354,-0.9617480964709354
2022-01-19,100.2073974609375,-0.002813376806238,-0.3343132305789093
2022-01-20,99.28253173828124,-0.0092723713200058,-0.9226769573464808
2022-01-21,100.66496276855467,0.0138281608621789,1.1915489680852172
2022-01-24,99.71088409423828,-0.0095229629662486,-0.9440706845278741
2022-01-25,98.94176483154295,-0.0077433964248165,-0.7732567903728303
2022-01-26,96.33267974853516,-0.0267238282282359,-2.488644214039224
2022-01-27,96.0503387451172,-0.0029351988375605,-0.31885207122685705
2022-01-28,100.27554321289062,0.0430494129064987,3.804489364161035
2022-01-31,99.9347915649414,-0.003403939934928,-0.3828562782613019
2022-02-01,99.4480209350586,-0.0048827839360271,-0.5220257031751616
2022-02-02,100.46051788330078,0.0101296884260616,0.833330486477145
2022-02-03,100.31448364257812,-0.0014547056691874,-0.2173608123484214
2022-02-04,98.30897521972656,-0.0201947604021688,-1.89235440705393
2022-02-07,98.46473693847656,0.0015831560992047,0.06484765451917762
2022-02-08,98.1337432861328,-0.0033672077698851,-0.37735848585262827
2022-02-09,97.82220458984376,-0.0031796836191735,-0.3580235376160021
2022-02-10,96.0989990234375,-0.0177726921340628,-1.660941694073587
2022-02-11,95.31044006347656,-0.0082395458133881,-0.800330161975097
2022-02-14,95.24502563476562,-0.0006865657832567,-0.12935517354482065
2022-02-15,94.37625885009766,-0.0091632420469417,-0.8848913594353355
2022-02-16,93.74172973632812,-0.0067461014757956,-0.6616529158594004
2022-02-17,94.63980865478516,0.0095347530328768,0.8005482167834409
2022-02-18,96.42620086669922,0.0186997600641432,1.61904614890366
2022-02-22,94.41529846191406,-0.0210748379113754,-1.9656891445615094
2022-02-23,94.00530242919922,-0.0043519304987041,-0.466976905968793
2022-02-24,92.79483032226562,-0.0129602589941395,-1.2391198632386655
2022-02-25,96.34811401367188,0.0375768898363939,3.24249110148152
2022-02-28,95.5183563232422,-0.0086493785176205,-0.8448973176154475
2022-03-01,94.58123779296876,-0.0098593174357634,-0.9448310800672015
2022-03-02,94.66909790039062,0.0009285068204732,0.0036095079257246264
2022-03-03,96.83621215820312,0.0226333856610842,1.900623622865424
2022-03-04,98.29070281982422,0.0149084261534924,1.2337211500808083
2022-03-07,99.28639221191406,0.0100790814955598,0.8070095646200173
2022-03-08,93.04865264892578,-0.064886021397497,-5.451437668669436
2022-03-09,94.7471923828125,0.0180897085574986,1.435803439293887
2022-03-10,93.63436126708984,-0.0118147880094027,-1.0338934211258068
2022-03-11,92.88269805908205,-0.0080600378323156,-0.7171483571369306
2022-03-14,94.32743072509766,0.0154346493605592,1.2215103249840136
2022-03-15,96.5921630859375,0.0237255752540164,1.8879979995419744
2022-03-16,94.77647399902344,-0.0189763965569024,-1.612624044689013
2022-03-17,94.96194458007812,0.0019550140822004,0.1019344304129688
2022-03-18,94.63005065917967,-0.003501142118464,-0.3409693929932585
2022-03-21,95.21575164794922,0.0061703007379078,0.45703948233383873
2022-03-22,95.52811431884766,0.0032752083380619,0.2229501745480275
2022-03-23,94.82527923583984,-0.0073845626157027,-0.6591420296033165
2022-03-24,94.92288970947266,0.0010288424155611,0.04113133591722231
2022-03-25,95.63551330566406,0.0074793544338159,0.579949934544298
2022-03-28,96.86548614501952,0.0127790461463809,1.0211958595057464
2022-03-29,97.44142150878906,0.0059281170945178,0.4474208126126342
2022-03-30,96.86548614501952,-0.0059281170945178,-0.5389928016931195
2022-03-31,97.01190185546876,0.0015103952017718,0.07627888401653994
2022-04-01,98.9447250366211,0.0197276907279511,1.5851090694222432
2022-04-04,98.40782928466795,-0.0054409944511693,-0.4995047795614019
2022-04-05,98.49568939208984,0.0008924179094753,0.0247522318553317
2022-04-06,99.6475601196289,0.0116267771560125,0.9094480971332269
2022-04-07,100.95563507080078,0.0130416017554248,1.0190703931271081
2022-04-08,100.98491668701172,0.0002900023413946,-0.03513000254950691
2022-04-11,101.50230407714844,0.0051103325352532,0.3605987598186658
2022-04-12,101.43397521972656,-0.0006734021165728,-0.11848049607900246
2022-04-13,100.39923095703124,-0.0102535489373272,-0.906140467736219
2022-04-14,100.2039794921875,-0.0019466440847486,-0.21594515825063326
2022-04-18,98.79830169677734,-0.014127488050807,-1.2203421842137108
2022-04-19,99.91114044189452,0.0112007800697371,0.8807636419330963
2022-04-20,100.6237335205078,0.0071069541559737,0.5412818094012208
2022-04-21,100.50660705566406,-0.0011646823422885,-0.14617733613934175
2022-04-22,100.34063720703124,-0.0016526976710058,-0.19540146923374624
2022-04-25,101.55110168457033,0.0119913671439121,0.9395892501925107
2022-04-26,100.1454086303711,-0.0139389205265191,-1.238014785039116
2022-04-27,101.67801666259766,0.015187904880317,1.1986125691386387
2022-04-28,98.00760650634766,-0.0367660279421305,-3.088490183856027
2022-04-29,95.23527526855467,-0.0286946813700989,-2.3866794334255097
2022-05-02,93.9467315673828,-0.0136224755103664,-1.1487637054167357
2022-05-03,93.38055419921876,-0.0060448117832305,-0.5229724386036958
2022-05-04,94.22981262207033,0.0090534892934653,0.7127885052162924
2022-05-05,92.52152252197266,-0.0182953203332214,-1.5259807423963236
2022-05-06,93.44889068603516,0.0099733697959289,0.7850469195293591
2022-05-09,96.01620483398438,0.0271023144139791,2.1818433558222954
2022-05-10,95.66478729248048,-0.0036666957044546,-0.33913665074680915
2022-05-11,95.3524169921875,-0.0032706015137272,-0.30837480355344754
2022-05-12,95.36217498779295,0.0001023308758148,-0.026129411494959835
2022-05-13,96.06986236572266,0.0073936485405732,0.5714239732060753
2022-05-16,96.54946899414062,0.0049798492827757,0.3700679007335322
2022-05-17,94.80718994140624,-0.018210259408845,-1.5281028837788273
2022-05-18,88.27855682373047,-0.071348016108769,-5.495884806874323
2022-05-19,86.35030364990234,-0.0220849124520516,-1.6942978891024256
2022-05-20,86.86907196044922,0.0059897440422821,0.44888078713478263
2022-05-23,87.55422973632812,0.0078563046713584,0.5887414688522081
2022-05-24,88.51346588134766,0.0108963274889701,0.815573577615129
2022-05-25,88.1806640625,-0.0037669866282111,-0.3023920514869766
2022-05-26,87.90660095214844,-0.0031128126344129,-0.2570390821487213
2022-05-27,88.41558074951172,0.0057733089074585,0.42219296621149094
2022-05-31,88.15130615234375,-0.0029934808179553,-0.25058240784963537
2022-06-01,86.49713134765625,-0.0189434763404707,-1.458828867586302
2022-06-02,87.18228912353516,0.0078899541275635,0.5888895495681318
2022-06-03,86.85928344726562,-0.0037118263453187,-0.2945038773835003
2022-06-06,86.3013687133789,-0.0064439196491754,-0.5025451322505697
2022-06-07,86.14476013183594,-0.0018163193995274,-0.1522419742836501
2022-06-08,85.61620330810547,-0.0061545822935809,-0.48397457788493436
2022-06-09,84.15777587890625,-0.0171812348711316,-1.3160740440426042
2022-06-10,84.07947540283203,-0.0009308340588223,-0.07854757010545622
2022-06-13,83.05172729492188,-0.0122988531908589,-0.9393539885894716
2022-06-14,80.26212310791016,-0.0341658167302202,-2.5565524829512087
2022-06-15,79.7727279663086,-0.0061161261298091,-0.4530242148320346
2022-06-16,80.4578857421875,0.0085521978111118,0.651829633195459
2022-06-17,80.38936614990234,-0.0008519834268085,-0.06218186619376856
2022-06-21,84.08926391601562,0.0449969946602757,3.317563385316
2022-06-22,85.73365783691406,0.0193665884414851,1.4107745221804575
2022-06-23,88.74836730957031,0.0345595429522422,2.4884588697742047
2022-06-24,89.66845703125,0.0103140259512341,0.7193275808842443
2022-06-27,89.9425277709961,0.0030518284030851,0.1939696488645624
2022-06-28,89.19862365722656,-0.0083052764135405,-0.6284387160146919
2022-06-29,90.40255737304688,0.0134069469076423,0.947926699148672
2022-06-30,90.69619750976562,0.0032428759020604,0.20851966258431381
2022-07-01,92.25251007080078,0.0170140595651362,1.201096464042148
2022-07-05,92.95724487304688,0.0076101629059237,0.5176933068698655
2022-07-06,92.9768295288086,0.0002106623640356,-0.018170050724764148
2022-07-07,93.23131561279295,0.0027333524238071,0.16798690318355256
2022-07-08,92.70275115966795,-0.005685519454564,-0.4421889299553786
2022-07-11,93.11385345458984,0.0044248248591702,0.2923097361623709
2022-07-12,92.68318939208984,-0.0046358631676039,-0.36593376495415236
2022-07-13,94.01436614990234,0.0142604900536075,0.9991420894063971
2022-07-14,93.7990264892578,-0.0022931245954376,-0.20076626724335853
2022-07-15,93.55431365966795,-0.0026123149825799,-0.22153404452184697
2022-07-18,91.9882354736328,-0.0168814688107012,-1.2459485578793708
2022-07-19,92.09589385986328,0.0011696651840042,0.06061158619738196
2022-07-20,91.27369689941406,-0.0089677079728723,-0.6718232588534326
2022-07-21,91.21498107910156,-0.0006435009885442,-0.07683747547493773
2022-07-22,92.0665283203125,0.0092922998218426,0.6438366578853438
2022-07-25,92.14484405517578,0.0008502812673479,0.034191923293738505
2022-07-26,92.22314453125,0.0008493934482029,0.03374785356198089
2022-07-27,92.4580535888672,0.0025439426069968,0.1586357372910357
2022-07-28,94.17096710205078,0.0183568622633042,1.3006826249501202
2022-07-29,86.10559844970703,-0.0895374972514958,-6.029803571339375
2022-08-01,86.72225952148438,0.0071361607550857,0.4707904672381865
2022-08-02,85.21488189697266,-0.0175345039850948,-1.1848497521461405
2022-08-03,85.69450378417969,0.0056126016058643,0.3664407603939362
2022-08-04,85.12680053710938,-0.0066467744102536,-0.4601936762874175
2022-08-05,85.15615844726562,0.0003448132522741,0.01004504781812949
2022-08-08,85.7728042602539,0.0072152604032976,0.4694303896003245
2022-08-09,85.53789520263672,-0.00274249309107,-0.1976609022668381
2022-08-10,86.22305297851562,0.0079780813660976,0.521229701447462
2022-08-11,85.73365783691406,-0.0056920891385051,-0.3960116806192454
2022-08-12,86.09986114501953,0.0042623099926601,0.27222240268212644
2022-08-15,86.11949157714844,0.0002279701079308,0.004253614993969084
2022-08-16,86.74781036376953,0.0072694089221793,0.4801770118155545
2022-08-17,86.63982391357422,-0.0012456074460843,-0.09200393486946787
2022-08-18,87.1110610961914,0.0054242985642924,0.3516418413581909
2022-08-19,87.08159637451172,-0.0003383003897928,-0.03308636109117148
2022-08-22,86.561279296875,-0.0059929741767026,-0.4163753263370927
2022-08-23,85.04936981201172,-0.0176206850999787,-1.2025953485936653
2022-08-24,85.17700958251953,0.0014996476443078,0.08752713517113897
2022-08-25,85.13773345947266,-0.0004612181311095,-0.04838655682303348
2022-08-26,83.74365234375,-0.0165099637875832,-1.1340994687788133
2022-08-29,83.76327514648438,0.0002342924333716,0.004523024366618832
2022-08-30,83.17422485351562,-0.0070571649593534,-0.48649074725672176
2022-08-31,82.18266296386719,-0.0119931354277578,-0.8173977459596293
2022-09-01,83.31167602539062,0.0136443407536044,0.9205861828226122
2022-09-02,82.64408111572266,-0.0080454998643814,-0.5478723414254458
2022-09-06,78.76615142822266,-0.048059853680418,-3.1802959279801692
2022-09-07,80.05224609375,0.0161961435069501,1.0777889652221397
2022-09-08,79.3650131225586,-0.0086218673157208,-0.5620762600370649
2022-09-09,80.0718765258789,0.0088670575082551,0.5909555664653934
2022-09-12,80.7492904663086,0.0084244873923718,0.5570734019287304
2022-09-13,77.37206268310547,-0.0427234070773765,-2.7783576955743055
2022-09-14,76.12522888183594,-0.0162460355083608,-1.0418852510216094
2022-09-15,75.63435363769531,-0.0064691395153791,-0.40308533486014225
2022-09-16,75.14347839355469,-0.0065112619250508,-0.40451795897467147
2022-09-19,75.19255828857422,0.0006529358874476,0.06223684755140387
2022-09-20,73.71012115478516,-0.0199121482624264,-1.2676568483911024
2022-09-21,73.32722473144531,-0.0052081637700426,-0.3104030690446532
2022-09-22,73.82792663574219,0.0068051146279045,0.46525703479172265
2022-09-23,73.84756469726562,0.0002659623673762,0.04059818631206478
2022-09-26,73.88683319091797,0.0005316093629983,0.056822472676566024
2022-09-27,71.8840560913086,-0.0274801524837331,-1.7467406892734432
2022-09-28,72.65963745117188,0.0107315481462045,0.7202423423077199
2022-09-29,71.58952331542969,-0.0148372962685517,-0.9232308274002694
2022-09-30,70.13652801513672,-0.0205049981456006,-1.2887721134074936
2022-10-03,71.56989288330078,0.0202307523743732,1.3286964895343203
2022-10-04,72.01167297363281,0.0061537354300617,0.42038442276225074
2022-10-05,71.18701171875,-0.0115178484121072,-0.7139877771627731
2022-10-06,70.50959014892578,-0.0095616510488261,-0.582467695823473
2022-10-07,69.42967224121094,-0.0154344010025631,-0.9542980864383207
2022-10-10,69.87145233154297,0.0063428284991669,0.44443982918801506
2022-10-11,70.59795379638672,0.0103440024804306,0.6978047025251509
2022-10-12,70.56848907470703,-0.0004174465476115,0.005639686720856931
2022-10-13,71.77605438232422,0.0169672015272008,1.1170870939937831
2022-10-14,71.17718505859375,-0.0083785835072655,-0.5040376661260381
2022-10-17,72.63018798828125,0.0202083154179556,1.317667873232366
2022-10-18,72.49272918701172,-0.0018943781596029,-0.09441134261122476
2022-10-19,72.2767562866211,-0.0029836820916558,-0.1619890277242824
2022-10-20,70.8924789428711,-0.0193382395432174,-1.1974119683430022
2022-10-21,71.85460662841797,0.0134803768709862,0.8885644720157592
2022-10-24,72.81671905517578,0.0133008611947868,0.8759309247438104
2022-10-25,74.24026489257812,0.0193610703421924,1.2506235222697322
2022-10-26,75.1631088256836,0.0123538799294546,0.8053358885990484
2022-10-27,75.11402893066406,-0.0006531917961351,-0.020493650548909798
2022-10-28,74.9765853881836,-0.0018314746931128,-0.0912977476729131
2022-10-31,72.7774429321289,-0.0297698126132741,-1.8482722563698553
2022-11-01,72.29637908935547,-0.0066320111969353,-0.3793028447962519
2022-11-02,71.1477279663086,-0.0160156551433613,-0.9662177625422146
2022-11-03,70.1758041381836,-0.0137548097925445,-0.8187943104612003
2022-11-04,70.09725952148438,-0.0011198817913977,-0.01737580248570561
2022-11-07,71.5306167602539,0.0202418650512375,1.3243326930049684
2022-11-08,71.55025482177734,0.0002745029636682,0.06296622538160879
2022-11-09,71.20663452148438,-0.0048140718882074,-0.2539709004455646
2022-11-10,73.57266998291016,0.0326876294618571,2.093589053089351
2022-11-11,73.11125183105469,-0.0062913462920695,-0.34927364658360865
2022-11-14,73.3802261352539,0.0036722218957428,0.2740717281469267
2022-11-15,74.39501190185547,0.0137343946377169,0.904765560203589
2022-11-16,74.1881103515625,-0.0027849957772581,-0.13015098210832732
2022-11-17,74.11914825439453,-0.0009299895741654,-0.012590133791066854
2022-11-18,75.29156494140625,0.0156941992506232,1.0228495708022776
2022-11-21,76.45414733886719,0.0153230707797208,0.9976344546881329
2022-11-22,76.93689727783203,0.0062943900541676,0.4366174460732466
2022-11-23,77.40982055664062,0.0061280831291109,0.425605625863197
2022-11-25,77.72509002685547,0.004064461094486,0.2934784667701771
2022-11-28,78.31623077392578,0.0075767568745774,0.5111806966448532
2022-11-29,78.31623077392578,0.0,0.03802725332082047
2022-11-30,80.66108703613281,0.029501395029895,1.8855660762844064
2022-12-01,81.02562713623047,0.0045092229086234,0.30730420017101295
2022-12-02,81.84337615966797,0.0100418849339995,0.655964065168195
2022-12-05,79.20294952392578,-0.0327938343747123,-2.0311454698608378
2022-12-06,79.25220489501953,0.0006216947988953,0.07564810025911615
2022-12-07,79.50836944580078,0.0032270577774217,0.23626011160246957
2022-12-08,79.95172882080078,0.0055607706540813,0.3892305114284277
2022-12-09,78.84825897216797,-0.0138978299072826,-0.8387131512172125
2022-12-12,79.99112701416016,0.014390483285898,0.9479521760923918
2022-12-13,80.7793197631836,0.0098052730433033,0.6631604145243514
2022-12-14,80.9960708618164,0.0026796563741232,0.21092741668276577
2022-12-15,80.38522338867188,-0.0075702750214865,-0.4345864175568209
2022-12-16,78.92707824707031,-0.0183060045746185,-1.1082448822622797
2022-12-19,78.7103271484375,-0.0027499974982089,-0.12737614982066944
2022-12-20,78.641357421875,-0.0008766316187548,-0.004875052923996486
2022-12-21,79.7940902709961,0.0145517080549764,0.9801364907783021
2022-12-22,80.63152313232422,0.0104402339517322,0.7162284435746282
2022-12-23,80.8482894897461,0.0026847502991772,0.21832153626165313
2022-12-27,80.70050048828125,-0.0018296521157909,-0.06874180222063299
2022-12-28,79.72511291503906,-0.0121601478924494,-0.7284703936998608
2022-12-29,80.37538146972656,0.0081232994689855,0.5721396028443357
2022-12-30,79.41969299316406,-0.0119615685861418,-0.711047113947112
2023-01-03,80.80888366699219,0.0173405457725517,1.1627844235987224
2023-01-04,81.56749725341797,0.009343958790511,0.6466372566967249
2023-01-05,80.76947021484375,-0.0098318143971968,-0.576305682205906
2023-01-06,82.3556900024414,0.0194484993407848,1.287868951828324
2023-01-09,81.03547668457031,-0.016160507045479,-0.974752632618433
2023-01-10,80.08965301513672,-0.0117403726562696,-0.6883379050659644
2023-01-11,80.5133056640625,0.0052757886289251,0.39038779970456267
2023-01-12,80.18817138671875,-0.0040464434670828,-0.20392056253609697
2023-01-13,80.70050048828125,0.0063687620428613,0.4591302091813721
2023-01-17,83.46900939941406,0.0337306409541819,2.1736376470991665
2023-01-18,80.8482894897461,-0.0319009888383911,-1.9414804429200792
2023-01-19,79.36058044433594,-0.0185726521932979,-1.1024931175105614
2023-01-20,81.9714584350586,0.0323693417928319,2.055824630750177
2023-01-23,82.18819427490234,0.0026405509782528,0.21025070241091412
2023-01-24,81.49854278564453,-0.0084265296314602,-0.4711465243758747
2023-01-25,80.90740203857422,-0.0072798241268139,-0.4006071565757371
2023-01-26,80.08965301513672,-0.010158646140007,-0.5786241613281581
2023-01-27,78.37535095214844,-0.0216371930879937,-1.2948911902456672
2023-01-30,79.39998626708984,0.0129887184930964,0.8536553244545367
2023-01-31,79.6659927368164,0.003344608562606,0.2684077197447155
2023-02-01,80.19803619384766,0.0066562243545563,0.47447060765140187
2023-02-02,78.63150024414062,-0.0197266425970468,-1.1812129713864064
2023-02-03,81.6758804321289,0.0379863515160178,2.412776461330132
2023-02-06,82.06011199951172,0.0046933147315003,0.3412713478989963
2023-02-07,81.71529388427734,-0.0042108718691144,-0.21674993353809652
2023-02-08,82.0108642578125,0.0036105494440074,0.27025946251223193
2023-02-09,80.7793197631836,-0.0151307401940749,-0.8935436330558578
2023-02-10,81.66603088378906,0.0109171475068923,0.7232382329800626
2023-02-13,82.15864562988281,0.0060139441907956,0.41333360508197986
2023-02-14,81.83541870117188,-0.0039419395888285,-0.2079336489365161
2023-02-15,82.49768829345703,0.0080601309108593,0.5374466926477953
2023-02-16,81.83541870117188,-0.0080601309108592,-0.4667694660486442
2023-02-17,82.81400299072266,0.0118870239859584,0.7703054252546683
2023-02-21,83.0215835571289,0.0025034515105109,0.18825947117787104
2023-02-22,83.11054229736328,0.0010709397508656,0.10370633695768418
2023-02-23,83.05123138427734,-0.0007138936265633,-0.01284315776228416
2023-02-24,82.6064224243164,-0.0053702321472701,-0.3043104839654457
2023-02-27,82.91284942626953,0.0037026184154163,0.2602459516654596
2023-02-28,82.81400299072266,-0.0011928839029594,-0.037571852689588715
2023-03-01,82.17149353027344,-0.0077887174582048,-0.45630137358297246
2023-03-02,83.50594329833984,0.0161093586698845,1.0518975504368016
2023-03-03,83.24893188476562,-0.0030825079842382,-0.162963753307741
2023-03-06,82.63607788085938,-0.0073889351794906,-0.42992836523018674
2023-03-07,82.70527648925781,0.0008370393807684,0.09699909189262479
2023-03-08,82.68550109863281,-0.0002391353497172,0.031057905239929767
2023-03-09,82.66572570800781,-0.0002391925491113,0.015209371684989073
2023-03-10,82.91284942626953,0.0029849743730687,0.23275214842542402
2023-03-13,83.43673706054688,0.0062986554683926,0.44777005916337953
2023-03-14,83.79259490966797,0.0042559326413022,0.30924718283446007
2023-03-15,85.19621276855469,0.0166123444235574,1.1277375989414977
2023-03-16,84.96886444091797,-0.0026720930832432,-0.14410363597552242
2023-03-17,84.47462463378906,-0.0058336996185956,-0.3591765194842567
2023-03-20,84.73163604736328,0.0030378499021577,0.23312304256783278
2023-03-21,83.56523132324219,-0.0138614986538951,-0.8915591132490195
2023-03-22,83.25881958007812,-0.003673476169362,-0.2095459566748131
2023-03-23,83.3477783203125,0.0010678898652203,0.10736410469468721
2023-03-24,84.98863983154297,0.0194956445015447,1.325633239681331
2023-03-27,85.06770324707031,0.0009298497167781,0.090780690327618
2023-03-28,85.40379333496094,0.0039430700156251,0.2922469727112758
2023-03-29,85.7398681640625,0.0039274052937788,0.2939469583997389
2023-03-30,85.8387222290039,0.0011522891714274,0.1103381118301022
2023-03-31,87.39061737060547,0.0179177114442779,1.2181992034270592
2023-04-03,87.8453140258789,0.0051895484232946,0.3710575090365221
2023-04-04,87.80577850341797,-0.0004501597178734,0.0015863577982221267
2023-04-05,88.67562866210938,0.0098577772772885,0.6845429259480151
2023-04-06,89.56525421142578,0.0099823668104218,0.6897955925524744
2023-04-10,89.49605560302734,-0.0007729041177568,-0.02310375787690577
2023-04-11,89.54547119140625,0.000552001432499,0.06864317732605736
2023-04-12,88.72505187988281,-0.009204271008417,-0.5799568998989376
2023-04-13,88.62620544433594,-0.0011146968707563,-0.038474991739697983
2023-04-14,87.51911926269531,-0.0125703110343891,-0.7989860801656015
2023-04-17,88.9128646850586,0.0157995663146236,1.0837945242426918
2023-04-18,88.36920928955078,-0.0061332439036548,-0.3749630118673928
2023-04-19,88.4878158569336,0.0013412708380201,0.11855595246699213
2023-04-20,89.19951629638672,0.008010748282009,0.5642781602122302
2023-04-21,90.55372619628906,0.0150677173022043,1.0311503942531262
2023-04-24,90.80084991455078,0.002725311668632,0.20828231784372783
2023-04-25,91.4136962890625,0.0067266713676091,0.4722742348126929
2023-04-26,90.9392318725586,-0.0052038153923019,-0.3175377732255779
2023-04-27,96.1781234741211,0.0560104232657582,3.6475089274124657
2023-04-28,96.00019073486328,-0.0018517468095603,-0.10564608966448591
2023-05-01,95.54550170898438,-0.0047475865848923,-0.3057467664883223
2023-05-02,95.90133666992188,0.0037173282537347,0.24448753766722975
2023-05-03,96.30662536621094,0.004217195715082,0.2733260072635925
2023-05-04,96.53396606445312,0.0023578106857718,0.14776444974630984
2023-05-05,96.40546417236328,-0.0013320440610053,-0.09449932385974329
2023-05-08,95.49606323242188,-0.0094778583561932,-0.6393061451066065
2023-05-09,94.83379364013672,-0.0069592052030573,-0.46736256058197684
2023-05-10,95.1006851196289,0.0028103549907958,0.1909271867778159
2023-05-11,95.26871490478516,0.0017653029191723,0.11944295116284666
2023-05-12,96.0151596069336,0.0078046149264197,0.5211159928120487
2023-05-15,95.2816162109375,-0.0076692039187713,-0.5133888041122688
2023-05-16,94.83553314208984,-0.0046927264477752,-0.3109319536411999
2023-05-17,93.96321105957033,-0.0092408272492263,-0.6115137987393672
2023-05-18,93.71539306640624,-0.0026408778810623,-0.17424705242264968
2023-05-19,94.20111846923828,0.0051695987819601,0.3459981073870865
2023-05-22,93.96321105957033,-0.0025287209008978,-0.2027319495351146
2023-05-23,93.10079193115234,-0.009220643468329,-0.6717637126321425
2023-05-24,92.86288452148438,-0.0025586452580187,-0.1976352248610537
2023-05-25,92.67454528808594,-0.002030202728171,-0.1567722305077471
2023-05-26,93.15036010742188,0.0051211204247468,0.3474238437434652
2023-05-30,90.91999053955078,-0.0242350679957564,-1.7165527912717433
2023-05-31,91.64361572265624,0.0079274176002443,0.5482313752209179
2023-06-01,91.94100189208984,0.003239775024887,0.21638460558948272
2023-06-02,92.99175262451172,0.0113637202069464,0.7818921783880336
2023-06-05,93.82443237304688,0.0089144873912023,0.6086117234960023
2023-06-06,92.08969116210938,-0.0186622890803565,-1.3290365539783466
2023-06-07,91.70309448242188,-0.0042068816628741,-0.31293705610735717
2023-06-08,93.03141021728516,0.0143810559904502,0.9884507722520289
2023-06-09,93.27922058105467,0.002660186472939,0.16297716734198975
2023-06-12,93.36844635009766,0.000956087770148,0.03832734891392845
2023-06-13,94.12181091308594,0.0080363494991236,0.5344127121792502
2023-06-14,94.53814697265624,0.0044136205699362,0.27502128128856307
2023-06-15,95.00404357910156,0.0049160299707337,0.30310987790589866
2023-06-16,95.3212661743164,0.0033334808636475,0.1875585015046291
2023-06-20,93.6063461303711,-0.0181547538255638,-1.3352015810455502
2023-06-21,95.50960540771484,0.0201286408909861,1.3790294214803556
2023-06-22,96.69914245605467,0.0123777117192931,0.8543306255294236
2023-06-23,96.27288818359376,-0.0044177901254416,-0.35368947541203655
2023-06-26,96.5702667236328,0.0030841517387945,0.20179109307887622
2023-06-27,97.9184112548828,0.0138636977557017,0.9911544871163553
2023-06-28,97.61111450195312,-0.0031432286734695,-0.25432542082070936
2023-06-29,98.10675048828124,0.0050648114914798,0.34392879191337955
2023-06-30,99.35576629638672,0.012650831018198,0.9009822569215238
2023-07-03,99.32601928710938,-0.0002994437503393,-0.048452920416757285
2023-07-05,99.0484619140625,-0.0027983191435315,-0.2267535589874237
2023-07-06,99.35576629638672,0.0030977628938709,0.20869124233887962
2023-07-07,98.10675048828124,-0.0126508310181981,-0.9457160525202045
2023-07-10,97.43267822265624,-0.0068945167754607,-0.5194767321494671
2023-07-11,96.94695281982422,-0.0049977089803844,-0.38032687114082936
2023-07-12,97.39302825927734,0.0045906788749398,0.32425244710002443
2023-07-13,97.16503143310548,-0.002343741820825,-0.18603940529312296
2023-07-14,97.95806121826172,0.0081285525038355,0.5863192536392454
2023-07-17,97.53180694580078,-0.0043608904336917,-0.3323409063098581
2023-07-18,97.32364654541016,-0.0021365630352858,-0.16878266990046578
2023-07-19,97.41285705566406,0.0009162177079787,0.05085759282846606
2023-07-20,96.39183807373048,-0.0105366738147278,-0.7902990935720371
2023-07-21,97.27407836914062,0.0091110135902618,0.6532389601881203
2023-07-24,97.2245101928711,-0.0005097021804542,-0.05625780302468778
2023-07-25,97.11547088623048,-0.0011221501358311,-0.09845951160811774
2023-07-26,97.05599975585938,-0.0006125630303366,-0.06041977022926373
2023-07-27,95.11309051513672,-0.020221518910819,-1.4948052133822245
2023-07-28,96.30262756347656,0.0124289935386283,0.8999571296308401
2023-07-31,94.83553314208984,-0.0153514424118816,-1.1294117039018707
2023-08-01,95.52943420410156,0.0072902503538947,0.5551047218395668
2023-08-02,95.93585205078124,0.004245348752606,0.310411710525631
2023-08-03,94.2804183959961,-0.0174062444528045,-1.4378221109568892
2023-08-04,93.80460357666016,-0.0050595824100388,-0.4374855023183516
2023-08-07,94.84544372558594,0.0110347251463156,0.8556052596464584
2023-08-08,94.6670150756836,-0.0018830287333467,-0.18579387561857905
2023-08-09,95.21222686767578,0.0057427371711718,0.42993460818173024
2023-08-10,94.71658325195312,-0.0052192686359964,-0.45363556726917076
2023-08-11,95.15274047851562,0.0045942965949149,0.3392265303692867
2023-08-14,94.59902954101562,-0.0058361775397721,-0.5025168612317424
2023-08-15,93.63475036621094,-0.0102456382754112,-0.8526563323767087
2023-08-16,93.05816650390624,-0.0061768352563596,-0.5223673085919122
2023-08-17,91.62665557861328,-0.0155025148074251,-1.2630971621638138
2023-08-18,92.54122924804688,0.0099320377001352,0.7761280322485126
2023-08-21,91.90499114990234,-0.0068989282649476,-0.5705719510219712
2023-08-22,92.16346740722656,0.0028084814665814,0.2072554409840161
2023-08-23,91.94476318359376,-0.0023758234578066,-0.2098958735165563
2023-08-24,92.2927017211914,0.0037770705477942,0.2782136892871627
2023-08-25,92.74999237060548,0.0049425521237759,0.37092932487145563
2023-08-28,93.88327026367188,0.0121445856548451,0.9453879542019143
2023-08-29,94.87738037109376,0.0105331200666883,0.8091105203330905
2023-08-30,95.44402313232422,0.0059546054737076,0.43805493407037854
2023-08-31,96.19952392578124,0.0078844784378033,0.5888086499904515
2023-09-01,95.69254302978516,-0.0052840337139237,-0.4752145612821124
2023-09-05,94.60896301269533,-0.0113881571449549,-0.960214123185922
2023-09-06,93.56515502929688,-0.0110941791602249,-0.9347568778081454
2023-09-07,95.95100402832033,0.0251796476334791,2.014947288566675
2023-09-08,95.10601043701172,-0.0088455176927001,-0.7886211075562721
2023-09-11,95.75218963623048,0.006771327278146,0.4990789419032472
2023-09-12,94.73820495605467,-0.0106461458011971,-0.9361329510701689
2023-09-13,95.1358413696289,0.0041884291463538,0.2929243012480941
2023-09-14,95.03643035888672,-0.0010454838541245,-0.1582569126937608
2023-09-15,94.6586685180664,-0.0039828371152026,-0.41371990892178306
2023-09-18,94.5890884399414,-0.0007353332200992,-0.13860081764330034
2023-09-19,94.2809066772461,-0.0032634303401637,-0.35582200044859585
2023-09-20,94.54932403564452,0.0028429509212843,0.1652606776603547
2023-09-21,94.45984649658205,-0.0009468063956349,-0.1660606670428172
2023-09-22,94.13179779052734,-0.0034789350096482,-0.38450325215434544
2023-09-25,93.28679656982422,-0.0090173224200607,-0.8546772016954184
2023-09-26,92.5312957763672,-0.0081316619600361,-0.7747777744816097
2023-09-27,91.42782592773438,-0.0119970466644994,-1.099617453191053
2023-09-28,91.34830474853516,-0.0008701484589098,-0.15778509708893568
2023-09-29,91.08982849121094,-0.0028335789857084,-0.3236408450220861
2023-10-02,91.1097183227539,0.0002183301986178,-0.06430402523602757
2023-10-03,90.43373107910156,-0.0074471468958448,-0.7406815833678105
2023-10-04,91.50736236572266,0.0118021028499529,0.9520749674489997
2023-10-05,89.69808959960938,-0.019969960883129,-1.8212698040955582
2023-10-06,85.48308563232422,-0.0481309436644352,-4.130884119320254
2023-10-09,86.1292495727539,0.0075305425250193,0.57006498930454
2023-10-10,87.63035583496094,0.0172783956764952,1.3838948523749
2023-10-11,87.13329315185547,-0.0056884143392331,-0.5553712480116331
2023-10-12,85.58248901367188,-0.01795835674898,-1.5780465556505021
2023-10-13,87.18299865722656,0.0185286477550861,1.4844626681680972
2023-10-16,88.41569519042969,0.0140401589082871,1.1101151673673206
2023-10-17,88.59463500976562,0.0020218015534757,0.09700037697758404
2023-10-18,89.71797180175781,0.0125998006906581,0.9926501642439088
2023-10-19,89.0718002319336,-0.0072283148631104,-0.6784904654133365
2023-10-20,89.58873748779297,0.0057868257313897,0.4160904792737374
2023-10-23,90.51325225830078,0.0102666593794905,0.7875237255879811
2023-10-24,91.04013061523438,0.0058041312997216,0.41288679557225316
2023-10-25,91.69623565673828,0.0071809227058679,0.5326659935985051
2023-10-26,91.67636108398438,-0.0002167670980831,-0.0900320356947284
2023-10-27,89.57879638671875,-0.023145916180587,-2.0239409985896923
2023-10-30,90.22496795654295,0.0071875508724568,0.5480831947632573
2023-10-31,90.4039077758789,0.0019812986948703,0.10510710191376246
2023-11-01,89.73784637451172,-0.007394892314351,-0.7068034997132082
2023-11-02,91.41788482666016,0.0185485339996763,1.508040147294136
2023-11-03,86.28831481933594,-0.0577469486984196,-4.793197384277819
2023-11-06,86.36782836914062,0.000921062569308,0.007985551087488467
2023-11-07,88.18704223632812,0.0208447891702576,1.6289326289104578
2023-11-08,88.09758758544922,-0.0010148889174006,-0.1512364553295198
2023-11-09,89.12150573730469,0.011555521770125,0.8760799306798199
2023-11-10,89.19110107421875,0.0007805992149678,-0.00927255782162177
2023-11-13,90.39396667480467,0.0133962539806511,1.0439721564589426
2023-11-14,91.51370239257812,0.0123111891460375,0.9467525348569451
2023-11-15,91.3840789794922,-0.001417441303182,-0.18969564800712146
2023-11-16,92.61050415039062,0.0133312982773495,1.0333074199265966
2023-11-17,92.13190460205078,-0.0051812750766084,-0.500721413648517
2023-11-20,91.18465423583984,-0.0103346779272828,-0.9232510590831798
2023-11-21,92.5506820678711,0.0148697907511775,1.1630980774660797
2023-11-22,93.82696533203124,0.0136958828705124,1.0671080020275736
2023-11-24,94.55485534667967,0.0077278543595356,0.5721749398382292
2023-11-27,94.9736328125,0.00441915778901,0.29881074343165964
2023-11-28,94.82406616210938,-0.0015760642216284,-0.19590707259589824
2023-11-29,94.38534545898438,-0.004637417194137,-0.44557316699805466
2023-11-30,96.34962463378906,0.0205976766730262,1.6296899605050883
2023-12-01,95.0932846069336,-0.0131251459512144,-1.1453597067065187
2023-12-04,94.82406616210938,-0.0028351135276748,-0.2875626355245987
2023-12-05,93.21873474121094,-0.0170745214858333,-1.4579116475609453
2023-12-06,93.25862121582033,0.0004277889399808,-0.018557831299375736
2023-12-07,93.87682342529295,0.0066070268998117,0.49930867807900237
2023-12-08,92.67033386230467,-0.0129351355736765,-1.1365234344634134
2023-12-11,93.08911895751952,0.0045089043745212,0.32776509667973874
2023-12-12,94.18592071533205,0.0117134061234731,0.925074610243127
2023-12-13,94.69444274902344,0.0053846069865324,0.39715741799751203
2023-12-14,91.09491729736328,-0.0387533056328383,-3.2382578642431565
2023-12-15,91.23451232910156,0.0015312400121025,0.08741038261477604
2023-12-18,92.66036224365234,0.0155075392093393,1.2309246333483004
2023-12-19,92.4509735107422,-0.0022623014561614,-0.23917585152982695
2023-12-20,91.15474700927734,-0.0141199090490529,-1.2134112067763598
2023-12-21,91.52367401123048,0.0040390923181455,0.28363258610191616
2023-12-22,91.63335418701172,0.0011976629012885,0.05367092592247845
2023-12-26,92.01224517822266,0.0041263338748493,0.2984085177489673
2023-12-27,92.71022033691406,0.0075570502858356,0.5806393816746972
2023-12-28,93.71728515625,0.0108039273758814,0.8441431415405678
2023-12-29,94.28562927246094,0.0060461386919745,0.44564077481048137
