Date,Close,log_returns,log_returns_zscore
2001-06-13,11.915624618530272,0.0,0.0
2001-06-14,11.49619483947754,-0.0358344349580664,-0.7071067811865476
2001-06-15,11.66777801513672,0.0148149296333164,0.8379494957019971
2001-06-18,11.561016082763672,-0.0091922709103871,-0.07699683532412865
2001-06-19,11.591514587402344,0.0026345735344393,0.42910752829027354
2001-06-20,11.553388595581056,-0.0032945505111876,0.10879048375651747
2001-06-21,11.439000129699709,-0.0099501979557471,-0.263405192603541
2001-06-22,11.439000129699709,0.0,0.34898134280320386
2001-06-25,11.49619483947754,0.004987516209566,0.6367878098572319
2001-06-26,11.454256057739258,-0.0036547280580745,0.022153039387662863
2001-06-27,11.416120529174805,-0.0033349309981015,0.04430014631257214
2001-06-28,11.59533405303955,0.0155763423511549,1.345616753981765
2001-06-29,11.82030200958252,0.0192157819911797,1.413940338628222
2001-07-02,11.618208885192873,-0.0172449635238528,-1.0880042882329362
2001-07-03,11.652533531188965,0.0029500280029672,0.3232822767133418
2001-07-05,11.793607711791992,0.0120340384922695,0.9261681878257493
2001-07-06,11.686842918395996,-0.0090939932005753,-0.593071458498326
2001-07-09,11.583898544311523,-0.0088475948038416,-0.5541000501229415
2001-07-10,11.572460174560549,-0.0009879248132368,0.043086539109451545
2001-07-11,11.553388595581056,-0.0016493736937081,-0.008512787531435745
2001-07-12,11.782172203063965,0.0196087799302719,1.5541918561684942
2001-07-13,11.717352867126465,-0.0055166647099658,-0.3745069368028584
2001-07-16,11.709721565246582,-0.0006514942505376,0.008577686431118276
2001-07-17,11.991886138916016,0.0238108661942899,1.793860117804627
2001-07-18,12.007131576538086,0.0012705053059733,0.07505471590776491
2001-07-19,11.942310333251951,-0.0054131868137959,-0.43503813752148524
2001-07-20,11.896560668945312,-0.0038382455669347,-0.30430420156727905
2001-07-23,11.82030200958252,-0.0064307765493232,-0.5017284832438775
2001-07-24,11.846991539001465,0.002255394405605,0.2039690378337765
2001-07-25,11.705914497375488,-0.0119797301117871,-0.9475014064071051
2001-07-26,11.866059303283691,0.0135879389010047,1.1351955797228659
2001-07-27,11.78598403930664,-0.0067711333654766,-0.5380458674068767
2001-07-30,11.66777801513672,-0.0100800054821882,-0.7946919503128543
2001-07-31,11.801241874694824,0.0113737428273064,0.9811714521557011
2001-08-01,11.736410140991213,-0.0055087820665075,-0.4324097060536655
2001-08-02,11.801241874694824,0.0055087820665074,0.4974873967540909
2001-08-03,11.705914497375488,-0.0081105428806462,-0.6622817389009087
2001-08-06,11.572460174560549,-0.0114660741400875,-0.9298666142547206
2001-08-07,11.629647254943848,0.0049294829239025,0.4875592027446287
2001-08-08,11.442811965942385,-0.0161958784890509,-1.3194373776955426
2001-08-09,11.580083847045898,0.0119249558299529,1.0936200510772278
2001-08-10,11.744041442871094,0.0140592879245865,1.2391401068881038
2001-08-13,11.858433723449709,0.009693320337553,0.8462210553764354
2001-08-14,11.858433723449709,0.0,0.009548558459297191
2001-08-15,11.81267547607422,-0.0038661732313947,-0.3240849333709071
2001-08-16,11.877495765686035,0.0054723497532014,0.4931091083085869
2001-08-17,11.95375919342041,0.0064003081837387,0.5676110100029516
2001-08-20,12.09483528137207,0.0117327194680717,1.02304274820924
2001-08-21,12.232105255126951,0.0112855482570032,0.9634652260747365
2001-08-22,12.544771194458008,0.0252398673793849,2.0901530645567545
2001-08-23,12.540956497192385,-0.0003041328792146,-0.11397086821836525
2001-08-24,12.335055351257324,-0.0165545706844657,-1.4827479388139455
2001-08-27,12.31599235534668,-0.0015466279516809,-0.18862447667915558
2001-08-28,12.163472175598145,-0.0124612328175134,-1.1133977063519553
2001-08-29,12.312179565429688,0.0121516044813365,1.0016887648467934
2001-08-30,12.449445724487305,0.0110871207813839,0.8947093682111745
2001-08-31,12.296923637390137,-0.0123269814840005,-1.1155793167825565
2001-09-04,12.601962089538574,0.0245034029119009,1.9833450383329383
2001-09-05,12.716358184814451,0.00903668746718,0.6717278929421504
2001-09-06,12.964195251464844,0.0193021355236144,1.4982794155025252
2001-09-07,12.964195251464844,0.0,-0.11671676357224677
2001-09-10,12.868879318237305,-0.0073794054602901,-0.7304973836333526
2001-09-17,12.544771194458008,-0.0255079998882504,-2.161115238650745
2001-09-18,12.544771194458008,0.0,-0.06652842839951194
2001-09-19,12.354122161865234,-0.0153141551972308,-1.3056254128675417
2001-09-20,12.403690338134766,0.004004250577546,0.28138786205017685
2001-09-21,12.201598167419434,-0.0164270957593626,-1.380419372823327
2001-09-24,12.773552894592283,0.0458099128313914,3.3763584142644794
2001-09-25,12.697293281555176,-0.0059880100075975,-0.5236304623177501
2001-09-26,12.697293281555176,0.0,-0.0692964847972968
2001-09-27,12.77736473083496,0.0062863817785716,0.40727883720679375
2001-09-28,13.1052827835083,0.0253401897422866,1.8136421254122295
2001-10-01,12.933698654174805,-0.0131792108149146,-1.078605536480714
2001-10-02,13.02139949798584,0.0067579153095231,0.4215865686655949
2001-10-03,13.231112480163574,0.0159769429550402,1.1040565999333578
2001-10-04,12.964195251464844,-0.0203797160667129,-1.6092382827102942
2001-10-05,12.861250877380373,-0.0079723632900758,-0.6736941497109373
2001-10-08,12.926065444946287,0.0050268669481619,0.3011476806337905
2001-10-09,12.94513702392578,0.0014743483575686,0.03236632797820054
2001-10-10,12.952760696411133,0.0005887483832001,-0.0348025286831193
2001-10-11,12.582903861999512,-0.0289698903434623,-2.212359444874502
2001-10-12,12.735419273376465,0.0120479745364562,0.8401294038771733
2001-10-15,12.716358184814451,-0.0014978201154632,-0.17159455970215837
2001-10-16,12.811684608459473,0.0074684038648925,0.49906572825707995
2001-10-17,12.964195251464844,0.0118337316587217,0.8207114123929009
2001-10-18,12.968015670776367,0.0002946466346906,-0.05250373166020037
2001-10-19,13.162484169006348,0.0148846818732597,1.0456925576190064
2001-10-22,13.444643020629885,0.0212100635561296,1.4985096193755034
2001-10-23,13.494207382202148,0.0036797722812368,0.1733259335972528
2001-10-24,13.383628845214844,-0.0082282784923835,-0.7249672750903312
2001-10-25,13.307367324829102,-0.0057144160093226,-0.5297712649056144
2001-10-26,13.078584671020508,-0.0173416814655359,-1.3958388781066138
2001-10-29,12.784992218017578,-0.0227041345326443,-1.7631372354901467
2001-10-30,12.849812507629396,0.0050572203265295,0.3212628106741722
2001-10-31,12.868879318237305,0.0014827203677497,0.05106346554810553
2001-11-01,12.868879318237305,0.0,-0.06118489918008157
2001-11-02,13.154855728149414,0.0219790066021469,1.586559217866294
2001-11-05,13.0404634475708,-0.0087338510338732,-0.7325559070570236
2001-11-06,13.223484992980955,0.0139373185611101,0.97789313021562
2001-11-07,13.097650527954102,-0.009561549774942,-0.7988679057319766
2001-11-08,13.356935501098633,0.0196028980258977,1.3975235498195926
2001-11-09,13.139601707458496,-0.0164050619965817,-1.3088441790621075
2001-11-12,13.124350547790527,-0.0011613759600208,-0.15901232089904258
2001-11-13,12.926065444946287,-0.0152234753053607,-1.2094811490632755
2001-11-14,12.94513702392578,0.0014743483575686,0.05201969553431048
2001-11-15,12.983262062072754,0.0029407959586593,0.16257928628874138
2001-11-16,12.964195251464844,-0.0014696479743141,-0.1730315518492615
2001-11-19,12.697293281555176,-0.0208025029037941,-1.6263139419039294
2001-11-20,12.689664840698242,-0.0006009732280483,-0.0900048374373836
2001-11-21,12.926065444946287,0.0184579797899286,1.3480699816438306
2001-11-23,12.853623390197754,-0.005620102390571,-0.4812263451809677
2001-11-26,12.678224563598633,-0.0137398269224613,-1.09035826677241
2001-11-27,12.529523849487305,-0.0117981532149887,-0.9344052370770606
2001-11-28,12.563841819763184,0.0027352242918627,0.17404446192558723
2001-11-29,12.891752243041992,0.0257647542459336,1.8998609281346694
2001-11-30,12.628656387329102,-0.0206191978156304,-1.589002224814045
2001-12-03,12.811684608459473,0.0143890664890473,1.035583812792619
2001-12-04,12.575276374816896,-0.0186249206971986,-1.428550242861983
2001-12-05,12.582903861999512,0.0006063624113128,0.011163104084133494
2001-12-06,12.31599235534668,-0.0214404469192945,-1.6212416362482467
2001-12-07,12.201598167419434,-0.0093316688636859,-0.7127643236356606
2001-12-10,12.201598167419434,0.0,-0.0146032631644662
2001-12-11,12.285484313964844,0.0068514879029584,0.4975566890735446
2001-12-12,12.323615074157717,0.0030989180145569,0.2138865945159408
2001-12-13,12.392253875732422,0.0055542435647746,0.39778096615529124
2001-12-14,12.506640434265137,0.0091881480226828,0.6697428553818366
2001-12-17,12.689664840698242,0.0145281320907725,1.0668703952433476
2001-12-18,12.88794231414795,0.0155042998445016,1.1308730321812819
2001-12-19,12.956571578979492,0.0053109473390968,0.35522863752631234
2001-12-20,13.03312873840332,0.0058913631106654,0.39768390058076086
2001-12-21,13.389097213745115,0.0269462546269912,1.9694489967866375
2001-12-24,13.274267196655272,-0.0086133711604911,-0.7141973448113433
2001-12-26,13.03312873840332,-0.0183328834664999,-1.4334184754060817
2001-12-27,12.88385009765625,-0.0115198837454573,-0.9133002489369232
2001-12-28,12.9374361038208,0.0041505355444607,0.2681456675853429
2001-12-31,13.025471687316896,0.0067816688028933,0.4653004459566272
2002-01-02,13.30106258392334,0.0209371245832829,1.521524549942002
2002-01-03,13.044611930847168,-0.01946875591599,-1.513477801248167
2002-01-04,12.635055541992188,-0.0319000329341453,-2.388288291319162
2002-01-07,12.688640594482422,0.0042320151195074,0.2804634116373648
2002-01-08,12.81877899169922,0.0102040526656812,0.7193194629650299
2002-01-09,12.860889434814451,0.0032796748121312,0.2043341646901663
2002-01-10,12.899162292480469,0.0029714913799758,0.18071713847953524
2002-01-11,12.99102783203125,0.0070965817283667,0.48706739807829064
2002-01-14,13.01016330718994,0.0014718924614592,0.06513930685316176
2002-01-15,13.13647174835205,0.0096616198171601,0.6778810597166427
2002-01-16,13.094369888305664,-0.0032101063918401,-0.2912425859825538
2002-01-17,13.243645668029783,0.0113355068697593,0.804071984979118
2002-01-18,13.23981761932373,-0.0002890897380889,-0.07567855296822174
2002-01-22,13.262787818908691,0.0017334299746637,0.07768709885898481
2002-01-23,13.16709327697754,-0.0072414219159243,-0.6035696497890526
2002-01-24,12.906815528869627,-0.0199652760783589,-1.5574385698464235
2002-01-25,13.013988494873049,0.0082693095958803,0.5859810843395591
2002-01-28,12.906815528869627,-0.0082693095958803,-0.6706047203370269
2002-01-29,13.029298782348633,0.0094450666404012,0.6779305526733695
2002-01-30,13.588128089904783,0.0419959028877098,3.058702833304016
2002-01-31,14.185250282287598,0.0430062353096289,3.029941994447693
2002-02-01,14.104866981506348,-0.005682798438605,-0.48937684925477654
2002-02-04,14.353666305541992,0.0174854874306375,1.1812398670478585
2002-02-05,14.200554847717283,-0.0107243636218281,-0.8565748061820005
2002-02-06,14.284767150878906,0.0059126976696344,0.34779089618246023
2002-02-07,14.25798511505127,-0.0018766265732211,-0.21750375341884043
2002-02-08,14.250317573547363,-0.0005379163938693,-0.11956820925903208
2002-02-11,14.04745864868164,-0.0143376920075404,-1.1205653584008681
2002-02-12,14.353666305541992,0.0215639009268243,1.487053555726997
2002-02-13,14.453181266784668,0.0069091459497945,0.41917802376235325
2002-02-14,14.468497276306152,0.0010591370712054,-0.007556840595142124
2002-02-15,14.602460861206056,0.0092163823787857,0.5869576427002485
2002-02-19,14.682844161987305,0.0054896817766321,0.31272093871289036
2002-02-20,14.545048713684082,-0.0094291073130097,-0.7802774365395234
2002-02-21,14.57949161529541,0.002365216225157,0.08749022671404293
2002-02-22,14.755571365356444,0.0120048738157339,0.7952227813037688
2002-02-25,15.034981727600098,0.0187588699626274,1.2843224847821542
2002-02-26,14.973737716674805,-0.0040817533763629,-0.3988219426661784
2002-02-27,14.858912467956545,-0.0076979963257874,-0.6634262083678977
2002-02-28,14.96608543395996,0.007186818765187,0.43728134023398735
2002-03-01,14.92014980316162,-0.0030740350269615,-0.3232659584332779
2002-03-04,13.95175838470459,-0.0671070857449694,-4.738943506690954
2002-03-05,14.376628875732422,0.0299983439517769,2.0003837390467
2002-03-06,14.48763370513916,0.007691544264998,0.45746261887812667
2002-03-07,14.552704811096191,0.0044814363871144,0.23447237744820762
2002-03-08,14.548873901367188,-0.0002632784832041,-0.09471377834644691
2002-03-11,14.35749626159668,-0.0132414021508511,-0.9928930964544938
2002-03-12,14.280941009521484,-0.0053463416108181,-0.4417445377479726
2002-03-13,14.423059463500977,0.0099024256519583,0.6200015649843207
2002-03-14,14.26942253112793,-0.0107093140827902,-0.8170307299667287
2002-03-15,14.461471557617188,0.0133690156879224,0.8634401346826286
2002-03-18,14.423059463500977,-0.002659701605132,-0.25796038054037357
2002-03-19,14.519085884094238,0.0066357743563708,0.39322184484641315
2002-03-20,14.88013744354248,0.0245632143855288,1.6381079841254529
2002-03-21,15.076030731201172,0.0130788476620712,0.8302458663451562
2002-03-22,15.072195053100586,-0.0002544546500828,-0.10387669731691491
2002-03-25,14.941597938537598,-0.0087025281222165,-0.6947760305132239
2002-03-26,15.210464477539062,0.0178345123979476,1.1651305805441985
2002-03-27,15.114441871643066,-0.0063329413594772,-0.5318422155643877
2002-03-28,14.845572471618652,-0.0179490313539457,-1.3401703857179414
2002-04-01,14.96465015411377,0.0079890926907773,0.4810920135070144
2002-04-02,15.233514785766602,0.017807157274826,1.1653921526749402
2002-04-03,15.306499481201172,0.0047796201887611,0.2482917620905213
2002-04-04,15.498541831970217,0.0124684032549191,0.7872514014550108
2002-04-05,15.786624908447266,0.0184171126035864,1.199761040954718
2002-04-08,15.36411190032959,-0.0271286630085078,-1.9864304188847197
2002-04-09,14.9992094039917,-0.0240369004255297,-1.7521982930304045
2002-04-10,15.179741859436035,0.0119642732030224,0.7510527769732573
2002-04-11,15.36411190032959,0.0120726272225074,0.7556950903690186
2002-04-12,15.210464477539062,-0.0100507502909392,-0.7845520163671058
2002-04-15,15.536956787109377,0.0212378513695593,1.3902268437363015
2002-04-16,15.32953929901123,-0.0134398546343871,-1.0205519341002516
2002-04-17,14.88013744354248,-0.0297543740228916,-2.128163812375121
2002-04-18,14.922391891479492,0.0028356302094564,0.1221148281884349
2002-04-19,15.379472732543944,0.0301707844514363,1.9903757678276761
2002-04-22,14.99152946472168,-0.0255483415744916,-1.8200808579626506
2002-04-23,15.406363487243652,0.0272952982818959,1.773851042896715
2002-04-24,15.367942810058594,-0.0024969334337282,-0.2511634818059511
2002-04-25,15.479339599609377,0.0072225016335448,0.4100253987842112
2002-04-26,15.517745018005373,0.0024780032394752,0.08589470364463744
2002-04-29,15.498541831970217,-0.0012382648240086,-0.16802349217529083
2002-04-30,15.763571739196776,0.0169557478069978,1.0745089901591942
2002-05-01,15.844233512878418,0.0051039259538553,0.2612847071779617
2002-05-02,16.113109588623047,0.0168275829194502,1.0616366680935034
2002-05-03,15.498541831970217,-0.0388872566803033,-2.712351895139086
2002-05-06,15.60609531402588,0.0069156190572478,0.38653086433154826
2002-05-07,15.32953929901123,-0.0178799230179363,-1.2870956073683348
2002-05-08,15.072195053100586,-0.0169299810109031,-1.2159874659956822
2002-05-09,15.279601097106934,0.0136670180158372,0.8501211250092346
2002-05-10,15.256562232971191,-0.001508956332086,-0.17651000884223444
2002-05-13,15.59457015991211,0.0219130661386906,1.4027245862500974
2002-05-14,15.778943061828612,0.0117535465752831,0.712825122714166
2002-05-15,15.828879356384276,0.0031597454226294,0.13033088835534837
2002-05-16,15.790461540222168,-0.002430021245067,-0.24860498161586883
2002-05-17,15.782779693603516,-0.0004866048888259,-0.11613378129230845
2002-05-20,15.717484474182127,-0.004145699387896,-0.3647181083085974
2002-05-21,15.583050727844238,-0.0085899216795069,-0.6662226976466744
2002-05-22,15.94025707244873,0.0226639689476726,1.4613156129168712
2002-05-23,15.970990180969238,0.0019261621320128,0.04646743783262586
2002-05-24,16.017080307006836,0.0028817091640608,0.11155596904738786
2002-05-28,16.020923614501953,0.0002399217830779,-0.06928827154694826
2002-05-29,16.22834014892578,0.0128635119262023,0.7946581443526384
2002-05-30,16.335891723632812,0.0066055275735719,0.3638167263406758
2002-05-31,16.520248413085938,0.0112221717743734,0.6795253654882323
2002-06-03,15.95945644378662,-0.0345352710566725,-2.437713218289087
2002-06-04,15.967147827148438,0.0004818165718684,-0.049720726300534486
2002-06-05,16.017080307006836,0.0031223214275786,0.13044199120794014
2002-06-06,16.009403228759766,-0.0004794206260916,-0.11593917429150728
2002-06-07,16.05933952331543,0.0031143306928468,0.13036610279521413
2002-06-10,16.170732498168945,0.0069123902868836,0.3905709004959627
2002-06-11,16.739192962646484,0.0345498813945579,2.2652390531787243
2002-06-12,16.823698043823242,0.0050356365148129,0.24935268497989538
2002-06-13,16.68926239013672,-0.0080229483193613,-0.6422120140278802
2002-06-14,16.497215270996094,-0.0115739467696901,-0.8822847780854137
2002-06-17,16.68926239013672,0.0115739467696901,0.701838728931324
2002-06-18,16.839059829711914,0.0089356356881589,0.519553143509469
2002-06-19,16.278268814086914,-0.0338701609470599,-2.384214370612048
2002-06-20,16.236026763916016,-0.0025983693133422,-0.2729295246726321
2002-06-21,16.105426788330078,-0.0080763646116572,-0.6440149799934963
2002-06-24,15.87113094329834,-0.0146544878270456,-1.0938646585781528
2002-06-25,15.602252006530762,-0.0170865317373179,-1.2517572919249014
2002-06-26,15.216917991638184,-0.0250074285657194,-1.7776700514369235
2002-06-27,15.21306324005127,-0.0002533522172218,-0.0944227242988279
2002-06-28,15.779504776000977,0.036557449462123,2.3782856956200122
2002-07-01,15.848865509033203,0.0043859891355498,0.20977778537974492
2002-07-02,15.66005039215088,-0.0119850125973428,-0.8903850491041937
2002-07-03,15.240032196044922,-0.0271872455894217,-1.8940573588177343
2002-07-05,15.513628959655762,0.0177932624402957,1.1115431475658621
2002-07-08,15.390314102172852,-0.0079805681575093,-0.6044495187829202
2002-07-09,14.908645629882812,-0.0317970688489545,-2.1807594347307484
2002-07-10,14.573405265808104,-0.0227429777662558,-1.5641009703640694
2002-07-11,14.24972915649414,-0.0224604105529998,-1.5307879810198346
2002-07-12,13.868237495422363,-0.0271367468690268,-1.823767452452284
2002-07-15,13.933752059936523,0.0047129494564075,0.261121218349364
2002-07-16,13.87209415435791,-0.0044348951772384,-0.33808449887178377
2002-07-17,14.619640350341797,0.052486646796869,3.306946950148121
2002-07-18,13.536850929260254,-0.0769501891319323,-4.755002293229106
2002-07-19,13.413543701171877,-0.0091507445599384,-0.5940952472612775
2002-07-22,13.667875289916992,0.0187832894862056,1.111559316899242
2002-07-23,13.525294303894045,-0.010486625485598,-0.6728561643824539
2002-07-24,14.334497451782228,0.0581074568057207,3.438546182003937
2002-07-25,14.24201774597168,-0.0064724497036578,-0.42952012593821226
2002-07-26,14.268998146057127,0.0018926304303842,0.07014857776947128
2002-07-29,14.330644607543944,0.0043110018884856,0.2125207894148701
2002-07-30,14.24201774597168,-0.0062036323188698,-0.4153596805823057
2002-07-31,14.257429122924805,0.0010815212327613,0.01793346219224302
2002-08-01,14.488632202148438,0.0160862430672239,0.9166963464585387
2002-08-02,14.334497451782228,-0.0106953145963274,-0.6872593630280439
2002-08-05,14.584965705871582,0.0173222106945798,0.983593705861746
2002-08-06,14.469367980957031,-0.00795739018703,-0.5247091271331198
2002-08-07,14.654329299926758,0.0127019453591407,0.7070387604699018
2002-08-08,14.827725410461426,0.011762959644087,0.6489430974442141
2002-08-09,14.997272491455078,0.0113695838609626,0.6206920171214176
2002-08-12,14.873970985412598,-0.0082555790778575,-0.5531500112009733
2002-08-13,14.76992893218994,-0.0070194866882236,-0.47624556480466135
2002-08-14,14.912501335144045,0.0096065920565569,0.5121748481038322
2002-08-15,15.220776557922363,0.0204614963785694,1.1578319121559417
2002-08-16,15.232329368591309,0.0007587279439435,-0.01635112372830829
2002-08-19,15.45967960357666,0.0148152174472659,0.822700561009178
2002-08-20,15.475102424621582,0.0009971185385242,-0.0035390203402930935
2002-08-21,15.128286361694336,-0.0226661768371832,-1.4082349660653133
2002-08-22,15.29397964477539,0.010893003265355,0.5886131721146386
2002-08-23,15.139849662780762,-0.0101289455354958,-0.6582185769610579
2002-08-26,14.924062728881836,-0.0143554595850244,-0.9027168736665334
2002-08-27,14.95488452911377,0.0020631122574949,0.07527171714254373
2002-08-28,15.028104782104492,0.0048841293164398,0.2488801214020872
2002-08-29,15.282423973083496,0.0167813079929709,0.9536087639030237
2002-08-30,15.324814796447754,0.0027699885499815,0.11402740161737866
2002-09-03,14.873970985412598,-0.0298606251011754,-1.8165420469434843
2002-09-04,14.86626148223877,-0.0005184561590031,-0.07811775782899469
2002-09-05,15.128286361694336,0.0174719449984563,0.9885471586122045
2002-09-06,14.793047904968262,-0.0224089261683336,-1.3666143287878851
2002-09-09,14.981863021850586,0.0126830033771609,0.7043111205400491
2002-09-10,15.082046508789062,0.006664725868074,0.353592254482985
2002-09-11,15.220776557922363,0.0091563098305483,0.501579760810188
2002-09-12,15.19756317138672,-0.0015262760064194,-0.12845340229924432
2002-09-13,15.274924278259276,0.005077450483884,0.2635742026482027
2002-09-16,15.476052284240724,0.013081267428527,0.7348574859064607
2002-09-17,14.98481559753418,-0.0322564203510791,-1.9559318326716553
2002-09-18,15.2710542678833,0.018921763731511,1.0740183605523128
2002-09-19,15.089259147644045,-0.0119759826299281,-0.7565038558921887
2002-09-20,15.00802230834961,-0.005398297297659,-0.3645441434711883
2002-09-23,15.178228378295898,0.0112771788411699,0.6174606091306342
2002-09-24,14.485844612121582,-0.0466901185811582,-2.794680579182053
2002-09-25,14.362062454223633,-0.0085817607003816,-0.53703776459192
2002-09-26,14.57093334197998,0.0144384990637636,0.8213996911377188
2002-09-27,14.118379592895508,-0.0315512115469552,-1.8760097102315227
2002-09-30,14.102906227111816,-0.0010965742264833,-0.08183991653928141
2002-10-01,14.234416961669922,0.0092818702636272,0.5253451732129166
2002-10-02,14.280834197998049,0.0032556106250816,0.1705526575950155
2002-10-03,14.218953132629396,-0.0043425701319376,-0.27363381065925185
2002-10-04,14.296307563781738,0.0054254893003296,0.2986575083261706
2002-10-07,14.207345962524414,-0.0062421394531485,-0.393578012171909
2002-10-08,14.37753200531006,0.011907558525288,0.6805394791497648
2002-10-09,14.354326248168944,-0.0016153331944134,-0.12000783396459958
2002-10-10,14.126117706298828,-0.0160259739266967,-0.9681419539958195
2002-10-11,14.5051851272583,0.0264807769366185,1.5347485752207475
2002-10-14,14.950010299682615,0.0302058082904271,1.7420250255133942
2002-10-15,15.155019760131836,0.0136198255992885,0.7605085386450122
2002-10-16,14.659899711608888,-0.0332159588969951,-1.9712382104932598
2002-10-17,14.942272186279297,0.0190784000948436,1.0797940808333075
2002-10-18,15.29812717437744,0.0235361584270417,1.3296669560253018
2002-10-21,15.626911163330078,0.0212640885931692,1.1943742307879097
2002-10-22,15.878336906433104,0.0159612189247209,0.8889948379043406
2002-10-23,15.158883094787598,-0.0463690185066871,-2.6816278978619823
2002-10-24,15.166619300842283,0.0005102112487094,0.000797647705727353
2002-10-25,14.884247779846191,-0.0187934565204436,-1.0997577050680742
2002-10-28,14.659899711608888,-0.0151876022613543,-0.8945321618787381
2002-10-29,14.683112144470217,0.0015821441791494,0.05927901440765758
2002-10-30,15.015767097473145,0.0224027892132264,1.2465936109384166
2002-10-31,15.278797149658203,0.017365271194532,0.9529916467935063
2002-11-01,15.31360149383545,0.0022753599414527,0.09054291829466435
2002-11-04,15.073786735534668,-0.0157841625229327,-0.9335771278620837
2002-11-05,15.158883094787598,0.0056294455276605,0.28789386749883317
2002-11-06,15.143409729003906,-0.0010212670848733,-0.08930941417616631
2002-11-07,15.37935733795166,0.0154607417066963,0.8483924299171006
2002-11-08,15.31746768951416,-0.0040323214039624,-0.262470530406677
2002-11-11,15.371630668640137,0.0035297899423733,0.1670651734488545
2002-11-12,14.5051851272583,-0.0580174656860428,-3.2837252602646627
2002-11-13,14.810755729675291,0.0208474748270858,1.1403508299760836
2002-11-14,14.830096244812012,0.0013049906863747,0.04298932516207373
2002-11-15,14.86490535736084,0.0023444436177474,0.10149392687046803
2002-11-18,14.756609916687012,-0.0073119772687452,-0.43930713262962384
2002-11-19,14.698586463928224,-0.0039397821057968,-0.25446121166886093
2002-11-20,14.46649932861328,-0.0159157450198759,-0.9235890233391643
2002-11-21,14.451030731201172,-0.0010698423313132,-0.08515849374917044
2002-11-22,14.350455284118652,-0.0069840740748706,-0.4178210614538529
2002-11-25,14.636693000793455,0.0197499262740834,1.0787072407329126
2002-11-26,14.683112144470217,0.0031664045671803,0.14281716614807385
2002-11-27,14.679245948791504,-0.0002633436789221,-0.04958751035237751
2002-11-29,14.528390884399414,-0.0103299288948045,-0.6102207738752092
2002-12-02,14.632835388183594,0.007163275605539,0.37252348263328466
2002-12-03,14.590280532836914,-0.0029124125942899,-0.19435000448445297
2002-12-04,14.895854949951172,0.0207273928731926,1.1366824809245417
2002-12-05,14.7024507522583,-0.0130687852410803,-0.7747834071779617
2002-12-06,14.942272186279297,0.0161800578460597,0.8739130411369372
2002-12-09,15.16275405883789,0.0146477742896091,0.7811955163556568
2002-12-10,15.124066352844238,-0.0025547565911481,-0.19304298988663027
2002-12-11,15.069923400878906,-0.0035863435364803,-0.24917613871016012
2002-12-12,15.243974685668944,0.0114833926631888,0.602518568898336
2002-12-13,15.321340560913086,0.0050623420594999,0.2390086827535048
2002-12-16,15.274924278259276,-0.0030341166483089,-0.2168402846973095
2002-12-17,15.28653049468994,0.0007595330179698,0.0011745049341982318
2002-12-18,15.220769882202148,-0.0043111460881471,-0.2823296269607442
2002-12-19,15.123702049255373,-0.0063977494324303,-0.3981214723625167
2002-12-20,15.143113136291504,0.0012826648313305,0.03902835235765695
2002-12-23,15.170293807983398,0.0017933107305423,0.0740286944125483
2002-12-24,15.244065284729004,0.0048511047820551,0.2455212601929047
2002-12-26,15.216894149780272,-0.0017839977899247,-0.13721119687046998
2002-12-27,15.143113136291504,-0.0048604177226726,-0.3149403788032443
2002-12-30,15.123702049255373,-0.0012826648313304,-0.10890206710101963
2002-12-31,15.115937232971191,-0.0005135521877338,-0.06322923429201041
2003-01-02,15.220773696899414,0.0069115522445949,0.3660356099406184
2003-01-03,15.092642784118652,-0.0084537931216257,-0.5195866135056567
2003-01-06,14.956738471984863,-0.0090454600458542,-0.5624252648209389
2003-01-07,15.01109218597412,0.0036274746885123,0.17139669036386643
2003-01-08,14.987796783447266,-0.0015530846647765,-0.12590280354887468
2003-01-09,15.139226913452148,0.0100528619634485,0.5445563146877697
2003-01-10,15.022740364074709,-0.0077241068167114,-0.48200835044026985
2003-01-13,15.104287147521973,0.0054135432093108,0.2787147456186799
2003-01-14,14.906256675720217,-0.0131975846429213,-0.7941153002920582
2003-01-15,14.552922248840332,-0.0239892206393981,-1.4054229539930945
2003-01-16,14.809188842773438,0.0174560405702117,0.9757261224969345
2003-01-17,14.75483512878418,-0.0036770214556894,-0.2362616140721921
2003-01-21,14.677172660827637,-0.0052774278099755,-0.32714633764413414
2003-01-22,14.793659210205078,0.0079052506233468,0.4297063834243761
2003-01-23,14.374302864074709,-0.0287565681288373,-1.665168821406219
2003-01-24,14.114148139953612,-0.0182643806135043,-1.065724504053213
2003-01-27,14.28888702392578,0.0123043954671511,0.6826929063417768
2003-01-28,14.02097511291504,-0.0189276731979045,-1.0994807363438437
2003-01-29,12.11449146270752,-0.1461520532027415,-7.37182480548708
2003-01-30,11.640780448913574,-0.0398878886168786,-1.9873791207306084
2003-01-31,12.3668794631958,0.0605073991323903,3.060922660636959
2003-02-03,12.347458839416504,-0.0015716081522262,-0.05232681956862524
2003-02-04,12.28922176361084,-0.0047276810715904,-0.20648108817120436
2003-02-05,12.3358154296875,0.0037842559436543,0.21819406690640408
2003-02-06,12.137786865234377,-0.0161833868226193,-0.7798247748357584
2003-02-07,12.250391006469728,0.0092343874158652,0.49347452074439835
2003-02-10,12.258153915405272,0.0006334859307152,0.061758139504123385
2003-02-11,12.102846145629885,-0.0127506977173175,-0.610124764872054
2003-02-12,12.199912071228027,0.0079881008466227,0.43410231851962805
2003-02-13,12.172736167907717,-0.0022300337916448,-0.0778903069844716
2003-02-14,12.172736167907717,0.0,0.03448450383290536
2003-02-18,12.242630004882812,0.0057254130377626,0.32324629730596727
2003-02-19,12.223211288452148,-0.0015874149002756,-0.043269354355308716
2003-02-20,11.648545265197754,-0.0481554065079866,-2.353300574444417
2003-02-21,11.691261291503906,0.0036603622995509,0.2258124905785094
2003-02-24,11.621370315551758,-0.0059959927753349,-0.2514746715723305
2003-02-25,11.706790924072266,0.0073234224866319,0.41491054261111215
2003-02-26,11.54371452331543,-0.0140280025622889,-0.6478529882709304
2003-02-27,11.539828300476074,-0.0003367093955843,0.03323071706067036
2003-02-28,11.497118949890137,-0.0037079044418877,-0.13274935600233018
2003-03-03,11.376747131347656,-0.0105249308784918,-0.47109038471674897
2003-03-04,11.066118240356444,-0.0276835175752304,-1.3592005655183679
2003-03-05,10.817623138427734,-0.0227114531187809,-1.0988549808674575
2003-03-06,10.662304878234863,-0.0144619634767789,-0.6740274564108253
2003-03-07,10.600179672241213,-0.0058436616507042,-0.23339013490531374
2003-03-10,10.479812622070312,-0.011420152026192,-0.5146587700838504
2003-03-11,10.755494117736816,0.0259659055764951,1.3748263234979183
2003-03-12,10.853095054626465,0.009033593062813,0.5130908310364791
2003-03-13,11.126370429992676,0.0248677073852129,1.3089673711577865
2003-03-14,11.204453468322754,0.0069933251828668,0.4020339851062517
2003-03-17,11.594850540161133,0.0342497502325057,1.7664503903905755
2003-03-18,11.294241905212402,-0.0262680506644463,-1.2681001667468983
2003-03-19,11.708065032958984,0.0359848934537174,1.8346841267668998
2003-03-20,11.516770362854004,-0.0164736578732646,-0.7713597871766945
2003-03-21,12.024291038513184,0.043124591442063,2.1780887833592355
2003-03-24,11.73149585723877,-0.0246516783614158,-1.1673055910348296
2003-03-25,11.61827564239502,-0.0096978338471982,-0.4292207306588578
2003-03-26,11.481634140014648,-0.0118306172966972,-0.5292590681457443
2003-03-27,11.376225471496582,-0.009223034660172,-0.39981355353679826
2003-03-28,11.165414810180664,-0.0187046554645741,-0.8678228254097662
2003-03-31,11.00925064086914,-0.014085150592323,-0.6351283431686888
2003-04-01,11.001447677612305,-0.0007090155406078,0.028805221951232265
2003-04-02,11.22787857055664,0.0203729723691769,1.0659683539191485
2003-04-03,11.50115203857422,0.0240473640553577,1.2422983980510054
2003-04-04,11.126370429992676,-0.033129202434988,-1.5581205682479942
2003-04-07,11.22397518157959,0.0087341264214579,0.49124403964408875
2003-04-08,11.423077583312988,0.017583526974069,0.91946582275665
2003-04-09,11.438691139221191,0.0013659099193269,0.1227025404465
2003-04-10,10.985832214355469,-0.0403951063735522,-1.9134219833624642
2003-04-11,11.075623512268066,0.0081401512971553,0.46035289804000723
2003-04-14,11.34499168395996,0.0240297717952813,1.2372760244665444
2003-04-15,11.26301097869873,-0.0072523933948414,-0.29527120033341914
2003-04-16,11.360614776611328,0.0086285376651164,0.47667027878754353
2003-04-17,11.614371299743652,0.0220907069647735,1.1316733498251998
2003-04-21,11.727587699890137,0.009700752879876,0.5304655141335513
2003-04-22,11.961828231811523,0.019776609699055,1.0184356207968348
2003-04-23,11.989151000976562,0.0022815585744439,0.1620458072802518
2003-04-24,12.04771327972412,0.004872715004394,0.28869711823553396
2003-04-25,11.77053165435791,-0.0232757820648599,-1.094877435556548
2003-04-28,11.832989692687988,0.0052922767912252,0.3141794508098611
2003-04-29,12.082850456237791,0.0208957622546192,1.07716542302471
2003-04-30,12.063331604003906,-0.0016167240383357,-0.0273655812382186
2003-05-01,12.125794410705566,0.0051645475326791,0.3069326111772654
2003-05-02,12.145312309265137,0.0016083240860844,0.13479663483473417
2003-05-05,12.21168327331543,0.0054498616710594,0.31793678867205755
2003-05-06,12.192163467407228,-0.0015997322289736,-0.030834972223611617
2003-05-07,12.19606876373291,0.0003202607160741,0.061133324520581685
2003-05-08,12.149218559265137,-0.0038488157219379,-0.1492387289814895
2003-05-09,12.219490051269531,0.0057673705990371,0.33203723851232264
2003-05-12,12.17264461517334,-0.0038410327207042,-0.14694209013939621
2003-05-13,12.199969291687012,0.0022422451745525,0.16089716881355598
2003-05-14,12.1375093460083,-0.0051328310330785,-0.20482940746925898
2003-05-15,12.024291038513184,-0.0093717466705551,-0.4144354267450552
2003-05-16,12.063331604003906,0.0032415485957629,0.21568370769361347
2003-05-19,11.989151000976562,-0.0061682479470427,-0.25405265733502613
2003-05-20,12.21168327331543,0.0183909812368656,0.9685631200170474
2003-05-21,12.523999214172363,0.0252536018752581,1.3005637444096485
2003-05-22,12.848033905029297,0.0255440554169155,1.3135239773190353
2003-05-23,12.863653182983398,0.0012149556598101,0.10317172460560502
2003-05-27,12.672348022460938,-0.0149834532065019,-0.6986319813966757
2003-05-28,12.641119003295898,-0.0024673850466042,-0.0759150485103452
2003-05-29,12.672348022460938,0.0024673850466042,0.17159701124322194
2003-05-30,12.648931503295898,-0.0018495531251949,-0.04153204737382487
2003-06-02,12.687968254089355,0.0030814173837772,0.20561755145476154
2003-06-03,12.820707321166992,0.0104074603812671,0.5643716532406601
2003-06-04,12.91831111907959,0.0075841482440848,0.42151221031305985
2003-06-05,12.957341194152832,0.0030167436322753,0.1930208244959305
2003-06-06,13.047136306762695,0.0069061544885375,0.38603269995416295
2003-06-09,12.89487648010254,-0.0117386092045601,-0.5432882028617246
2003-06-10,13.008096694946287,0.0087419258873282,0.480113950276182
2003-06-11,13.097887992858888,0.0068790090141288,0.3948477311162261
2003-06-12,13.172056198120115,0.0056466356981887,0.3327448228667365
2003-06-13,13.070556640625,-0.0077355150759939,-0.34019475877077293
2003-06-16,13.12131118774414,0.0038756007002381,0.24066824545423152
2003-06-17,13.066656112670898,-0.0041740661884961,-0.1612482311420973
2003-06-18,13.207199096679688,0.010698416611246,0.5870042062310784
2003-06-19,12.906593322753906,-0.0230237759492177,-1.1158592430377963
2003-06-20,12.848033905029297,-0.0045474949509178,-0.18268351725504128
2003-06-23,12.727008819580078,-0.0094643821438079,-0.430574102625455
2003-06-24,12.87926197052002,0.0118920046174853,0.6421973016556572
2003-06-25,12.777291297912598,-0.0079489406440252,-0.3616688409714812
2003-06-26,12.7733736038208,-0.0003066608354472,0.019666020804252917
2003-06-27,12.777291297912598,0.0003066608354471,0.05064277778046441
2003-06-30,12.76552677154541,-0.0009211612569203,-0.004086284081439008
2003-07-01,12.66748332977295,-0.0077099743249824,-0.34820839192766584
2003-07-02,12.757685661315918,0.0070955445781939,0.4038842893232914
2003-07-03,12.581206321716309,-0.0139297482580058,-0.6743339211460694
2003-07-07,12.738078117370604,0.0123916458515766,0.675191157335172
2003-07-08,12.738078117370604,0.0,0.03847855406509456
2003-07-09,12.283146858215332,-0.0363676358522092,-1.822113717013475
2003-07-10,12.255693435668944,-0.0022375494254564,-0.07954761064258005
2003-07-11,12.251775741577148,-0.0003197142958201,0.014391425808643115
2003-07-14,12.255693435668944,0.0003197142958201,0.04183638471184866
2003-07-15,12.071368217468262,-0.0151542137182231,-0.7523454100826079
2003-07-16,12.079212188720703,0.0006495886555384,0.06184171029299524
2003-07-17,11.29876708984375,-0.066792361542288,-3.3659213665043346
2003-07-18,11.290932655334473,-0.0006936289469769,0.0013872027437104718
2003-07-21,11.25955295562744,-0.0027830637887386,-0.1103026447419756
2003-07-22,11.365443229675291,0.0093605361390327,0.5338769635331562
2003-07-23,11.251708984375,-0.0100574292399886,-0.49340828292491123
2003-07-24,11.18503761291504,-0.0059430690993638,-0.2675078307612048
2003-07-25,11.196800231933594,0.0010510861693326,0.10822222324068632
2003-07-28,11.196800231933594,0.0,0.05191648369799047
2003-07-29,11.071306228637695,-0.011271306979169,-0.5526866274173439
2003-07-30,10.886980056762695,-0.0167891518685337,-0.8469392424031198
2003-07-31,10.906588554382324,0.0017994760987251,0.15419356925357358
2003-08-01,10.961493492126465,0.0050214786095508,0.3306029758852125
2003-08-04,11.0673828125,0.0096137573674154,0.5739146250415875
2003-08-05,10.926197052001951,-0.0128389921768974,-0.6314270795284941
2003-08-06,11.036011695861816,0.0100004111896361,0.5978124590695277
2003-08-07,11.036011695861816,0.0,0.06080654502947117
2003-08-08,11.01247787475586,-0.0021347339887138,-0.05161678175909515
2003-08-11,11.157581329345703,0.0130902245458688,0.7713051624423406
2003-08-12,11.267394065856934,0.0097938670917422,0.5889481533977402
2003-08-13,11.18503761291504,-0.0073361160589571,-0.3368951486726709
2003-08-14,11.279163360595703,0.008380115423041,0.5129247710683146
2003-08-15,11.302690505981444,0.0020837220927435,0.1769605901184004
2003-08-18,11.169351577758787,-0.011867234190769,-0.5761415577825142
2003-08-19,11.177191734313965,0.0007016885580354,0.10789269679506186
2003-08-20,11.110522270202637,-0.0059826380534364,-0.25319998091050505
2003-08-21,11.18503761291504,0.0066843461703854,0.42858423811486795
2003-08-22,11.25563144683838,0.0062916187216595,0.4084413379733836
2003-08-25,11.498784065246582,0.0213727198643758,1.2189743519762801
2003-08-26,11.40074348449707,-0.0085627251100174,-0.4069360961880572
2003-08-27,11.439949035644531,0.0034329598033591,0.24413073915111475
2003-08-28,11.561532974243164,0.0105719336653684,0.630164892583435
2003-08-29,11.64781379699707,0.007435040810906,0.4626199846717012
2003-09-02,11.824295043945312,0.0150378113750706,0.8718894604636831
2003-09-03,11.706639289855955,-0.0100001753366598,-0.49328987120135553
2003-09-04,11.518393516540527,-0.0162109476759727,-0.8272952276561361
2003-09-05,11.475250244140623,-0.0037526303771948,-0.14485627249222296
2003-09-08,11.596826553344728,0.0105389242198101,0.6286951011211337
2003-09-09,11.565457344055176,-0.0027086472653179,-0.09199298075096539
2003-09-10,11.624279975891112,0.005073171565895,0.3341071336394864
2003-09-11,11.71109104156494,0.0074403330537539,0.4640828608259711
2003-09-12,11.746603965759276,0.0030278295727166,0.22160503822140767
2003-09-15,11.691354751586914,-0.0047145160696298,-0.19994419236768787
2003-09-16,11.632171630859377,-0.0050749828118634,-0.21596690708604516
2003-09-17,11.80578899383545,0.0148153281258514,0.86727856855123
2003-09-18,11.70713710784912,-0.0083913388266949,-0.40453945991855134
2003-09-19,11.580875396728516,-0.0108436001815316,-0.5400789680964937
2003-09-22,11.521688461303713,-0.0051238525108244,-0.2247167376869828
2003-09-23,11.600605964660645,0.0068261227315247,0.43550624253940484
2003-09-24,11.68346881866455,0.0071175861265076,0.44531262765109264
2003-09-25,11.588772773742676,-0.0081381561105976,-0.4071158012308234
2003-09-26,11.446722984313965,-0.0123332783034204,-0.6359790884611449
2003-09-29,11.71109104156494,0.0228328582579619,1.321136349087707
2003-09-30,11.640063285827637,-0.0060834658359258,-0.2981859317104425
2003-10-01,11.817623138427734,0.0151390244222596,0.8887758305870834
2003-10-02,11.809732437133787,-0.0006679293044087,0.00481547467765318
2003-10-03,11.80578899383545,-0.0003339704648504,0.022622768377378328
2003-10-06,11.83735179901123,0.0026699349466368,0.19144760868062782
2003-10-07,11.83735179901123,0.0,0.040560535875147526
2003-10-08,11.70713710784912,-0.0110612737733318,-0.5740412981352907
2003-10-09,11.699248313903809,-0.000674071976674,0.007706014117086678
2003-10-10,11.628226280212402,-0.0060891506150419,-0.29827200049704056
2003-10-13,11.64401149749756,0.0013565708512181,0.1255965792173509
2003-10-14,11.580875396728516,-0.0054369484410339,-0.2508300308611949
2003-10-15,11.636119842529297,0.0047589750090736,0.329679144180509
2003-10-16,11.59271240234375,-0.0037373803602563,-0.16034938778185426
2003-10-17,11.501961708068848,-0.0078590553770152,-0.39068899778475097
2003-10-20,11.521688461303713,0.0017136082173737,0.163235551545682
2003-10-21,11.42304801940918,-0.0085981418586295,-0.4241892749883382
2003-10-22,11.44277572631836,0.0017255194497566,0.17483433854628558
2003-10-23,11.51774787902832,0.0065305496033053,0.4462913226418397
2003-10-24,11.46250343322754,-0.0048080024429132,-0.2164833130923944
2003-10-27,11.42304801940918,-0.0034480666101488,-0.14070898259110362
2003-10-28,11.561149597167969,0.0120172339309857,0.7606709318521998
2003-10-29,11.56904125213623,0.0006823683665985,0.09557453849609489
2003-10-30,11.51774787902832,-0.0044435332445221,-0.1997846294690662
2003-10-31,11.482236862182615,-0.0030879190105943,-0.11540688432798454
2003-11-03,11.533526420593262,0.0044569143922922,0.32957406268622136
2003-11-04,11.501961708068848,-0.0027405307935042,-0.09859320650397958
2003-11-05,11.438831329345703,-0.0055037799242671,-0.25942223276842347
2003-11-06,11.580875396728516,0.0123412406524652,0.7918377630787236
2003-11-07,11.758437156677246,0.0152159739387502,0.9617530651101877
2003-11-10,11.726869583129885,-0.0026882844587328,-0.09619081082072878
2003-11-11,11.584824562072754,-0.012186740111812,-0.6531532379376194
2003-11-12,11.96756076812744,0.0325037058062659,1.993628007101459
2003-11-13,11.943892478942873,-0.0019796619360439,-0.06770369576660937
2003-11-14,12.042534828186035,0.0082248935255316,0.5439402531664137
2003-11-17,12.3108491897583,0.0220359699264881,1.3642323207942872
2003-11-18,12.231931686401367,-0.006431037765912,-0.34051018532591926
2003-11-19,12.105669021606444,-0.0103760267180485,-0.5748731981830711
2003-11-20,12.121451377868652,0.0013028670543154,0.12016666127226142
2003-11-21,12.212200164794922,0.0074587414457199,0.4869079346936949
2003-11-24,12.370037078857422,0.0128417183157343,0.8039018862083328
2003-11-25,12.472627639770508,0.0082592705141478,0.5336335355828662
2003-11-26,12.543654441833496,0.0056784611466773,0.3781229311097778
2003-11-28,12.496296882629396,-0.0037825645150521,-0.1885665029336821
2003-12-01,12.551542282104492,0.0044111980035659,0.29955981549103367
2003-12-02,12.713318824768066,0.0128066212632634,0.8013640821350045
2003-12-03,12.74488639831543,0.0024799540619282,0.18087322507704987
2003-12-04,12.44894790649414,-0.0234940105193989,-1.3653484922572388
2003-12-05,12.433165550231934,-0.0012685705662553,-0.03619650299217852
2003-12-08,12.512079238891602,0.006326973543328,0.422572023650729
2003-12-09,12.389763832092283,-0.009823882526056,-0.5428374977397568
2003-12-10,12.377928733825684,-0.0009556884748866,-0.009660393197874474
2003-12-11,12.373982429504396,-0.0003188686585602,0.027876414558634027
2003-12-12,12.508135795593262,0.0107832190808181,0.6961411372229849
2003-12-15,12.559429168701172,0.0040924154195926,0.2937600051819521
2003-12-16,12.464733123779297,-0.007568404954889,-0.40680717337378075
2003-12-17,12.425278663635254,-0.0031703073125812,-0.14125805595621888
2003-12-18,12.496708869934082,0.0057323198480208,0.39186531652241324
2003-12-19,12.449090003967283,-0.003817791047436,-0.1832155952010111
2003-12-22,12.599889755249023,0.0120405361472016,0.7673604891470002
2003-12-23,12.536392211914062,-0.0050522729244414,-0.2580960064725271
2003-12-24,12.4768705368042,-0.0047592181840263,-0.23822345457485358
2003-12-26,12.492734909057615,0.0012706948391677,0.12339383209478365
2003-12-29,12.587982177734377,0.0075952953207946,0.5002812327513552
2003-12-30,12.79831314086914,0.0165708129842141,1.0329540119267229
2003-12-31,12.78640842437744,-0.0009306114448422,-0.0159712735293109
2004-01-02,12.730846405029297,-0.0043548655629327,-0.21860837255493726
2004-01-05,12.76259422302246,0.0024906669027891,0.18930259604444527
2004-01-06,12.893552780151367,0.010208835682876,0.6474390623675051
2004-01-07,12.810216903686523,-0.0064843538119566,-0.3510358421296819
2004-01-08,12.818155288696287,0.0006194997640942,0.07434296558613401
2004-01-09,12.738783836364746,-0.0062113625680272,-0.3315138689464043
2004-01-12,12.71100616455078,-0.0021829400433984,-0.09120496416920033
2004-01-13,12.421305656433104,-0.0230550489933252,-1.3325361098505621
2004-01-14,12.52845287322998,0.0085890911832592,0.5552416438630365
2004-01-15,12.437179565429688,-0.0073119489107067,-0.4016807212905296
2004-01-16,12.548294067382812,0.0088943868832394,0.5746110944423464
2004-01-20,12.631633758544922,0.0066195579317549,0.43516892256835354
2004-01-21,12.623700141906738,-0.0006282725803921,-0.0018157319585345132
2004-01-22,12.683228492736816,0.0047045187886714,0.31980755495317104
2004-01-23,12.373682975769045,-0.0247086530019527,-1.453088472076486
2004-01-26,12.889582633972168,0.0408475607805914,2.4585273496307454
2004-01-27,12.750692367553713,-0.0108338639035857,-0.6196348191781107
2004-01-28,12.722911834716797,-0.0021811239296716,-0.10742850055254201
2004-01-29,12.75465965270996,0.002492218258822,0.16408934025568836
2004-01-30,12.782435417175291,0.0021753277216806,0.13157967585669375
2004-02-02,12.917367935180664,0.0105007618949851,0.7830749038273206
2004-02-03,13.155472755432127,0.0182650937521533,1.360786028599248
2004-02-04,13.286433219909668,0.0099056047948254,0.7243480112097987
2004-02-05,13.373740196228027,0.0065496414491995,0.470053691528626
2004-02-06,13.171343803405762,-0.0152495516731827,-1.1756231848624885
2004-02-09,13.13563060760498,-0.0027151140364643,-0.22603739492389546
2004-02-10,13.103877067565918,-0.0024202859240042,-0.202831906345523
2004-02-11,13.167375564575195,0.0048340763611584,0.34048311713769763
2004-02-12,13.13563060760498,-0.002413790437154,-0.20496375813959322
2004-02-13,13.072134971618652,-0.004845568389389,-0.38821124304090143
2004-02-17,13.369771003723145,0.0225134000367958,1.6667008444859026
2004-02-18,13.341994285583496,-0.0020797373629717,-0.18228865573340974
2004-02-19,13.191192626953123,-0.0113671443167075,-0.8773497091470386
2004-02-20,13.175314903259276,-0.0012043859502388,-0.13080943482323795
2004-02-23,13.179283142089844,0.0003011420514724,-0.013465717252119452
2004-02-24,13.195152282714844,0.0012033730606489,0.054067272777709514
2004-02-25,13.151496887207031,-0.0033139269573614,-0.2919981563363029
2004-02-26,13.199127197265623,0.0036151221147322,0.23902740374828352
2004-02-27,13.409459114074709,0.0158096559722898,1.1761516244014933
2004-03-01,13.580096244812012,0.0126448473930433,0.9250870309182498
2004-03-02,13.49279499053955,-0.0064493707832535,-0.5505869901306574
2004-03-03,13.34992218017578,-0.0106452829400639,-0.8871664402098561
2004-03-04,13.302306175231934,-0.0035731387987234,-0.3444501953691174
2004-03-05,13.54041576385498,0.0177415565233102,1.315773752413155
2004-03-08,13.576130867004396,0.00263419411681,0.1295271725062483
2004-03-09,13.691217422485352,0.0084413957421461,0.5793000469580861
2004-03-10,13.552323341369627,-0.0101965662773881,-0.877697288843193
2004-03-11,13.157355308532717,-0.0295770556311965,-2.3710016561590135
2004-03-12,13.085552215576172,-0.0054722040284007,-0.4811251980551682
2004-03-15,12.97384548187256,-0.0085732923850309,-0.7198376597506628
2004-03-16,12.925972938537598,-0.0036967516201551,-0.3291472883456921
2004-03-17,13.117461204528809,0.014705565768588,1.1326207258781904
2004-03-18,13.057621955871582,-0.0045722378444602,-0.4082262528962943
2004-03-19,12.953893661499023,-0.0079756093990994,-0.6905338540527448
2004-03-22,12.81027603149414,-0.0111487479928606,-0.9542905973138978
2004-03-23,12.830220222473145,0.0015556793288058,0.1013692218038369
2004-03-24,12.614787101745604,-0.0169336377763593,-1.4534621275250454
2004-03-25,12.566916465759276,-0.0038020218547672,-0.35099560521558393
2004-03-26,12.534995079040527,-0.0025433444675321,-0.2473364666026962
2004-03-29,12.710536003112791,0.0139069170429181,1.1342085214618496
2004-03-30,12.650690078735352,-0.0047194907112327,-0.4475872262972118
2004-03-31,12.770377159118652,0.0094164390222617,0.7485350063632881
2004-04-01,12.746441841125488,-0.0018760430140636,-0.20295713959460934
2004-04-02,12.710536003112791,-0.0028209052969653,-0.27665493798406576
2004-04-05,12.846181869506836,0.0106153803358977,0.8770394105072903
2004-04-06,12.686595916748049,-0.0125006399416634,-1.1321220666917666
2004-04-07,12.566916465759276,-0.0094783129696204,-0.8618483822299525
2004-04-08,12.54696273803711,-0.0015890601176368,-0.17101836658719916
2004-04-12,12.399354934692385,-0.0118341735204784,-1.1024191850172063
2004-04-13,12.303604125976562,-0.0077522120331047,-0.7312529010758252
2004-04-14,12.363445281982422,0.0048519198555236,0.4072835969740838
2004-04-15,12.483134269714355,0.0096343171321794,0.8326688233633306
2004-04-16,12.511061668395996,0.0022347116405022,0.1673132207572051
2004-04-19,12.523027420043944,0.00095595669704,0.059822393787225786
2004-04-20,12.475150108337402,-0.0038304688565498,-0.37152433417883574
2004-04-21,12.806282997131348,0.0261972353468666,2.3520308843516493
2004-04-22,13.145397186279297,0.0261357638495237,2.3128736189284727
2004-04-23,13.201245307922363,0.0042394931576776,0.34795595208380947
2004-04-26,13.0775728225708,-0.0094124018654348,-0.8889773972486502
2004-04-27,13.189275741577148,0.0085052907747877,0.7297216521565932
2004-04-28,13.125445365905762,-0.0048513150186402,-0.4711281687895724
2004-04-29,13.129429817199709,0.0003035208734945,-0.002959350381913713
2004-04-30,13.129429817199709,0.0,-0.028714901498652683
2004-05-03,13.197256088256836,0.0051526744662484,0.4387233893296097
2004-05-04,13.109484672546388,-0.0066729468466165,-0.6323737089577708
2004-05-05,13.017728805541992,-0.0070238063698294,-0.6617787315381344
2004-05-06,12.985812187194824,-0.0024547913981058,-0.2456251181242414
2004-05-07,12.798304557800291,-0.0145446855370259,-1.335659378391354
2004-05-10,12.606806755065918,-0.0150758189827029,-1.3717685292862787
2004-05-11,12.602819442749023,-0.0003163325246361,-0.0409971822439386
2004-05-12,12.435260772705078,-0.0133845063228675,-1.2116151653083562
2004-05-13,12.207858085632324,-0.018456198128316,-1.654969943652528
2004-05-14,12.359463691711426,0.0123422106778392,1.094506135670531
2004-05-17,12.331535339355469,-0.0022622303967148,-0.21022518594238204
2004-05-18,12.211846351623535,-0.0097533370134371,-0.8784262144853116
2004-05-19,12.159987449645996,-0.0042556486037497,-0.3808659750072856
2004-05-20,11.94853687286377,-0.0175420109718183,-1.5679784904673253
2004-05-21,11.93657684326172,-0.0010014631492889,-0.06480067354885473
2004-05-24,11.94853687286377,0.0010014631492889,0.11821980971601789
2004-05-25,11.920616149902344,-0.0023394827348409,-0.19219831076014093
2004-05-26,11.972475051879885,0.0043409187177565,0.41755422715831464
2004-05-27,11.980462074279783,0.0006668929704821,0.08153810982652825
2004-05-28,11.912637710571287,-0.0056773333302097,-0.49827784672270986
2004-06-01,11.92859172821045,0.0013383554788164,0.14505718983426036
2004-06-02,11.988436698913574,0.0050043922288746,0.4835975050932993
2004-06-03,12.243764877319336,0.0210742410099012,1.940368602829018
2004-06-04,12.076210021972656,-0.0137794144278866,-1.2270559532169023
2004-06-07,12.223816871643066,0.0121488478847225,1.1258585938180534
2004-06-08,12.191903114318848,-0.0026141990092897,-0.2174792938983686
2004-06-09,12.171954154968262,-0.0016375866586453,-0.12509403432390895
2004-06-10,12.359463691711426,0.0152875948560388,1.408435236417802
2004-06-14,12.255733489990234,-0.0084281929565267,-0.7386052506318569
2004-06-15,12.263713836669922,0.0006509401990311,0.08206062326665198
2004-06-16,12.279669761657717,0.0013002222918256,0.1419752330237715
2004-06-17,12.3115873336792,0.002595848583145,0.25723289615340184
2004-06-18,12.447232246398926,0.0109574101027155,1.01651792001875
2004-06-21,12.30759334564209,-0.0112818715967166,-1.01415145456595
2004-06-22,12.34350299835205,0.0029134345677166,0.2809250343058079
2004-06-23,12.35153102874756,0.0006501736883214,0.07041550915246059
2004-06-24,12.339489936828612,-0.0009753418370412,-0.07393021871918516
2004-06-25,12.303373336791992,-0.0029312036913039,-0.25550968614826514
2004-06-28,12.439810752868652,0.0110283946023319,1.0206885499272986
2004-06-29,12.52007007598877,0.0064310883765836,0.596564908597538
2004-06-30,12.712684631347656,0.0152673220957214,1.3947523986447679
2004-07-01,12.512041091918944,-0.0159088168774685,-1.442705557430933
2004-07-02,12.447837829589844,-0.0051445284756518,-0.4592966292696563
2004-07-06,12.660517692565918,0.0169413683452112,1.5370603141483956
2004-07-07,12.56821346282959,-0.0073174224287418,-0.6611292744830403
2004-07-08,12.668540000915527,0.0079508694929746,0.7248436951439036
2004-07-09,12.58427619934082,-0.0066736409632675,-0.6288854187937911
2004-07-12,12.58427619934082,0.0,-0.009754118272582964
2004-07-13,12.471912384033203,-0.0089690072513438,-0.8386522353628157
2004-07-14,12.544144630432127,0.0057748866736577,0.5269060762862198
2004-07-15,12.283307075500488,-0.021012801105876,-1.9476910161676737
2004-07-16,12.158912658691406,-0.0101787392608596,-0.9411283107162083
2004-07-19,12.491981506347656,0.0270245059557191,2.629273028000015
2004-07-20,12.760836601257324,0.0212938811491867,2.037682776866942
2004-07-21,12.636444091796877,-0.009795812840471,-1.0022895474067801
2004-07-22,12.495990753173828,-0.0111771741746151,-1.1281824058614878
2004-07-23,12.243183135986328,-0.02043854971016,-2.016152030635132
2004-07-26,12.247197151184082,0.0003278034221297,-0.0031271631167191162
2004-07-27,12.27929973602295,0.0026177895130539,0.21866588347961757
2004-07-28,12.174962997436523,-0.0085332666000829,-0.8597309998984433
2004-07-29,12.247197151184082,0.005915477087029,0.5358529417505001
2004-07-30,12.259230613708496,0.0009820658977311,0.04992886783818973
2004-08-02,12.1348295211792,-0.0101993821665075,-1.035768124137745
2004-08-03,12.09872055053711,-0.0029800831705267,-0.3288239548740673
2004-08-04,12.058589935302734,-0.0033224437110648,-0.35769309218372647
2004-08-05,11.974322319030762,-0.007012713292811,-0.7219689712315077
2004-08-06,11.910117149353027,-0.0053763308464069,-0.5564773936849705
2004-08-09,11.89807415008545,-0.0010116686432205,-0.12837836913387818
2004-08-10,11.861960411071776,-0.0030398749404861,-0.3267354088883464
2004-08-11,11.930181503295898,0.0057347740643738,0.5372384363089412
2004-08-12,11.942216873168944,0.001008308482703,0.0765073194536833
2004-08-13,11.982349395751951,0.0033549247894067,0.30352796837478563
2004-08-16,12.211074829101562,0.0189086295504419,1.8214958479570265
2004-08-17,12.231142044067385,0.0016420130447847,0.13017162227662216
2004-08-18,12.311402320861816,0.0065405250342794,0.6041865033497777
2004-08-19,12.371593475341797,0.0048771449210239,0.4390896470290936
2004-08-20,12.5963134765625,0.0180011940821376,1.7089827658739412
2004-08-23,12.540128707885742,-0.0044703909831526,-0.4809198183330469
2004-08-24,12.556181907653809,0.0012793276432927,0.08262044517920017
2004-08-25,12.58427619934082,0.002234987386633,0.1849790303472713
2004-08-26,12.660517692565918,0.0060401938990349,0.5547849217764055
2004-08-27,12.62440013885498,-0.0028568475892564,-0.32035725304941703
2004-08-30,12.516050338745115,-0.0086196125284892,-0.881683182815314
2004-08-31,12.552170753479004,0.0028817712751254,0.25532154718416067
2004-09-01,12.560193061828612,0.0006389130614313,0.039608967767675765
2004-09-02,12.644461631774902,0.0066867715476814,0.6337271093073978
2004-09-03,12.640453338623049,-0.0003170501613412,-0.06849199150360555
2004-09-07,12.760836601257324,0.0094785866562979,0.9032193769554044
2004-09-08,12.62038516998291,-0.0110674628810667,-1.1365364207923612
2004-09-09,12.672557830810549,0.0041254775944669,0.37498977777925113
2004-09-10,12.678614616394045,0.0004778308152297,0.01329087688215306
2004-09-13,12.844213485717772,0.0129767118667653,1.2545721505600753
2004-09-14,12.852288246154783,0.0006284715940749,0.02701455488364847
2004-09-15,12.896723747253418,0.003451436911147,0.304780594268578
2004-09-16,12.961343765258787,0.0049980651102337,0.454825934991136
2004-09-17,13.135029792785645,0.0133113201931998,1.2840641178087198
2004-09-20,13.086559295654297,-0.0036969957979932,-0.41287864660498436
2004-09-21,12.924997329711914,-0.0124224817395316,-1.2816793731474145
2004-09-22,12.682652473449709,-0.0189281010596686,-1.9117391970016002
2004-09-23,12.678614616394045,-0.0003184270782275,-0.06649180834182958
2004-09-24,12.706886291503906,0.002227388531826,0.18784434089654004
2004-09-27,12.763432502746582,0.0044401724690419,0.40277308604102213
2004-09-28,12.904802322387695,0.0110152684857634,1.0473788325002278
2004-09-29,12.884604454040527,-0.0015663696844143,-0.19524220017490257
2004-09-30,12.811902046203612,-0.0056585592151284,-0.6061878751973496
2004-10-01,12.799785614013672,-0.0009461643648477,-0.12732780625871842
2004-10-04,12.803826332092283,0.0003156365688299,-0.0005119573341308201
2004-10-05,12.682652473449709,-0.0095089457128434,-0.9854222421662308
2004-10-06,12.912879943847656,0.0179901457760878,1.7646017562595062
2004-10-07,12.755358695983888,-0.0122737853237276,-1.2531359881306887
2004-10-08,12.646296501159668,-0.0085870675862267,-0.8874623348040042
2004-10-11,12.605911254882812,-0.0031985544470371,-0.34866369034266226
2004-10-12,12.58975315093994,-0.0012826100473272,-0.15953839165651004
2004-10-13,12.6503324508667,0.004800254421242,0.446265574164928
2004-10-14,12.751314163208008,0.0079508423879552,0.7550500038618861
2004-10-15,12.981544494628906,0.0178943566212871,1.7319790090022227
2004-10-18,13.058287620544434,0.0058943043691967,0.53770365727448
2004-10-19,13.102716445922852,0.0033965720871444,0.2859114818186065
2004-10-20,13.292548179626465,0.0143840199673188,1.3667885403811237
2004-10-21,13.223886489868164,-0.0051788141259248,-0.5703387090570075
2004-10-22,13.14714527130127,-0.0058201314145767,-0.6303926240826921
2004-10-25,13.066362380981444,-0.0061634747341539,-0.6592690061900455
2004-10-26,13.256196022033691,0.0144238967471197,1.3654997434513865
2004-10-27,13.42987060546875,0.0130163083162493,1.217013061536848
2004-10-28,13.470271110534668,0.0030037414574572,0.2363407757631895
2004-10-29,13.454115867614746,-0.0012000455105483,-0.17735509754224768
2004-11-01,13.603560447692873,0.0110464844058164,1.0222350840001302
2004-11-02,13.510661125183104,-0.0068524693417763,-0.7373851286957418
2004-11-03,13.502580642700195,-0.0005982608672705,-0.12037862137533276
2004-11-04,13.94283962249756,0.0320852618853601,3.024824502505096
2004-11-05,14.031699180603027,0.0063529095218347,0.5353109966830801
2004-11-08,13.926688194274902,-0.0075119840592341,-0.7972377366176588
2004-11-09,13.882254600524902,-0.0031956361585688,-0.37412217550667
2004-11-10,14.076128005981444,0.013868936251589,1.271930099300834
2004-11-11,14.136711120605469,0.0042947260622588,0.3401249422824776
2004-11-12,14.088239669799805,-0.0034346560117333,-0.4037448089027903
2004-11-15,14.007458686828612,-0.0057504322937688,-0.6308951703851312
2004-11-16,13.96707534790039,-0.0028871520740868,-0.34383003394207556
2004-11-17,14.039775848388672,0.00519163423767,0.4660341902786564
2004-11-18,14.003424644470217,-0.0025925160922939,-0.3125057140114422
2004-11-19,13.7489652633667,-0.0183383494558865,-1.8730376895006127
2004-11-22,13.96707534790039,0.0157392313105105,1.5017730767841202
2004-11-23,14.047856330871582,0.0057670108058523,0.5158751216742227
2004-11-24,13.950916290283203,-0.0069246198223686,-0.7341057031939311
2004-11-26,14.05997085571289,0.0077866235276734,0.7252186770792332
2004-11-29,14.035734176635742,-0.001725294671284,-0.21547021213941037
2004-11-30,13.813584327697754,-0.0159540392984634,-1.6147639313846696
2004-12-01,13.96707534790039,0.0110503194585904,1.047388252196327
2004-12-02,14.047856330871582,0.0057670108058523,0.5306727515762165
2004-12-03,13.83781909942627,-0.015064451572577,-1.5138466928452528
2004-12-06,14.01957893371582,0.013049489645593,1.2470791868097126
2004-12-07,13.938797950744627,-0.0057786765017773,-0.6174821879206627
2004-12-08,13.853979110717772,-0.006103679611836,-0.6446960939994859
2004-12-09,13.954954147338867,0.0072620894481401,0.6734108065532334
2004-12-10,14.148831367492676,0.0137974505773598,1.3112801962100382
2004-12-13,14.185186386108398,0.0025661760278739,0.20004727075522347
2004-12-14,14.330584526062012,0.0101978235456601,0.9547481085656654
2004-12-15,14.51234531402588,0.0126036567752613,1.1861791432268538
2004-12-16,14.504273414611816,-0.0005563639028906,-0.11429572615511423
2004-12-17,14.504273414611816,0.0,-0.060626855122486285
2004-12-20,14.461610794067385,-0.002945717181398,-0.3482154200852288
2004-12-21,14.339741706848145,-0.0084627841388202,-0.8902848385053106
2004-12-22,14.238189697265623,-0.007107053033138,-0.7501165744545005
2004-12-23,14.315381050109863,0.0054067872332955,0.4822376992673261
2004-12-27,14.201627731323242,-0.0079779701304238,-0.838392787488199
2004-12-28,14.518485069274902,0.0220660828772531,2.100934994043574
2004-12-29,14.441302299499512,-0.0053303535374641,-0.5750992461016832
2004-12-30,14.429119110107422,-0.00084399115222,-0.1298338381211873
2004-12-31,14.465680122375488,0.0025306306152587,0.2007501740456025
2005-01-03,14.1691312789917,-0.0207132110415844,-2.0623162666610555
2005-01-04,14.112264633178713,-0.0040214933257743,-0.431149528157968
2005-01-05,13.99851894378662,-0.008092717150108,-0.8215541055839801
2005-01-06,14.006649017333984,0.0005806123917589,0.022101691395594772
2005-01-07,13.99851894378662,-0.0005806123917589,-0.09084806081690432
2005-01-10,13.986327171325684,-0.0008713125083558,-0.1214059880509142
2005-01-11,13.909150123596191,-0.0055333159442309,-0.5754863345736345
2005-01-12,13.90509033203125,-0.0002919218017295,-0.0730314461108518
2005-01-13,13.87259292602539,-0.0023398222616529,-0.27125027526298034
2005-01-14,13.90509033203125,0.0023398222616529,0.18772195347966633
2005-01-18,13.986327171325684,0.0058252377459604,0.5342581874205196
2005-01-19,13.945711135864258,-0.0029082062426761,-0.3270803888317644
2005-01-20,13.860398292541504,-0.0061362853541028,-0.6442536205557229
2005-01-21,13.799467086791992,-0.0044057556660922,-0.4693059500852566
2005-01-24,13.567916870117188,-0.0169220223952351,-1.7225937761119754
2005-01-25,13.417613983154297,-0.0111396319791946,-1.1612465530851166
2005-01-26,13.494802474975586,0.0057362893145352,0.5674990761813363
2005-01-27,13.588232040405272,0.0068995175563728,0.6830139552771748
2005-01-28,13.511046409606934,-0.0056965235931182,-0.6092384430031795
2005-01-31,13.8035249710083,0.0214163888058104,2.1507291164998947
2005-02-01,13.68978500366211,-0.0082740576770889,-0.8669688490890628
2005-02-02,13.811653137207031,0.0088627315144694,0.8884248068325501
2005-02-03,13.811653137207031,0.0,-0.015796870880800496
2005-02-04,13.8035249710083,-0.0005886738373805,-0.07339570516541372
2005-02-07,13.588232040405272,-0.015719865212692,-1.6276927188284438
2005-02-08,13.697914123535156,0.0080394404708869,0.8079292416530315
2005-02-09,13.588232040405272,-0.0080394404708869,-0.8387140858320384
2005-02-10,13.616666793823242,0.0020904149613518,0.20067489757340287
2005-02-11,13.600421905517578,-0.0011937272508589,-0.13655127858412905
2005-02-14,13.67760181427002,0.0056587761267548,0.5617558052970413
2005-02-15,13.653225898742676,-0.0017837675643511,-0.19344468543024476
2005-02-16,13.714157104492188,0.0044528412833555,0.4499166393921861
2005-02-17,13.657292366027832,-0.0041550463256923,-0.4457369056607257
2005-02-18,13.588232040405272,-0.0050694912305595,-0.5388013954029638
2005-02-22,13.417613983154297,-0.012635806870908,-1.314117021455157
2005-02-23,13.46229648590088,0.003324605113869,0.3355300255309469
2005-02-24,13.616666793823242,0.0114016167183908,1.1617683849982419
2005-02-25,13.754782676696776,0.0100920526896771,1.022166132558407
2005-02-28,13.588232040405272,-0.0121824676510289,-1.2621864368222502
2005-03-01,13.60448169708252,0.0011951479920936,0.12297115078762608
2005-03-02,13.628851890563965,0.0017897331524337,0.18128170825528708
2005-03-03,13.701976776123049,0.0053511044938231,0.5446573780157563
2005-03-04,13.68978500366211,-0.0008901781027473,-0.10424285694761787
2005-03-07,13.576045989990234,-0.0083430190292326,-0.8717566648816558
2005-03-08,13.527295112609863,-0.0035974110919433,-0.3738810547934358
2005-03-09,13.393244743347168,-0.0099590482162644,-1.0294878064390272
2005-03-10,13.527295112609863,0.0099590482162645,1.0394236962037995
2005-03-11,13.611091613769531,0.0061755157605057,0.6418386002663328
2005-03-14,13.566123008728027,-0.0033092902790249,-0.36697202383389316
2005-03-15,13.459856033325195,-0.0078641016410409,-0.8516492817020059
2005-03-16,13.402628898620604,-0.0042607540906794,-0.46824449146565383
2005-03-17,13.304535865783691,-0.0073458545529952,-0.7897358464656734
2005-03-18,13.27591609954834,-0.0021534454969098,-0.23686281200427117
2005-03-21,13.136944770812988,-0.010523101744918,-1.1278774563396117
2005-03-22,13.161474227905272,0.0018654706358571,0.1879719118590677
2005-03-23,13.100162506103516,-0.0046693078438423,-0.5078148893429163
2005-03-24,12.944839477539062,-0.0119274223942247,-1.2898496750854511
2005-03-28,13.120599746704102,0.0134862820903811,1.4223674736481187
2005-03-29,13.173736572265623,0.004041699113519,0.41060850911224595
2005-03-30,13.39037036895752,0.0163106254509574,1.7171768241179286
2005-03-31,13.508903503417969,0.0088131673922884,0.910974336345993
2005-04-01,13.39854335784912,-0.0082029904191922,-0.8942927321614323
2005-04-04,13.423072814941406,0.0018290817207247,0.17301824471777447
2005-04-05,13.496637344360352,0.0054654906837877,0.5567420251848385
2005-04-06,13.423072814941406,-0.0054654906837877,-0.6017070344837426
2005-04-07,13.386279106140137,-0.0027448430689704,-0.31667049799292996
2005-04-08,13.353581428527832,-0.002445614394066,-0.2881962055150551
2005-04-11,13.443504333496094,0.0067114195402325,0.6899731173466426
2005-04-12,13.43941593170166,-0.0003041635198573,-0.06708396050285895
2005-04-13,13.255477905273438,-0.0137809828800233,-1.509192679125439
2005-04-14,13.267745971679688,0.0009250811543918,0.06917937378998605
2005-04-15,13.059290885925291,-0.0158361492248801,-1.7111872782713422
2005-04-18,12.854920387268066,-0.0157731781724011,-1.6872973198911454
2005-04-19,12.883533477783203,0.0022233738244182,0.22424381105363142
2005-04-20,12.773167610168455,-0.0086033311908857,-0.9227101007300513
2005-04-21,12.773167610168455,0.0,0.0011072090959256577
2005-04-22,12.37669277191162,-0.0315316014493194,-3.3491928927072117
2005-04-25,12.756816864013672,0.0302506959785853,3.186953030826015
2005-04-26,12.720029830932615,-0.0028878816195811,-0.2918479400520346
2005-04-27,12.95709991455078,0.0184659907496992,1.935989762648859
2005-04-28,13.169651985168455,0.0162711967316512,1.6891317507178214
2005-04-29,13.247305870056152,0.0058791106062883,0.6066871664091399
2005-05-02,13.206436157226562,-0.0030899027672075,-0.3231356135399566
2005-05-03,13.406718254089355,0.0150516451335189,1.5492419656831964
2005-05-04,13.49255657196045,0.0063822247845362,0.6479218486220548
2005-05-05,13.341320991516112,-0.0112721079106943,-1.17331836251842
2005-05-06,13.357674598693848,0.0012250355387077,0.11487238270288369
2005-05-09,13.32496738433838,-0.0024515736303556,-0.27074562697446486
2005-05-10,13.300443649291992,-0.0018421305834795,-0.21405987821799036
2005-05-11,13.43941593170166,0.0103944849270302,1.0540039759524338
2005-05-12,13.382198333740234,-0.0042665355031222,-0.47548484693762116
2005-05-13,13.27591609954834,-0.0079737670557672,-0.8719559758510571
2005-05-16,13.406718254089355,0.0098043694331446,0.9964938566112734
2005-05-17,13.353581428527832,-0.0039713228946303,-0.45046738719864143
2005-05-18,13.386279106140137,0.002445614394066,0.2191461066321632
2005-05-19,13.39854335784912,0.0009157613482455,0.05592366768398481
2005-05-20,13.357674598693848,-0.0030549004351315,-0.3709777709605112
2005-05-23,13.431244850158691,0.0054926020114381,0.5326939907145678
2005-05-24,13.386279106140137,-0.0033534629245522,-0.4032097048373321
2005-05-25,13.357674598693848,-0.002139139086886,-0.2745983810806606
2005-05-26,13.39037036895752,0.0024447234620352,0.21209246746124943
2005-05-27,13.39037036895752,0.0,-0.046806091773956934
2005-05-31,13.259564399719238,-0.0098166859186529,-1.0841423593179966
2005-06-01,13.39854335784912,0.0104268628917492,1.0526014183438763
2005-06-02,13.382198333740234,-0.0012206552250587,-0.17509593051382388
2005-06-03,13.230958938598633,-0.0113658835533268,-1.2415391940493092
2005-06-06,13.181918144226074,-0.0037134046830456,-0.43370073286167515
2005-06-07,13.11242389678955,-0.0052858831102952,-0.5957184440011931
2005-06-08,13.010233879089355,-0.0078239006045856,-0.8640976058583677
2005-06-09,13.022500038146973,0.0009423643328712,0.07210497254295135
2005-06-10,12.99797534942627,-0.0018850305859102,-0.22407258364834534
2005-06-13,12.854920387268066,-0.0110669554154981,-1.2082993319476791
2005-06-14,12.99797534942627,0.0110669554154981,1.160068068703219
2005-06-15,12.875354766845703,-0.0094786021039736,-1.0326713453713914
2005-06-16,12.818126678466797,-0.004454684985988,-0.49280787973266993
2005-06-17,12.842656135559082,0.0019118251178444,0.1914088415043445
2005-06-20,13.09198760986328,0.0192282692400802,2.0218465206304725
2005-06-21,13.03067684173584,-0.0046940755847898,-0.5226517669192297
2005-06-22,13.07154655456543,0.0031315145539706,0.30940700753558803
2005-06-23,13.03067684173584,-0.0031315145539708,-0.35628280350280583
2005-06-24,12.913429260253906,-0.0090385368632971,-0.980676914527271
2005-06-27,12.954572677612305,0.0031810305373604,0.32165263792726606
2005-06-28,13.131464958190918,0.0135624271110409,1.419800775327452
2005-06-29,13.045071601867676,-0.0066008480391036,-0.7146133068576657
2005-06-30,13.08621311187744,0.0031488343917384,0.31850290693119593
2005-07-01,13.147921562194824,0.0047044482232091,0.4811832265532454
2005-07-05,13.08621311187744,-0.0047044482232091,-0.5216227259151267
2005-07-06,13.057414054870604,-0.0022031425457514,-0.254292950328194
2005-07-07,12.87228775024414,-0.0142793350731566,-1.5437276251790588
2005-07-08,12.946343421936035,0.0057366228510294,0.6055219627261882
2005-07-11,12.934002876281738,-0.0009536616278142,-0.11438579212746683
2005-07-12,12.958680152893066,0.0019061202776995,0.18921041158977991
2005-07-13,12.966907501220703,0.0006346894592004,0.05431104481788708
2005-07-14,13.016276359558104,0.0038000668440939,0.38931675019762996
2005-07-15,13.12323760986328,0.0081839201311025,0.8603771121313312
2005-07-18,13.12323760986328,0.0,-0.021729483869835847
2005-07-19,13.06564235687256,-0.0043984581180315,-0.50428877832421
2005-07-20,12.609004974365234,-0.0355748247997853,-3.8801664445537427
2005-07-21,12.5884370803833,-0.0016325386128753,-0.1818248210535988
2005-07-22,12.687166213989258,0.007812247611698,0.8466431018618015
2005-07-25,12.592554092407228,-0.0074852539653907,-0.8371585150633245
2005-07-26,12.637805938720703,0.0035870986208656,0.38271610916043003
2005-07-27,12.67482852935791,0.0029252282755445,0.30526480687418744
2005-07-28,12.662483215332031,-0.000974477097429,-0.12226505565833967
2005-07-29,12.567864418029783,-0.007500431008989,-0.8382816995576834
2005-08-01,12.5884370803833,0.0016355875637008,0.16477902629337024
2005-08-02,12.633686065673828,0.0035880432089964,0.377807165366486
2005-08-03,12.806468963623049,0.0135836872469961,1.4698349845372491
2005-08-04,12.5884370803833,-0.0171717304559926,-1.9017283380551129
2005-08-05,12.66659927368164,0.0061898499580686,0.6508582359535563
2005-08-08,12.66659927368164,0.0,-0.027191507600252646
2005-08-09,12.790017127990724,0.0096964042150525,1.026883723505133
2005-08-10,12.785906791687012,-0.0003214223151435,-0.0652057551038688
2005-08-11,12.773560523986816,-0.0009660818441916,-0.13483838878074025
2005-08-12,12.798242568969728,0.001930411598898,0.18252887745023172
2005-08-15,12.82703971862793,0.0022475585991562,0.2263110746832669
2005-08-16,12.831153869628906,0.0003206890634825,0.01440753663563238
2005-08-17,12.752995491027832,-0.0061099253795433,-0.6892392756460682
2005-08-18,12.814698219299316,0.0048266260350042,0.5168976951802696
2005-08-19,12.76121711730957,-0.0041821517811823,-0.4703729326329936
2005-08-22,12.794132232666016,0.0025759877595057,0.27744985270000144
2005-08-23,12.740650177001951,-0.0041889633529652,-0.4717977233781876
2005-08-24,12.81058406829834,0.0054740264407943,0.599911233684439
2005-08-25,12.769445419311523,-0.0032164688843681,-0.36111215561788473
2005-08-26,12.794132232666016,0.001931405796539,0.20870775947698555
2005-08-29,12.90109157562256,0.0083252795566746,0.9118298958784801
2005-08-30,12.847614288330078,-0.0041537904441745,-0.4717508948124019
2005-08-31,12.752995491027832,-0.0073919511258277,-0.8268492562751739
2005-09-01,12.740650177001951,-0.0009685013396375,-0.11090975115812442
2005-09-02,12.761370658874512,0.0016250074114153,0.17627996065964827
2005-09-06,12.707493782043455,-0.0042308095299049,-0.4688602319796384
2005-09-07,12.64946746826172,-0.0045767641080933,-0.5114976204425389
2005-09-08,12.707493782043455,0.0045767641080933,0.5092109019762339
2005-09-09,12.699207305908203,-0.0006523063659775,-0.07346711480763304
2005-09-12,12.823538780212402,0.0097428746407175,1.0892779997821729
2005-09-13,12.740655899047852,-0.0064843170390913,-0.7198798016482895
2005-09-14,12.715780258178713,-0.0019543700959033,-0.21192296453748438
2005-09-15,12.889857292175291,0.0135969835207769,1.5143688062142877
2005-09-16,12.773807525634766,-0.0090439583255119,-0.9957614340446412
2005-09-19,12.753082275390623,-0.0016237978821216,-0.16962548003458217
2005-09-20,12.641179084777832,-0.0088133230860002,-0.9746568273435268
2005-09-21,12.425657272338867,-0.017196196625994,-1.9148061239722918
2005-09-22,12.210134506225586,-0.0174971656329542,-1.926395595912303
2005-09-23,12.23914623260498,0.0023732182803959,0.28005765437066565
2005-09-26,12.280597686767578,0.0033810706822276,0.39252310480097274
2005-09-27,12.516838073730469,0.0190541906588453,2.1170987259553455
2005-09-28,12.5541410446167,0.0029757911119191,0.33987196029660344
2005-09-29,12.64532470703125,0.0072369836157194,0.8041696418322121
2005-09-30,12.67848014831543,0.0026185212228715,0.2930198600678122
2005-10-03,12.549996376037598,-0.0101857028890008,-1.1120718175960713
2005-10-04,12.487828254699709,-0.0049659465239839,-0.5405331955262905
2005-10-05,12.467103004455566,-0.0016610147945461,-0.16903168490215648
2005-10-06,12.413219451904297,-0.0043314259201683,-0.4706889932224664
2005-10-07,12.346909523010254,-0.0053561988704398,-0.5869680749803164
2005-10-10,12.305458068847656,-0.003362881319417,-0.36449734893227165
2005-10-11,12.2930269241333,-0.0010107245040635,-0.1022028342238071
2005-10-12,12.218424797058104,-0.0060871431262645,-0.6635481753545306
2005-10-13,12.251581192016602,0.0027099638034208,0.3204039560639834
2005-10-14,12.346909523010254,0.0077507851463242,0.8938024551222066
2005-10-17,12.26815700531006,-0.0063987465817098,-0.6915667034581195
2005-10-18,12.181124687194824,-0.007119447256027,-0.7672566549264996
2005-10-19,11.766655921936035,-0.034617834748119,-3.7457228702083802
2005-10-20,11.787381172180176,0.0017598049548805,0.2432900427573426
2005-10-21,11.687907218933104,-0.0084748308062089,-0.8783761070261208
2005-10-24,11.77080249786377,0.007067364315123,0.8201898123718274
2005-10-25,11.791521072387695,0.0017586194164528,0.24499502753633637
2005-10-26,11.67547607421875,-0.009890140042457,-1.0310215404445264
2005-10-27,11.634025573730469,-0.0035565362834798,-0.32862167122731817
2005-10-28,11.73764705657959,0.0088673295628474,1.0370976240675436
2005-10-31,11.72935390472412,-0.0007067926757564,-0.013110071081335986
2005-11-01,11.766655921936035,0.0031751815585984,0.4120379907853624
2005-11-02,11.679616928100586,-0.0074245825102352,-0.75701113631559
2005-11-03,11.687907218933104,0.0007095566589067,0.1600188268532419
2005-11-04,11.71277904510498,0.0021257355666441,0.3230356234547005
2005-11-07,11.741786003112791,0.0024734607303024,0.35838467144815306
2005-11-08,11.903429985046388,0.0136726600571148,1.6164241749943697
2005-11-09,11.965604782104492,0.0052096733937381,0.665537655961955
2005-11-10,12.089936256408691,0.0103371261727468,1.2426503269817484
2005-11-11,12.143817901611328,0.0044468334242151,0.570867045116336
2005-11-14,12.135528564453123,-0.0006828303629893,-0.012882764051649039
2005-11-15,12.023626327514648,-0.0092638205028303,-0.9815964397963934
2005-11-16,12.040202140808104,0.0013776540949768,0.2251926672923739
2005-11-17,12.0277681350708,-0.0010332410004647,-0.048699092916949335
2005-11-18,12.135528564453123,0.0089194074083183,1.073161236497628
2005-11-21,12.176976203918455,0.0034095770891027,0.45361996848880737
2005-11-22,12.222569465637209,0.0037372265371203,0.4924127931265447
2005-11-23,12.458815574645996,0.0191442517489021,2.229088515182319
2005-11-25,12.479534149169922,0.0016615838273289,0.2432686488787249
2005-11-28,12.33862018585205,-0.0113558386099058,-1.2320781992998482
2005-11-29,12.33862018585205,0.0,0.051225106387593713
2005-11-30,11.994619369506836,-0.0282760324852404,-3.11231218806001
2005-12-01,12.284733772277832,0.0238991714215039,2.7099683832071304
2005-12-02,12.322035789489746,0.0030318523276304,0.3892753161454075
2005-12-05,12.251581192016602,-0.0057341815473544,-0.581808084177442
2005-12-06,12.197701454162598,-0.0044074769681679,-0.43409145262808696
2005-12-07,12.031920433044434,-0.013684374351668,-1.4639815333967787
2005-12-08,12.160398483276367,0.0106214917668679,1.2437167081601743
2005-12-09,12.110663414001465,-0.0040983076140973,-0.3895512999638001
2005-12-12,12.23914623260498,0.0105531840199453,1.2429477239325535
2005-12-13,12.172833442687988,-0.0054328205990472,-0.5352213361005145
2005-12-14,11.994619369506836,-0.0147485384556127,-1.5642382876740262
2005-12-15,11.882701873779297,-0.0093744448296475,-0.9577855793458382
2005-12-16,11.795668601989746,-0.0073513220710976,-0.728015340487968
2005-12-19,11.741786003112791,-0.0045784638913885,-0.41810320887684255
2005-12-20,11.642318725585938,-0.008507306872435,-0.8559133690204807
2005-12-21,11.67547607421875,0.0028439542646073,0.4049538808336159
2005-12-22,11.876057624816896,0.0170338291386912,1.9686401228075836
2005-12-23,11.73397731781006,-0.012035731626851,-1.2468146921484937
2005-12-27,11.658759117126465,-0.0064309244131879,-0.6222005930237913
2005-12-28,11.788301467895508,0.0110498856255127,1.3226025122298553
2005-12-29,11.834269523620604,0.0038918806732557,0.5216649291096447
2005-12-30,11.771587371826172,-0.0053107412618656,-0.5008494813506336
2006-01-03,11.72143840789795,-0.0042692704268173,-0.39581581473149074
2006-01-04,11.679652214050291,-0.0035713069049035,-0.31748096036057866
2006-01-05,11.633687019348145,-0.0039432578750252,-0.3616012730014578
2006-01-06,11.562650680541992,-0.006124808303123,-0.6040170009965694
2006-01-09,11.499970436096191,-0.005435669992633,-0.5239574656312755
2006-01-10,11.483245849609377,-0.001455374150507,-0.07572814617137888
2006-01-11,11.62533187866211,0.0122974093268818,1.4587064387939925
2006-01-12,12.076632499694824,0.0380858872944579,4.179185903615041
2006-01-13,11.993060111999512,-0.0069442285683565,-0.6878856526196877
2006-01-17,12.030669212341309,0.0031309985687911,0.4003310087506749
2006-01-18,12.143494606018066,0.0093344459603562,1.0675944562073363
2006-01-19,12.147672653198242,0.0003439972379087,0.09622280240585179
2006-01-20,12.018131256103516,-0.0107211527829055,-1.0939469148980547
2006-01-23,11.984701156616213,-0.0027855146866074,-0.2398448720140971
2006-01-24,11.96799087524414,-0.0013952739893113,-0.09729384128205205
2006-01-25,12.018131256103516,0.0041807886759188,0.5017643162605122
2006-01-26,12.15602970123291,0.0114088709126102,1.2816223991161744
2006-01-27,12.239603996276855,0.0068516049245547,0.787664399743569
2006-01-30,12.536299705505373,0.0239514890390707,2.594579573190508
2006-01-31,12.302290916442873,-0.0188429139498126,-1.973323824538468
2006-02-01,12.222895622253418,-0.0064746151000689,-0.6470023369262273
2006-02-02,12.222895622253418,0.0,0.05218001045820028
2006-02-03,12.151853561401367,-0.005829168659698,-0.5721990597209088
2006-02-06,12.02231216430664,-0.0107174442773554,-1.0909259401232514
2006-02-07,12.122605323791504,0.0083076478817124,0.943147288598104
2006-02-08,12.034849166870115,-0.0072653799660739,-0.7273292126810313
2006-02-09,12.135138511657717,0.0082987150582783,0.9418893952096138
2006-02-10,12.12678050994873,-0.0006889811174595,-0.024677036321998386
2006-02-13,12.06828498840332,-0.0048353359919968,-0.4694446939625077
2006-02-14,12.176922798156738,0.0089616503003826,1.013118281380188
2006-02-15,12.293931007385254,0.0095631400434653,1.0705289215565985
2006-02-16,12.21871566772461,-0.0061368791967894,-0.6090636628200033
2006-02-17,12.348255157470703,0.010545922917635,1.1711197653210437
2006-02-21,12.344078063964844,-0.0003383312146523,0.004574206452186483
2006-02-22,12.469439506530762,0.0101043722485156,1.1138445620616708
2006-02-23,12.607336044311523,0.0109980589381961,1.2032036309801313
2006-02-24,12.657485008239746,0.0039698701752649,0.4564740486723512
2006-02-27,12.619874000549316,-0.0029758674894481,-0.2829317263551981
2006-02-28,12.573908805847168,-0.0036489356168975,-0.3599359652870675
2006-03-01,12.38586139678955,-0.0150683251969445,-1.5754042688184036
2006-03-02,12.344078063964844,-0.0033791730586863,-0.3200966284229656
2006-03-03,12.406753540039062,0.0050645255919256,0.5851448524625852
2006-03-06,12.319005012512209,-0.0070977718014722,-0.7152530863470528
2006-03-07,12.373327255249023,0.0043999351527449,0.5110718444545097
2006-03-08,12.381690979003906,0.0006757194839425,0.11009100117047864
2006-03-09,12.573908805847168,0.0154050898284901,1.6725712941275401
2006-03-10,12.774491310119627,0.01582637879053,1.7091148177219506
2006-03-13,12.534488677978516,-0.0189663768953787,-1.970763622371228
2006-03-14,12.686068534851074,0.0120204863646135,1.2949738563697542
2006-03-15,12.690281867980955,0.0003320677009668,0.05969912433031437
2006-03-16,12.745019912719728,0.0043041069230534,0.4752448673882267
2006-03-17,12.740805625915527,-0.000330716133658,-0.016787601013061877
2006-03-20,12.825010299682615,0.0065873100628286,0.7097296196269364
2006-03-21,12.820805549621582,-0.0003279092483092,-0.02446566238607283
2006-03-22,13.111328125,0.022407313996881,2.346222131776673
2006-03-23,12.862910270690918,-0.0191286015954079,-1.9792284874976758
2006-03-24,12.926068305969238,0.0048980739085809,0.5106135651066738
2006-03-27,12.926068305969238,0.0,0.006196592167816424
2006-03-28,12.660813331604004,-0.0207344123574289,-2.1322126385984372
2006-03-29,12.782912254333496,0.0095976400605645,1.0174601341914427
2006-03-30,12.711334228515623,-0.0056152445174623,-0.5595814798144612
2006-03-31,12.761859893798828,0.0039669725987432,0.43364117390013396
2006-04-03,12.749223709106444,-0.0009906428062777,-0.0819630673573457
2006-04-04,12.942910194396973,0.0150777786995078,1.5822322148686883
2006-04-05,12.753439903259276,-0.0147471313400532,-1.5036494123695596
2006-04-06,12.753439903259276,0.0,0.019871349872963125
2006-04-07,12.63133430480957,-0.0096204550979213,-0.9702137024456206
2006-04-10,12.526078224182127,-0.0083678474232825,-0.8344393356057608
2006-04-11,12.319758415222168,-0.0166083802697391,-1.6686371013117633
2006-04-12,12.252391815185549,-0.0054831806079459,-0.5322732239059518
2006-04-13,12.260815620422363,0.000687287095378,0.10298764238922631
2006-04-17,12.231343269348145,-0.0024066776173076,-0.22209684115254308
2006-04-18,12.336604118347168,0.008569009972847,0.9066125998592326
2006-04-19,12.433441162109377,0.007818922897729,0.8254058283617379
2006-04-20,12.812387466430664,0.030022763252437,3.0578735345142283
2006-04-21,13.07343864440918,0.0201701137266481,2.02888849953972
2006-04-24,13.119743347167969,0.0035356338920917,0.3408557950867525
2006-04-25,13.16184902191162,0.0032041978413522,0.32394444769073044
2006-04-26,13.178693771362305,0.0012789980737416,0.11975047988703039
2006-04-27,13.182899475097656,0.0003190781172985,0.026550043343612776
2006-04-28,13.153433799743652,-0.0022376454110902,-0.2380075911889579
2006-05-01,13.119743347167969,-0.0025646286213021,-0.26946461040063346
2006-05-02,13.06922435760498,-0.0038580407440928,-0.40705470013900763
2006-05-03,13.05659294128418,-0.0009669682031776,-0.0924096683384936
2006-05-04,13.08606243133545,0.0022545148619079,0.25493230706607606
2006-05-05,13.237641334533691,0.0115166604146865,1.2387911800579976
2006-05-08,13.3807954788208,0.0107561180592314,1.1501322580833928
2006-05-09,13.385003089904783,0.0003144020611109,0.03173554353189685
2006-05-10,13.35132122039795,-0.0025195600512728,-0.27122363944295325
2006-05-11,13.157636642456056,-0.0146130244392518,-1.5509848545243614
2006-05-12,12.963963508605955,-0.0148288528799583,-1.5624911280042189
2006-05-15,13.12817096710205,0.0125869063410746,1.339385830673877
2006-05-16,13.32185173034668,0.0146452974536193,1.5514950351076424
2006-05-17,13.267112731933594,-0.0041174281777102,-0.43270564819563545
2006-05-18,13.262897491455078,-0.0003177714956378,-0.029723497875757444
2006-05-19,13.25869369506836,-0.000317009367376,-0.029126021510375126
2006-05-22,13.376588821411133,0.0088526109088326,0.9342979747730386
2006-05-23,13.43132209777832,0.0040833731941108,0.43135654647516747
2006-05-24,13.66710376739502,0.0174023111978358,1.8179627920551866
2006-05-25,13.890254020690918,0.0161956841208556,1.6743889200712476
2006-05-26,13.843942642211914,-0.003339662012625,-0.3623549097435161
2006-05-30,13.82289218902588,-0.0015217105517475,-0.17197618450726393
2006-05-31,13.936572074890137,0.0081903973562339,0.8347892505158966
2006-06-01,13.873418807983398,-0.0045417760639855,-0.4896754074694577
2006-06-02,13.978683471679688,0.0075588667485913,0.7719014370204657
2006-06-05,13.902886390686035,-0.0054370875164728,-0.5900900728967845
2006-06-06,13.662894248962402,-0.0174127632167032,-1.8270668444491145
2006-06-07,13.376588821411133,-0.0211776332560933,-2.1923691862761627
2006-06-08,13.212371826171877,-0.0123524259156154,-1.2778181567573643
2006-06-09,13.20395565032959,-0.000637195017705,-0.07124380110178097
2006-06-12,13.140796661376951,-0.0047948152412846,-0.4978232486661404
2006-06-13,12.926068305969238,-0.0164755687259085,-1.6921821088251963
2006-06-14,12.938698768615724,0.00097665396437,0.10229885215548605
2006-06-15,13.006064414978027,0.0051930169703512,0.5306056906616
2006-06-16,12.993432998657228,-0.0009716662682864,-0.10564745882935328
2006-06-19,13.090272903442385,0.0074253520641673,0.7562929270361417
2006-06-20,13.115533828735352,0.0019278882253223,0.19918952909600293
2006-06-21,13.039752006530762,-0.0057947777547598,-0.6010771698822066
2006-06-22,13.199745178222656,0.0121949863123041,1.256613870335582
2006-06-23,13.123955726623535,-0.005758283099382,-0.5978705368884288
2006-06-26,13.149404525756836,0.0019372327595465,0.19305517151863416
2006-06-27,13.08578395843506,-0.0048500274408961,-0.5059338503595403
2006-06-28,13.051846504211426,-0.0025968286102766,-0.26718767234747126
2006-06-29,13.13668155670166,0.0064788176746095,0.6699982752188182
2006-06-30,13.1069917678833,-0.0022626254425203,-0.2356708719075309
2006-07-03,13.170620918273926,0.0048428504909834,0.5022973941360503
2006-07-05,13.208795547485352,0.002894275990488,0.2968643544296423
2006-07-06,12.882180213928224,-0.0250379594292755,-2.561794283145935
2006-07-07,12.810067176818848,-0.0056136176322438,-0.5757008918524685
2006-07-10,12.814305305480955,0.0003307888771661,0.03825337135061097
2006-07-11,12.865211486816406,0.0039647356631028,0.4103319976208334
2006-07-12,12.988218307495115,0.0095157779718384,0.9768878410641362
2006-07-13,12.856729507446287,-0.0101752911617217,-1.0398590592966812
2006-07-14,12.882180213928224,0.0019776062818583,0.20703517340300961
2006-07-17,12.882180213928224,0.0,0.007555961704836954
2006-07-18,12.865211486816406,-0.0013180930919748,-0.12727736759975727
2006-07-19,12.827037811279297,-0.0029716124256139,-0.2977423911601016
2006-07-20,12.827037811279297,0.0,-0.007182141879295403
2006-07-21,12.720988273620604,-0.0083020227406271,-0.8795275629581317
2006-07-24,12.937318801879885,0.0168628159147652,1.7607614536574698
2006-07-25,13.811118125915527,0.0653578638148209,6.267023018437534
2006-07-26,13.692347526550291,-0.0086368270217784,-0.862385738217951
2006-07-27,13.705074310302734,0.0009290498021045,0.05961310057521811
2006-07-28,13.862017631530762,0.0113864035568024,1.0597342211157634
2006-07-31,13.743249893188477,-0.0086047687132327,-0.8607319089360727
2006-08-01,13.76870059967041,0.0018501569889437,0.1435754535240666
2006-08-02,13.760215759277344,-0.0006164311410671,-0.09179710176866519
2006-08-03,13.781426429748535,0.0015402621614919,0.12040691615672923
2006-08-04,13.777188301086426,-0.0003075719688318,-0.06453112899321382
2006-08-07,13.88322925567627,0.0076673805717333,0.7077721481202774
2006-08-08,14.018964767456056,0.0097294558570319,0.9023941072766399
2006-08-09,14.146214485168455,0.009036021563706,0.8357412472461041
2006-08-10,14.315895080566406,0.0119234033062414,1.107742015395698
2006-08-11,14.311639785766602,-0.0002972868499515,-0.0722554827472703
2006-08-14,14.47283172607422,0.0112000406360142,1.0319690249462403
2006-08-15,14.214085578918455,-0.0180398027047117,-1.7661318749444117
2006-08-16,14.150456428527832,-0.0044865351329465,-0.4665186678465537
2006-08-17,13.959585189819336,-0.0135804973056531,-1.3302544860778505
2006-08-18,13.811118125915527,-0.010692453605896,-1.0468439342149234
2006-08-21,14.010480880737305,0.0143317547761987,1.3257058533784698
2006-08-22,13.89171028137207,-0.0085134042720486,-0.8383127689724997
2006-08-23,13.934125900268556,0.0030486524445477,0.25547244231891664
2006-08-24,14.074106216430664,0.0099957384732853,0.9116410765553111
2006-08-25,13.942611694335938,-0.0093869301935727,-0.9210177054556389
2006-08-28,14.010480880737305,0.0048559435477883,0.4251530482361561
2006-08-29,14.184393882751465,0.0123366540311345,1.1295058257036859
2006-08-30,14.311639785766602,0.0089308393058599,0.8022249632264317
2006-08-31,14.383761405944824,0.0050267129258423,0.42952860741709525
2006-09-01,14.430413246154783,0.0032381202333167,0.25905107611902217
2006-09-05,14.358302116394045,-0.0050096907532675,-0.5168693934794419
2006-09-06,14.209842681884766,-0.0103934485059612,-1.020846868363306
2006-09-07,14.320952415466309,0.0077887976771253,0.6869791151375235
2006-09-08,14.37651252746582,0.0038721316694404,0.3185006180802928
2006-09-11,14.43206787109375,0.0038568656786768,0.31532278424719445
2006-09-12,14.479084968566896,0.0032525260533946,0.26121067274379645
2006-09-13,14.338055610656738,-0.0097879582086572,-0.9659907317468216
2006-09-14,14.547456741333008,0.0144989499554398,1.3108481431452599
2006-09-15,14.521818161010742,-0.0017639646710431,-0.2105988194237018
2006-09-18,14.568828582763672,0.0032319984556428,0.2555239078317071
2006-09-19,14.53463649749756,-0.0023496927876584,-0.2704373539984849
2006-09-20,14.568828582763672,0.0023496927876584,0.1686748113159023
2006-09-21,14.517542839050291,-0.0035264485980775,-0.39334758410383874
2006-09-22,14.637214660644531,0.0082094658962535,0.7144815310971222
2006-09-25,15.085936546325684,0.0301957202809315,2.7584239603521117
2006-09-26,15.256888389587402,0.0112681434538134,0.9758085658282214
2006-09-27,15.385093688964844,0.0083679996393407,0.7112886485609713
2006-09-28,15.320988655090332,-0.0041754025336125,-0.4677076895637142
2006-09-29,15.239794731140137,-0.0053136147698265,-0.5702704727966894
2006-10-02,15.085936546325684,-0.0101471257897152,-1.0187317782000014
2006-10-03,15.098766326904297,0.0008500849854386,0.010963573176146112
2006-10-04,15.218424797058104,0.0078938112051997,0.6694733979072668
2006-10-05,15.145771980285645,-0.0047854356862026,-0.523152958571623
2006-10-06,15.244063377380373,0.0064687247352965,0.5321115237421011
2006-10-09,15.265430450439451,0.0014006837788284,0.052618249609077315
2006-10-10,15.397908210754396,0.0086408454119518,0.7294851423033589
2006-10-11,15.33808135986328,-0.0038929559310588,-0.4488729694694328
2006-10-12,15.415010452270508,0.0050030256040644,0.3841421464011161
2006-10-13,15.28680419921875,-0.0083517537790004,-0.8676000484914861
2006-10-16,15.316715240478516,0.0019547458156212,0.10342767750867954
2006-10-17,15.23552131652832,-0.0053151012329112,-0.581027268786572
2006-10-18,15.231241226196287,-0.0002809678484339,-0.11000117176586749
2006-10-19,15.248335838317873,0.0011217093910335,0.008976663113636308
2006-10-20,15.167141914367676,-0.0053389999314934,-0.6105597639502613
2006-10-23,15.513306617736816,0.0225667752879451,2.0512006575137716
2006-10-24,15.111580848693848,-0.0262367536070478,-2.5715628881382537
2006-10-25,15.103038787841797,-0.0005654256901053,-0.14616097280557927
2006-10-26,14.739773750305176,-0.0243464305272337,-2.364812752267935
2006-10-27,14.786782264709473,0.0031841542303835,0.20897260475092336
2006-10-30,14.833799362182615,0.003174626180734,0.21040776533578484
2006-10-31,14.70130443572998,-0.0089720907135193,-0.9230905930678547
2006-11-01,14.684218406677246,-0.0011628876620524,-0.1910022223558173
2006-11-02,14.70558738708496,0.0014541766164289,0.05057025477065643
2006-11-03,14.513272285461426,-0.0131639551273774,-1.3088341000821866
2006-11-06,14.590198516845703,0.0052864080065096,0.411913770131742
2006-11-07,14.692761421203612,0.0070049833739199,0.570241829661744
2006-11-08,14.684218406677246,-0.0005816128694809,-0.13229365731221024
2006-11-09,14.594470024108888,-0.0061306478176837,-0.6466581844618028
2006-11-10,14.637214660644531,0.0029245435193143,0.20273520069179127
2006-11-13,14.872262954711914,0.0159306964446275,1.410612406562291
2006-11-14,15.06029987335205,0.0125642026261955,1.0892165832821687
2006-11-15,15.090219497680664,0.0019846844945833,0.1009550222077368
2006-11-16,15.214146614074709,0.0081788747382396,0.6751272341040577
2006-11-17,15.150044441223145,-0.004222227950353,-0.4782460352769636
2006-11-20,15.192782402038574,0.0028170077427897,0.17940356076363778
2006-11-21,14.97482681274414,-0.0144498942655085,-1.417297500098484
2006-11-22,15.094483375549316,0.0079587588581724,0.6604602114418128
2006-11-24,15.034648895263672,-0.0039718740260504,-0.4399084333534213
2006-11-27,14.765425682067873,-0.0180691184121748,-1.7366010780253998
2006-11-28,14.692761421203612,-0.0049333930826709,-0.5224917096327537
2006-11-29,14.88080883026123,0.0127174326203572,1.1092424633691675
2006-11-30,14.97909450531006,0.0065831445534855,0.5356593340753283
2006-12-01,14.99619197845459,0.0011407714156764,0.03313316324702945
2006-12-04,15.056021690368652,0.0039817227189296,0.3021925131480031
2006-12-05,15.06029987335205,0.0002841105945241,-0.05077179341391596
2006-12-06,14.953468322753906,-0.007118866319582,-0.7518617860690167
2006-12-07,14.76114273071289,-0.012945030807594,-1.3052172009272272
2006-12-08,14.95772933959961,0.0132299419584363,1.1761007876286074
2006-12-11,14.936363220214844,-0.0014294545305365,-0.21443939938514922
2006-12-12,15.188508987426758,0.01674042989676,1.5017667198395654
2006-12-13,15.06029987335205,-0.0084770201974838,-0.8805994016956266
2006-12-14,15.20133113861084,0.0093208648437053,0.7941600705996725
2006-12-15,15.261155128479004,0.0039277205578222,0.2785892997646772
2006-12-18,15.278252601623535,0.0011196991822454,0.008850741993257484
2006-12-19,15.23552131652832,-0.0028007884664367,-0.36456006439531463
2006-12-20,15.423559188842772,0.0122665276982332,1.0594990119869625
2006-12-21,15.393641471862791,-0.0019416251792817,-0.28870034411718515
2006-12-22,15.376423835754396,-0.0011191161106254,-0.20463506618077387
2006-12-26,15.385032653808594,0.0005597146079132,-0.04933373284300444
2006-12-27,15.26454257965088,-0.0078624707813008,-0.8547277577290692
2006-12-28,15.316174507141112,0.0033767668956231,0.22410869592372268
2006-12-29,15.363520622253418,0.0030864813029583,0.19660245647521568
2007-01-03,15.324789047241213,-0.0025241921757395,-0.3425099349112835
2007-01-04,15.311875343322754,-0.0008430228903924,-0.18264641464538164
2007-01-05,15.13973617553711,-0.0113058713679756,-1.1808679939965276
2007-01-08,15.040753364562988,-0.006559414203306,-0.7250661525709686
2007-01-09,15.118216514587402,0.0051370004135553,0.3899195718729178
2007-01-10,15.449588775634766,0.0216819781160885,1.9500230776651595
2007-01-11,15.397945404052734,-0.003348301328044,-0.42890841662983614
2007-01-12,15.406554222106934,0.0005589325184823,-0.053210496812573525
2007-01-16,15.38933277130127,-0.0011184254965286,-0.203273124064247
2007-01-17,15.169859886169434,-0.0143640351464829,-1.4897750210039242
2007-01-18,15.212896347045898,0.0028329549385856,0.18521372255536525
2007-01-19,15.333389282226562,0.0078892446434177,0.6785165015033439
2007-01-22,15.45389175415039,0.0078281084412463,0.6690703474531178
2007-01-23,15.195684432983398,-0.0168493964394744,-1.7250402663667581
2007-01-24,15.079484939575195,-0.007676261861039,-0.8322450281088338
2007-01-25,14.958983421325684,-0.0080231896784516,-0.8621189650001113
2007-01-26,14.864312171936035,-0.0063488333870834,-0.6955058673844234
2007-01-29,15.135431289672852,0.0180752545165282,1.658081479441061
2007-01-30,14.989113807678224,-0.0097142467807208,-1.0122525235881705
2007-01-31,15.02784252166748,0.0025804571959099,0.18089870527441176
2007-02-01,14.606101036071776,-0.0284653280520066,-2.808361000632203
2007-02-02,14.64482593536377,0.0026477739973083,0.18616538637605265
2007-02-05,14.442567825317385,-0.013907149714071,-1.3995406369343073
2007-02-06,14.489911079406738,0.0032726747335189,0.24745885792073657
2007-02-07,14.464080810546877,-0.0017842289802755,-0.24259371506584768
2007-02-08,14.188664436340332,-0.0192250239647825,-1.9005558150206723
2007-02-09,14.446868896484377,0.0180343390325747,1.6501832222201709
2007-02-12,14.76532745361328,0.0218039869269757,1.990579017810455
2007-02-13,14.86862087249756,0.0069713179006266,0.5830516634415701
2007-02-14,14.816970825195312,-0.0034798093262035,-0.4063751098666632
2007-02-15,14.72659969329834,-0.0061178396637943,-0.65058924786248
2007-02-16,15.040753364562988,0.0211080464441401,1.9110851968814768
2007-02-20,14.57167148590088,-0.0316840733050716,-2.9948149705883704
2007-02-21,14.390923500061035,-0.0124816393352857,-1.2089612704437074
2007-02-22,14.317766189575195,-0.0050965383394328,-0.5248192715145423
2007-02-23,14.31345558166504,-0.0003011123994056,-0.0784407416929768
2007-02-26,14.317766189575195,0.0003011123994056,-0.018872067077205606
2007-02-27,13.805646896362305,-0.0364234531621964,-3.3300827116983687
2007-02-28,13.741096496582031,-0.0046866169993473,-0.4549531974165711
2007-03-01,13.930452346801758,0.0136861732597899,1.199304028550353
2007-03-02,13.70666790008545,-0.0161948376489981,-1.4980172737042625
2007-03-05,13.607683181762695,-0.0072478494065089,-0.6885946951528468
2007-03-06,13.870203018188477,0.0191082983767357,1.6746742240040287
2007-03-07,13.474278450012209,-0.0289603033833761,-2.596856773788424
2007-03-08,13.482882499694824,0.0006383498611623,0.026365485623214106
2007-03-09,13.556045532226562,0.0054116946501972,0.447459854312722
2007-03-12,13.736786842346191,0.0132447926134087,1.1430657874340504
2007-03-13,13.415817260742188,-0.0236430017432248,-2.1024069339682914
2007-03-14,13.099180221557615,-0.0238847536920317,-2.115052020165113
2007-03-15,13.272680282592772,0.0131581588091623,1.140453227499902
2007-03-16,13.194604873657228,-0.0058997842008861,-0.5317059815800667
2007-03-19,13.402807235717772,0.0156561558684155,1.352782833803941
2007-03-20,13.654375076293944,0.0185958084671004,1.595318442069826
2007-03-21,13.59799575805664,-0.0041375775349854,-0.38062592400013756
2007-03-22,13.814865112304688,0.0158227833191833,1.3474918904555249
2007-03-23,13.879922866821287,0.00469820344785,0.39089422269180285
2007-03-26,13.832212448120115,-0.0034432904789061,-0.3279776841464035
2007-03-27,13.749804496765137,-0.0059755018444544,-0.5465994008661608
2007-03-28,13.645699501037598,-0.0076001884727002,-0.6860619595524703
2007-03-29,13.671728134155272,0.0019056436310284,0.14148291349048936
2007-03-30,13.732454299926758,0.0044318975991857,0.36696708380878906
2007-04-02,13.381115913391112,-0.0259175055308303,-2.288073280629122
2007-04-03,13.155570030212402,-0.0169992074384958,-1.4932164018699825
2007-04-04,13.324732780456545,0.0127766704687107,1.0964958690603936
2007-04-05,13.697752952575684,0.0276098854701619,2.3640358996532416
2007-04-09,13.580636978149414,-0.0085867746834927,-0.7644570811424594
2007-04-10,13.550280570983888,-0.0022377731809735,-0.21438755072890772
2007-04-11,13.888605117797852,0.02466147478179,2.0854952235482247
2007-04-12,14.075114250183104,0.0133395629961476,1.1043618865231069
2007-04-13,14.226922988891602,0.0107278633943099,0.8734934043366654
2007-04-16,14.209575653076172,-0.0012200755223599,-0.15558078096942107
2007-04-17,14.270304679870604,0.0042647032310429,0.3150683370983507
2007-04-18,14.00571060180664,-0.0187156357622789,-1.647500771602283
2007-04-19,14.248611450195312,0.0171943132996511,1.4180033412702997
2007-04-20,14.352712631225586,0.0072794980006133,0.572454265202028
2007-04-23,14.404765129089355,0.0036201057091295,0.27261506676210734
2007-04-24,14.487173080444336,0.0057045791968248,0.4601564334413206
2007-04-25,14.517539978027344,0.0020939292601996,0.1470142878013131
2007-04-26,14.556577682495115,0.0026853938188666,0.19858648729619538
2007-04-27,14.556577682495115,0.0,-0.03428468164486682
2007-04-30,14.517539978027344,-0.0026853938188666,-0.26652495636829143
2007-05-01,14.52621364593506,0.0005972828634944,0.01766656852661214
2007-05-02,14.435125350952148,-0.0062903580076568,-0.5791294590261744
2007-05-03,14.23993968963623,-0.0136138262014117,-1.2084651356536502
2007-05-04,14.40042495727539,0.011207046371912,0.9352681843925417
2007-05-07,14.313679695129396,-0.0060420150367964,-0.5527994677485774
2007-05-08,14.166203498840332,-0.0103566095033335,-0.9182581264433852
2007-05-09,14.218247413635254,0.0036670762648801,0.29652295080771013
2007-05-10,14.09680461883545,-0.0085780198694956,-0.7593126706292455
2007-05-11,14.1011323928833,0.0003069567876568,0.007792477774635242
2007-05-14,14.09680461883545,-0.0003069567876567,-0.050357692439622834
2007-05-15,14.140178680419922,0.0030721479868316,0.2373774919429027
2007-05-16,14.213912010192873,0.0052009071129216,0.4260094213241952
2007-05-17,14.270304679870604,0.003959578314515,0.3224080102049735
2007-05-18,14.361392974853516,0.0063627803974531,0.5287972656937274
2007-05-21,14.396084785461426,0.0024127169792887,0.1824871013446801
2007-05-22,14.461151123046877,0.0045095412503992,0.36403151235898423
2007-05-23,14.452473640441896,-0.0006002348675746,-0.07937898748571484
2007-05-24,14.504518508911133,0.0035946360894029,0.28784549640202095
2007-05-25,14.53488826751709,0.002091624661055,0.16236543554377758
2007-05-29,14.53488826751709,0.0,-0.01588457183376014
2007-05-30,14.612957000732422,0.0053567541049721,0.4536459971801255
2007-05-31,14.678024291992188,0.0044428281618995,0.3708469828178323
2007-06-01,14.929597854614258,0.0169942466826236,1.469856610100069
2007-06-04,14.968640327453612,0.0026116920196958,0.20313003432929566
2007-06-05,14.94261646270752,-0.0017400720735358,-0.17640209462250206
2007-06-06,14.899231910705566,-0.002907633738011,-0.2801216876404873
2007-06-07,15.016347885131836,0.0078298046402157,0.6588582018894452
2007-06-08,14.968640327453612,-0.003182098828669,-0.32295092372860873
2007-06-11,14.972970962524414,0.000289272014058,-0.01848414823009035
2007-06-12,14.968640327453612,-0.0002892720140581,-0.0702373137227479
2007-06-13,15.289609909057615,0.0212161389832889,1.8281895255372635
2007-06-14,15.363343238830566,0.0048108560128766,0.36743746528325166
2007-06-15,15.315633773803713,-0.0031102408315233,-0.3365537543547967
2007-06-18,15.228878021240234,-0.0056806267811843,-0.561425552264979
2007-06-19,15.02935791015625,-0.0131880128967667,-1.2218036254744125
2007-06-20,14.946943283081056,-0.0054986660426576,-0.5348536483993624
2007-06-21,15.935887336730955,0.0640668148228129,5.29454048202155
2007-06-22,15.72335147857666,-0.0134266684237493,-1.1826577016139497
2007-06-25,15.445760726928713,-0.0178123835739479,-1.534322036891993
2007-06-26,15.26229476928711,-0.0119491864696464,-1.0426312978787644
2007-06-27,15.611754417419434,0.0226387262051587,1.8124794948952512
2007-06-28,15.450125694274902,-0.0104069799593837,-0.9123027067124212
2007-06-29,15.397699356079102,-0.0033990330654125,-0.3342685173823184
2007-07-02,15.520012855529783,0.0079122372779255,0.5975543487647959
2007-07-03,15.139985084533691,-0.0247910802356354,-2.072495402963751
2007-07-05,15.052617073059082,-0.0057873948642576,-0.5160615166839353
2007-07-06,14.956528663635254,-0.0064039635553002,-0.563098750903298
2007-07-09,15.292871475219728,0.0222388987534411,1.7644821106351274
2007-07-10,15.026412010192873,-0.0175773497836371,-1.4846939150582923
2007-07-11,14.97399616241455,-0.0034943458643521,-0.33520648725465124
2007-07-12,15.201136589050291,0.0150550931268828,1.170144742735783
2007-07-13,15.67727279663086,0.0308418703565099,2.4203939231406473
2007-07-16,15.515654563903809,-0.0103625848970751,-0.893353663169395
2007-07-17,15.668536186218262,0.0098051508462514,0.7252956406469833
2007-07-18,15.594278335571287,-0.004750563340899,-0.44238714968932535
2007-07-19,15.869470596313477,0.0174931015946076,1.333238258099994
2007-07-20,15.520012855529783,-0.0222668321365364,-1.8303736343227839
2007-07-23,15.554957389831545,0.0022490479479526,0.11796794946803343
2007-07-24,15.21861457824707,-0.0218600691288961,-1.7848172457695486
2007-07-25,15.21861457824707,0.0,-0.05112670133811975
2007-07-26,14.607075691223145,-0.0410132741928506,-3.3788456278443175
2007-07-27,14.36682415008545,-0.0165843775967552,-1.3708282153765785
2007-07-30,14.406139373779297,0.0027327910195201,0.2071232670612257
2007-07-31,14.305667877197266,-0.00699864733721,-0.5826621287765946
2007-08-01,14.165885925292969,-0.0098191391989129,-0.8127176029993594
2007-08-02,14.21830940246582,0.003693854003992,0.2915742338306202
2007-08-03,13.96058750152588,-0.0182923475065702,-1.4935244351487624
2007-08-06,14.283828735351562,0.0228898586109183,1.8389801966683326
2007-08-07,14.227044105529783,-0.0039833719032973,-0.3322596453367342
2007-08-08,14.31877613067627,0.0064270243523601,0.5096679886640214
2007-08-09,13.737812995910645,-0.0414195886232807,-3.273513752039997
2007-08-10,14.03921604156494,0.0217024560214021,1.7125926693340268
2007-08-13,14.065424919128418,0.0018650930426463,0.15275870763183683
2007-08-14,14.187726974487305,0.008657640729434,0.6855092984080741
2007-08-15,13.868860244750977,-0.0227312364998917,-1.7709528108814894
2007-08-16,13.606766700744627,-0.0190788362858793,-1.4832479267659275
2007-08-17,13.676655769348145,0.00512320047428,0.4125009828681265
2007-08-20,13.847017288208008,0.012379430184391,0.9739690815982283
2007-08-21,13.820808410644531,-0.0018945388544794,-0.14909026103851825
2007-08-22,14.0042724609375,0.0131871465060312,1.0367768144897693
2007-08-23,14.02174186706543,0.0012466566373645,0.09517659857870764
2007-08-24,14.19210433959961,0.0120766620640814,0.9428751463662959
2007-08-27,14.157154083251951,-0.0024656922966675,-0.19573110175028016
2007-08-28,13.88196086883545,-0.0196298671732044,-1.536660659429001
2007-08-29,13.943114280700684,0.00439556838562,0.3459130393182563
2007-08-30,13.912540435791016,-0.0021951634235943,-0.16628759447053124
2007-08-31,14.0042724609375,0.0065718358064,0.5228751991407128
2007-09-04,14.043582916259766,0.0028031006672949,0.22764604131329436
2007-09-05,14.240153312683104,0.0139001127588322,1.0935261956854545
2007-09-06,14.70704174041748,0.032260736780861,2.4902093692734204
2007-09-07,14.48680591583252,-0.0150881107032827,-1.172346632177253
2007-09-10,14.654187202453612,0.0114878121490863,0.8802974984210165
2007-09-11,14.883222579956056,0.0155084666977439,1.1841640686191355
2007-09-12,14.93167495727539,0.0032502154275502,0.2400004771440418
2007-09-13,14.988937377929688,0.003827628253336,0.2842968585937846
2007-09-14,15.019768714904783,0.0020548268711096,0.14426434573099464
2007-09-17,14.927268028259276,-0.006177638316312,-0.48530109519668807
2007-09-18,15.147500038146973,0.0146458949293033,1.1161293418476903
2007-09-19,15.143096923828123,-0.0002907248315632,-0.03424191492765467
2007-09-20,15.239995956420898,0.0063785054079408,0.4770847228181346
2007-09-21,15.35010051727295,0.0071987374365573,0.5385325178267711
2007-09-24,15.288446426391602,-0.0040246147583298,-0.32580512529030825
2007-09-25,15.160717964172363,-0.0083896694028897,-0.6568768313751174
2007-09-26,15.077030181884766,-0.005535332562822,-0.4306092471720708
2007-09-27,15.156316757202148,0.005244987082693,0.4107318356014404
2007-09-28,15.200357437133787,0.0029015504496893,0.22999519721225015
2007-10-01,15.28404140472412,0.005490295428419,0.42880058751195244
2007-10-02,15.270825386047363,-0.0008650680489908,-0.06809743965117847
2007-10-03,15.103449821472168,-0.0110209878311965,-0.8597090882934939
2007-10-04,15.11667251586914,0.0008750921053979,0.06786762775442762
2007-10-05,15.107860565185549,-0.0005830992266869,-0.04324291756951442
2007-10-08,15.00655746459961,-0.0067279057232179,-0.5219965335916398
2007-10-09,15.024169921875,0.0011729625505276,0.09605050697721089
2007-10-10,14.993345260620115,-0.0020537790621488,-0.15472477441155372
2007-10-11,14.76870346069336,-0.0150961426221034,-1.1632312546220451
2007-10-12,14.90965747833252,0.0094988451526088,0.7480945049496732
2007-10-15,14.799530029296877,-0.0074137304106218,-0.5642831293781297
2007-10-16,14.803939819335938,0.0002979238646162,0.033118884439024464
2007-10-17,14.85679531097412,0.0035640079286079,0.2869304285876867
2007-10-18,14.715843200683594,-0.009532675118959,-0.7309920338688884
2007-10-19,14.35907745361328,-0.0245423647839183,-1.8779703674377126
2007-10-22,14.394312858581545,0.0024508708171982,0.20700150153050406
2007-10-23,14.508829116821287,0.0079241805315187,0.6254605370784703
2007-10-24,14.477993965148926,-0.0021275296858948,-0.14399863887574654
2007-10-25,14.429548263549805,-0.0033517721133543,-0.2481656377961491
2007-10-26,14.667398452758787,0.0163491715832907,1.2853411275963993
2007-10-29,14.526448249816896,-0.0096562333557928,-0.7538452350619786
2007-10-30,14.35907745361328,-0.0115886877769656,-0.8996706495702036
2007-10-31,14.715843200683594,0.0245423647839184,1.9132333770423577
2007-11-01,14.44716739654541,-0.0184263147411787,-1.4247760303497639
2007-11-02,14.455972671508787,0.0006092954063159,0.05211547292722451
2007-11-05,14.60132884979248,0.0100048788535188,0.7777994927046752
2007-11-06,14.70704174041748,0.0072138673652808,0.5559732902228303
2007-11-07,14.680609703063965,-0.0017988538166728,-0.14160097972109617
2007-11-08,14.583711624145508,-0.0066222914896813,-0.5120174091563711
2007-11-09,14.398716926574709,-0.0127661634495791,-0.9835150302897078
2007-11-12,14.407523155212402,0.0006114112002833,0.05138075178457426
2007-11-13,14.680609703063965,0.0187770437389772,1.4492322753795865
2007-11-14,14.526448249816896,-0.0105565500742167,-0.8094566342382932
2007-11-15,14.257767677307127,-0.0186691467925127,-1.4244075265556304
2007-11-16,14.319429397583008,0.0043154558376685,0.3491316190235615
2007-11-19,14.226929664611816,-0.0064806903404714,-0.4798235285411533
2007-11-20,14.557280540466309,0.0229546253962093,1.7736408234189927
2007-11-21,14.451566696166992,-0.007288418695561,-0.5438007655703356
2007-11-23,14.7290620803833,0.0190197237775765,1.4610889989096794
2007-11-26,14.544062614440918,-0.0126397117396728,-0.9553270487392136
2007-11-27,14.623348236083984,0.0054366030179424,0.4240921298417275
2007-11-28,14.887629508972168,0.0179111882017446,1.3670134965584446
2007-11-29,15.12106990814209,0.0155584955495721,1.177963707729635
2007-11-30,15.217972755432127,0.006388018098577,0.4811062953978625
2007-12-03,15.160717964172363,-0.0037694092599325,-0.2916424148976066
2007-12-04,15.151902198791504,-0.0005816564574104,-0.0475716460096542
2007-12-05,15.341307640075684,0.0124229543683572,0.9419450519564297
2007-12-06,15.504276275634766,0.0105668385074909,0.7962362311791855
2007-12-07,15.275236129760742,-0.0148829111105433,-1.1380040319519482
2007-12-10,15.336896896362305,0.0040285235883419,0.2952816903568468
2007-12-11,15.094648361206056,-0.0159212192667986,-1.2142738471096575
2007-12-12,15.046197891235352,-0.0032149403700393,-0.24682873882989403
2007-12-13,15.046197891235352,0.0,0.0028515926423698396
2007-12-14,14.671801567077637,-0.0251979366432354,-1.9032124229481715
2007-12-17,14.34585666656494,-0.0224662243466068,-1.678650319776721
2007-12-18,14.557280540466309,0.0146300827801974,1.1160177750088458
2007-12-19,14.548474311828612,-0.0006051194309234,-0.03094830485221854
2007-12-20,14.49561595916748,-0.0036398737592773,-0.2592574857488575
2007-12-21,14.770960807800291,0.0188168896676235,1.4267924366854021
2007-12-24,14.82425594329834,0.0036016085677934,0.28182826671919253
2007-12-26,14.886432647705078,0.0041854832805568,0.3240490679324257
2007-12-27,14.624406814575195,-0.017758404974429,-1.3142656881823338
2007-12-28,14.633294105529783,0.0006075180857306,0.05805965838261796
2007-12-31,14.49117946624756,-0.0097591990371941,-0.7139266098052517
2008-01-02,14.233592987060549,-0.0179352776060263,-1.3151627542895248
2008-01-03,14.122563362121582,-0.0078311172354754,-0.5596131349299587
2008-01-04,13.967132568359377,-0.0110668609951867,-0.796790248608333
2008-01-07,14.18474292755127,0.0154600494391433,1.1686298252749956
2008-01-08,14.033746719360352,-0.0107020362362102,-0.7746276321882402
2008-01-09,14.118130683898926,0.0059949264522303,0.4654898065340849
2008-01-10,14.522261619567873,0.0282229207156963,2.107078567176046
2008-01-11,14.180299758911133,-0.0238290957538539,-1.7292448860251415
2008-01-14,14.122563362121582,-0.0040799036218189,-0.27474457168709654
2008-01-15,13.793926239013672,-0.0235453891443527,-1.6904909409345235
2008-01-16,13.847220420837402,0.0038561531849277,0.30912661893015314
2008-01-17,13.611841201782228,-0.0171444303311592,-1.2205660615680305
2008-01-18,13.389792442321776,-0.0164474318885406,-1.1603022468292916
2008-01-22,13.269880294799805,-0.0089958310711911,-0.611977288483106
2008-01-23,13.56743621826172,0.0221756983115997,1.6457549179877446
2008-01-24,13.323179244995115,-0.0181672071876029,-1.2821971490864477
2008-01-25,13.225470542907717,-0.0073607617735003,-0.498542268419512
2008-01-28,13.51858615875244,0.021920934174395,1.6097912499936238
2008-01-29,13.40756130218506,-0.008246666994462,-0.5622925340111417
2008-01-30,13.0789213180542,-0.0248169495056286,-1.7485527699739356
2008-01-31,12.998981475830078,-0.0061308682106073,-0.40005266288541036
2008-02-01,13.065596580505373,0.0051115540466032,0.4030799999484795
2008-02-04,13.08780002593994,0.0016979401263296,0.15561258190321758
2008-02-05,12.856867790222168,-0.0178023735997693,-1.2570275638400157
2008-02-06,12.994540214538574,0.0106511587944706,0.802510157025351
2008-02-07,13.065596580505373,0.0054532746789689,0.42392553102091657
2008-02-08,12.794695854187012,-0.0209518617735385,-1.4857785492229332
2008-02-11,13.021187782287598,0.0175471614855302,1.2992588282967683
2008-02-12,12.9856595993042,-0.0027322192931465,-0.1616169805849879
2008-02-13,13.12777042388916,0.0108842252742727,0.8267562922282089
2008-02-14,13.016743659973145,-0.0084933635399984,-0.5794461553828903
2008-02-15,13.913840293884276,0.0666475467688043,4.643590419481171
2008-02-19,13.847220420837402,-0.0047995284918292,-0.31180378691036925
2008-02-20,13.891632080078123,0.0032021293734233,0.2387841546811685
2008-02-21,13.696226119995115,-0.0141663210365719,-0.9830683009571454
2008-02-22,13.931604385375977,0.0170396267965287,1.2034998299085293
2008-02-25,14.00266170501709,0.0050874773421594,0.3630705965751986
2008-02-26,14.158098220825195,0.0110393394754206,0.7767500888698924
2008-02-27,14.229153633117676,0.0050061598815614,0.34688291701352364
2008-02-28,14.047070503234863,-0.0128790637566153,-0.9191658195104065
2008-02-29,13.842782020568848,-0.0146499258957138,-1.0364260593430883
2008-03-03,13.856106758117676,0.000962113583916,0.0653041716577137
2008-03-04,13.77172565460205,-0.0061084318617915,-0.4374721831596143
2008-03-05,13.77172565460205,0.0,0.0020167491059287887
2008-03-06,13.66957950592041,-0.0074447348523219,-0.5393841315944089
2008-03-07,13.59408473968506,-0.0055381373914577,-0.40040997447708226
2008-03-10,13.6384916305542,0.0032613095158698,0.23272950897412437
2008-03-11,13.922721862792969,0.0206261098815578,1.475215615999488
2008-03-12,13.864481925964355,-0.0041918591415301,-0.3116921076618017
2008-03-13,13.564349174499512,-0.0218853461000846,-1.5896742769652688
2008-03-14,13.380687713623049,-0.013632514664394,-0.9861363624566617
2008-03-17,13.380687713623049,0.0,-0.0040120069796743965
2008-03-18,13.689775466918944,0.0228367859123986,1.6379170968851768
2008-03-19,13.515071868896484,-0.0128437404904892,-0.9233750919767794
2008-03-20,13.95407485961914,0.0319660728176559,2.274538621432275
2008-03-24,13.806248664855955,-0.0106502787648039,-0.7611191746097846
2008-03-25,13.734576225280762,-0.0052048260473564,-0.36904468853571115
2008-03-26,13.806248664855955,0.0052048260473565,0.37250412694702595
2008-03-27,13.860013008117676,0.0038866408174304,0.27555944211567
2008-03-28,13.806248664855955,-0.0038866408174303,-0.2812648636992432
2008-03-31,13.891362190246582,0.0061459303293693,0.4348423296000862
2008-04-01,14.204936981201172,0.0223223571049527,1.5785788470879485
2008-04-02,14.14670181274414,-0.0041080694332661,-0.31005549605573984
2008-04-03,13.97647762298584,-0.0121057627213124,-0.8855942932601688
2008-04-04,14.128783226013184,0.0108383334195647,0.7611216162183347
2008-04-07,14.151182174682615,0.0015840863336235,0.10522007168178901
2008-04-08,14.182539939880373,0.0022134598393976,0.14774989562042376
2008-04-09,14.110868453979492,-0.0050663135530102,-0.37824648889390683
2008-04-10,13.877927780151367,-0.0166456642449837,-1.2083825148863685
2008-04-11,13.7659330368042,-0.0081027289807315,-0.5826206215602397
2008-04-14,13.792810440063477,0.0019505542263534,0.15091478294471974
2008-04-15,13.842089653015137,0.0035664514812714,0.26710546414524894
2008-04-16,13.97647762298584,0.0096618214785149,0.7085517848791533
2008-04-17,14.012311935424805,0.002560620347227,0.18673052027263828
2008-04-18,14.088468551635742,0.00542026245128,0.3999625170484183
2008-04-21,14.043670654296877,-0.0031848225175275,-0.226865666326115
2008-04-22,13.851043701171877,-0.0138112197617892,-0.9980105758548311
2008-04-23,14.030228614807127,0.0128536014140044,0.9473303615032085
2008-04-24,13.998873710632324,-0.0022373115549565,-0.15274278844422112
2008-04-25,13.707697868347168,-0.0210193139039612,-1.509785274395821
2008-04-28,13.604666709899902,-0.007544688917927,-0.5283484530821806
2008-04-29,13.78385066986084,0.0130847912650811,0.9633236514694516
2008-04-30,14.169100761413574,0.0275659253741952,1.9892641619925853
2008-05-01,14.312448501586914,0.0100660922097014,0.7257723157014543
2008-05-02,14.352767944335938,0.0028131285465589,0.20026364879935862
2008-05-05,14.325892448425291,-0.0018742509873173,-0.13361397674470715
2008-05-06,14.316927909851074,-0.000625953642469,-0.0452012430108103
2008-05-07,14.124307632446287,-0.0135453484231789,-0.975112431373192
2008-05-08,14.240777969360352,0.0082122785121395,0.5909221954087439
2008-05-09,14.039196968078612,-0.0142563362152048,-1.024073223075503
2008-05-12,14.048147201538086,0.0006373143511444,0.04690651457199405
2008-05-13,13.94959831237793,-0.0070398022660807,-0.5030144144016276
2008-05-14,14.204936981201172,0.018138865873659,1.2982188510075536
2008-05-15,14.303491592407228,0.0069140958482449,0.49345428828042237
2008-05-16,14.563308715820312,0.0180015891544579,1.279626114473072
2008-05-19,14.697696685791016,0.0091855295488693,0.6490385438756475
2008-05-20,14.58570957183838,-0.0076485405355954,-0.5493002723695328
2008-05-21,14.491636276245115,-0.0064705784571451,-0.46206021990852225
2008-05-22,14.522992134094238,0.0021613835347086,0.1527599863004859
2008-05-23,14.330368041992188,-0.0133521331769505,-0.947198213088114
2008-05-27,14.460274696350098,0.0090242887000856,0.6434386039490851
2008-05-28,14.536429405212402,0.0052526579359152,0.3735385979798412
2008-05-29,14.702178001403809,0.0113377747029592,0.8038164350782502
2008-05-30,14.5498628616333,-0.0104140779146031,-0.736776919951032
2008-06-02,14.393085479736328,-0.0108336520130813,-0.7600691249177886
2008-06-03,14.357245445251465,-0.0024931923840134,-0.16553015523461925
2008-06-04,14.28557014465332,-0.0050047768510817,-0.34314297225373136
2008-06-05,14.361729621887209,0.0053170565659184,0.38831080537368673
2008-06-06,13.985435485839844,-0.0265505379092644,-1.85549398783411
2008-06-09,14.057106971740724,0.0051116365120522,0.37860113969385334
2008-06-10,13.99439811706543,-0.0044709871315496,-0.29675653851260914
2008-06-11,13.788331031799316,-0.0148344579896834,-1.022298798263346
2008-06-12,13.797289848327637,0.0006495280191239,0.07482816881047683
2008-06-13,13.886887550354004,0.0064728681344858,0.48648680660398835
2008-06-16,13.55986785888672,-0.023830515663781,-1.6435519272147747
2008-06-17,13.58227252960205,0.001650914443986,0.14821564659639297
2008-06-18,13.438920021057127,-0.0106104756986802,-0.7162642882112269
2008-06-19,13.277653694152832,-0.0120725275087825,-0.81654802455928
2008-06-20,13.08502960205078,-0.0146136505129419,-1.0141461178152658
2008-06-23,13.120863914489746,0.0027348302206114,0.2535727059770687
2008-06-24,13.093985557556152,-0.0020506214526226,-0.10277917508035836
2008-06-25,13.225107192993164,0.0099640760053317,0.7760712540712393
2008-06-26,13.035211563110352,-0.0144628053998446,-1.0167879478210289
2008-06-27,12.83626937866211,-0.0153795684302289,-1.0817104296793962
2008-06-30,12.86339282989502,0.0021108029423486,0.2086289678604414
2008-07-01,12.840790748596191,-0.001758631006901,-0.07441559871328941
2008-07-02,12.985475540161133,0.0112045855658066,0.877547975960733
2008-07-03,13.026166915893556,0.0031287073851262,0.27506753565276737
2008-07-07,12.976431846618652,-0.0038253968674164,-0.24239434009799285
2008-07-08,13.107552528381348,0.0100538157315484,0.7961687661818578
2008-07-09,13.112075805664062,0.000345029858544,0.06633581042308491
2008-07-10,13.089466094970703,-0.0017258309752156,-0.08927850975074215
2008-07-11,13.080421447753906,-0.0006912255593114,-0.007132935289845174
2008-07-14,13.234149932861328,0.011684038607818,0.9368132480341862
2008-07-15,13.301973342895508,0.0051117909739177,0.4341774504012054
2008-07-16,13.514476776123049,0.0158490688026693,1.2446805964288634
2008-07-17,13.523516654968262,0.0006686797380204,0.0934707250987032
2008-07-18,13.3878812789917,-0.0100802288169096,-0.7143457217414108
2008-07-21,13.080421447753906,-0.0232333493055158,-1.712198408457801
2008-07-22,13.220590591430664,0.0106589412264555,0.8569595481165102
2008-07-23,13.473785400390623,0.0189704679574397,1.4759804906188636
2008-07-24,13.28388500213623,-0.0141943288633356,-1.0337938492342624
2008-07-25,13.28388500213623,0.0,0.02907875877499386
2008-07-28,13.93949031829834,0.0481741955247249,3.638348871048899
2008-07-29,14.22433853149414,0.02022863637746,1.5208278308504493
2008-07-30,14.473014831542969,0.0173313909191611,1.2926707758088005
2008-07-31,14.387104988098145,-0.0059535509717984,-0.4501407972858284
2008-08-01,14.486581802368164,0.0068905095896429,0.5099162114274911
2008-08-04,14.513708114624023,0.0018707619989165,0.12889673899095005
2008-08-05,14.622224807739258,0.0074490283311214,0.5552726319973089
2008-08-06,14.595094680786133,-0.0018571268840216,-0.14785639605709824
2008-08-07,14.445886611938477,-0.0102757809916166,-0.7778354329153517
2008-08-08,14.830205917358398,0.0262563307423977,1.9815424966570594
2008-08-11,14.834722518920898,0.0003045078370644,0.006585771821160371
2008-08-12,14.77143096923828,-0.004275573733334,-0.3430545854522632
2008-08-13,14.857339859008787,0.0057990343925805,0.43121928902985773
2008-08-14,14.780468940734863,-0.0051873666618489,-0.4201639252796506
2008-08-15,14.90255069732666,0.0082257429632316,0.60971758422796
2008-08-18,14.77143096923828,-0.0088374106939631,-0.7082929227057261
2008-08-19,14.7669095993042,-0.0003061356787394,-0.04356457817605998
2008-08-20,14.830205917358398,0.0042772015750092,0.3101780119045188
2008-08-21,14.77143096923828,-0.0039710658962696,-0.32513465227697497
2008-08-22,14.730740547180176,-0.0027584713780904,-0.2296191805675509
2008-08-25,14.567964553833008,-0.0111115946987025,-0.8718835259235598
2008-08-26,14.500144958496094,-0.0046662627555332,-0.3700701434963435
2008-08-27,14.50466537475586,0.0003117011450463,0.01074357395050869
2008-08-28,14.50466537475586,0.0,-0.0122386803024233
2008-08-29,14.2469482421875,-0.0179276223227826,-1.4022405775893203
2008-09-02,14.332853317260742,0.0060116116347474,0.4606274515085906
2008-09-03,14.296680450439451,-0.0025269629860833,-0.2021505798166536
2008-09-04,14.346417427062988,0.0034728804004106,0.26852968462869636
2008-09-05,14.775954246520996,0.0295008920339959,2.3039206957035967
2008-09-08,15.002012252807615,0.015183195872499,1.1756928024356554
2008-09-09,14.90255069732666,-0.0066519562515442,-0.5255833579641772
2008-09-10,14.82568359375,-0.0051713313428961,-0.4043880727343544
2008-09-11,15.128623962402344,0.02022752133959,1.5747293692930495
2008-09-12,15.074360847473145,-0.0035932325003507,-0.2822213384030229
2008-09-15,14.983939170837402,-0.0060164380110594,-0.46867647100167364
2008-09-16,15.164793014526367,0.0119975866278606,0.9300094013037776
2008-09-17,14.76239013671875,-0.0268937527090923,-2.0749961410728006
2008-09-18,15.25521469116211,0.0328386521197718,2.508882198409016
2008-09-19,15.811354637145996,0.0358069382854541,2.68849129923636
2008-09-22,15.086433410644531,-0.0469324395028727,-3.449902555531748
2008-09-23,14.858473777770996,-0.0152255630768855,-1.1099505870717403
2008-09-24,14.863035202026367,0.0003069443273747,0.028344587607885156
2008-09-25,15.049962997436523,0.0124982609523677,0.9179009869149617
2008-09-26,15.013484001159668,-0.0024268018355806,-0.17541167637980182
2008-09-29,14.52565097808838,-0.0330326112119383,-2.384586421317321
2008-09-30,14.93142032623291,0.0275516198906218,1.9912499237555494
2008-10-01,15.250569343566896,0.0211490969680367,1.5167578487123787
2008-10-02,15.291604042053224,0.0026870859947596,0.18936303129403237
2008-10-03,15.081884384155272,-0.0138096084211155,-0.9887208141123911
2008-10-06,14.46638298034668,-0.0416667713420321,-2.921656862810474
2008-10-07,14.015018463134766,-0.0316980405927808,-2.1923371764431177
2008-10-08,13.663958549499512,-0.0253678985134923,-1.732930939060087
2008-10-09,12.629022598266602,-0.078764057429043,-5.122504205696433
2008-10-10,12.423856735229492,-0.0163789915692013,-1.0291655829760684
2008-10-13,12.916254043579102,0.038867967119758,2.554671184278876
2008-10-14,12.724764823913574,-0.0149364407632898,-0.9274871102222584
2008-10-15,12.0226469039917,-0.0567579676609272,-3.5271864395079984
2008-10-16,12.53783893585205,0.0419590735059662,2.650839211615195
2008-10-17,13.048467636108398,0.0399195176641975,2.4821825770155574
2008-10-20,13.49071216583252,0.0333307566024123,2.054733453034867
2008-10-21,13.326581001281738,-0.0122408486905663,-0.7295923046047933
2008-10-22,12.84786319732666,-0.0365831028975182,-2.1867487397990644
2008-10-23,12.952722549438477,0.0081284921590032,0.5188624864528376
2008-10-24,12.355466842651367,-0.0472073770737922,-2.777083547669534
2008-10-27,12.273401260375977,-0.0066642028089838,-0.3557095506801206
2008-10-28,13.16700839996338,0.0702799156854904,4.079307091818482
2008-10-29,12.980080604553224,-0.0142984161691457,-0.8018647679217533
2008-10-30,13.198920249938965,0.0167191058389273,0.991725785114947
2008-10-31,13.303784370422363,0.007913506884092,0.4773257925908169
2008-11-03,13.363056182861328,0.004445364266356,0.2755184588983968
2008-11-04,13.91015911102295,0.0401255463269164,2.3115626639798648
2008-11-05,13.326581001281738,-0.0428588322113456,-2.407296524209213
2008-11-06,12.774916648864746,-0.0422770007477769,-2.339212510395856
2008-11-07,12.989197731018066,0.0166344567507787,0.9567903551928443
2008-11-10,12.85698413848877,-0.0102308918540097,-0.5476855140889166
2008-11-11,12.784034729003906,-0.0056900707951394,-0.2919875652459093
2008-11-12,12.332670211791992,-0.0359452497002295,-1.9629025548460743
2008-11-13,12.815948486328123,0.038438514917483,2.149091610817158
2008-11-14,12.510478973388672,-0.0241237598494788,-1.301101077657199
2008-11-17,12.23236846923828,-0.0224810194296971,-1.2013805171251009
2008-11-18,12.364585876464844,0.0107508172630317,0.6212060006006273
2008-11-19,11.84939670562744,-0.0425594534528975,-2.2769367081299823
2008-11-20,11.338764190673828,-0.0440496409012603,-2.3252900779785683
2008-11-21,12.109272003173828,0.0657441259467882,3.5086404168571916
2008-11-24,12.291637420654297,0.014947706239296,0.8231569754529405
2008-11-25,12.250604629516602,-0.0033438533681905,-0.1392577568965442
2008-11-26,12.296199798583984,0.0037149618915932,0.2363052648423414
2008-11-28,12.405620574951172,0.0088593869118262,0.5099268981743699
2008-12-01,11.653347969055176,-0.0625561240434492,-3.1856127705646586
2008-12-02,11.92234706878662,0.0228210259542198,1.2278771431043354
2008-12-03,12.141186714172363,0.0181889892584491,0.9828970396245781
2008-12-04,11.904109954833984,-0.0197198184116059,-0.963719519740083
2008-12-05,12.606224060058594,0.0573069501681594,2.9433305245706243
2008-12-08,12.619901657104492,0.0010843994467933,0.09337179444267736
2008-12-09,12.287080764770508,-0.0267266984076312,-1.3057487290077674
2008-12-10,12.250604629516602,-0.0029730727683548,-0.10846703255086926
2008-12-11,12.22325038909912,-0.0022353856217026,-0.07135581650687287
2008-12-12,12.291637420654297,0.0055792389898932,0.32269718076939835
2008-12-15,12.191336631774902,-0.0081935593118875,-0.3782014985335864
2008-12-16,12.451212882995604,0.0210924511460411,1.098045241992708
2008-12-17,12.31899356842041,-0.0106757745930717,-0.5080887233392609
2008-12-18,12.18678092956543,-0.0107904299612087,-0.5115876585565606
2008-12-19,12.159420013427734,-0.0022476547959655,-0.07862412597452452
2008-12-22,12.246048927307127,0.0070991692819286,0.39842779357001773
2008-12-23,12.10777759552002,-0.0113553258186535,-0.5357909236438039
2008-12-24,12.199958801269531,0.0075845521887621,0.425113166090475
2008-12-26,12.27830696105957,0.0064014688051619,0.36063012414869966
2008-12-29,12.223003387451172,-0.0045143436610033,-0.19313415832605402
2008-12-30,12.259875297546388,0.0030120590349128,0.1868698914244792
2008-12-31,12.375097274780272,0.0093544100447047,0.5043368222865141
2009-01-02,12.600939750671388,0.0180852255506831,0.9420273667609407
2009-01-05,12.72999095916748,0.0101893078072741,0.5364968809708333
2009-01-06,12.803732872009276,0.0057760566652291,0.31452488094214365
2009-01-07,12.794514656066896,-0.0007202224551305,-0.017986609543674356
2009-01-08,12.900518417358398,0.0082509613720383,0.4381244995301152
2009-01-09,12.803732872009276,-0.0075307389169075,-0.3592518837925374
2009-01-12,13.149404525756836,0.026639715350699,1.3751778879507788
2009-01-13,13.28307056427002,0.0101138601246706,0.5284445184024942
2009-01-14,12.900518417358398,-0.029222836558462,-1.475202168974808
2009-01-15,12.93739414215088,0.0028543907906468,0.15916045206269688
2009-01-16,13.200102806091309,0.0201027291593412,1.029704908046454
2009-01-20,13.0065279006958,-0.0147732402665579,-0.7464891312041307
2009-01-21,13.05722713470459,0.0038904062661288,0.20145794858546096
2009-01-22,13.32454776763916,0.0202662469354496,1.0365272641591494
2009-01-23,13.21393585205078,-0.0083360117857203,-0.42375102185698843
2009-01-26,13.296894073486328,0.0062584605948806,0.31832685927203425
2009-01-27,13.435162544250488,0.0103448609150512,0.5302608134762272
2009-01-28,13.628738403320312,0.0143053405783514,0.7276970207239437
2009-01-29,13.495080947875977,-0.0098554363272763,-0.5113621403650096
2009-01-30,12.928176879882812,-0.0429160612057827,-2.1774172997735244
2009-02-02,13.01574993133545,0.0067509737203224,0.3434304690504171
2009-02-03,13.24619483947754,0.017550171934288,0.8869891669954368
2009-02-04,12.034035682678224,-0.0959713873123724,-4.644019878145734
2009-02-05,11.983336448669434,-0.0042218864776826,-0.1893495882326769
2009-02-06,12.140040397644045,0.0129920578022684,0.6444331115933931
2009-02-09,11.928025245666504,-0.0176184193088281,-0.8417260183834939
2009-02-10,11.513218879699709,-0.0353948509278808,-1.687288211750019
2009-02-11,11.57314109802246,0.005191147755291,0.272981826178937
2009-02-12,11.739059448242188,0.0142347052571732,0.7091393592752515
2009-02-13,11.614617347717283,-0.0106572750345568,-0.49293162415609143
2009-02-17,11.393385887145996,-0.0192314193250556,-0.9084462433718654
2009-02-18,11.209028244018556,-0.0163134548913925,-0.7616032427095256
2009-02-19,11.21363925933838,0.0004112816090352,0.062071052664454646
2009-02-20,10.835700988769531,-0.0342844988094894,-1.634320699495118
2009-02-23,10.58220672607422,-0.0236723496732199,-1.1054384630078475
2009-02-24,10.932491302490234,0.0325652288153713,1.633790137640544
2009-02-25,10.987797737121582,0.0050461517081259,0.29489438994039063
2009-02-26,10.540724754333496,-0.0415390574282387,-1.9513172485532562
2009-02-27,10.499245643615724,-0.0039428919024867,-0.13489885159569626
2009-03-02,10.195054054260254,-0.0294007050687631,-1.360097045419643
2009-03-03,10.112093925476074,-0.0081705801710906,-0.33387065762729284
2009-03-04,10.11670207977295,0.0004556034254723,0.08103346886986026
2009-03-05,9.67884635925293,-0.044245012879937,-2.0497657292010962
2009-03-06,9.964604377746582,0.0290965352740507,1.4461750686887511
2009-03-09,9.784854888916016,-0.0182034809114752,-0.8042201704209058
2009-03-10,10.047569274902344,0.0264949712719685,1.314179360611771
2009-03-11,9.826332092285156,-0.0222650115807654,-0.9906355256589927
2009-03-12,10.259576797485352,0.0431458606065606,2.085189655209811
2009-03-13,10.38401985168457,0.0120564806334313,0.6175319759865072
2009-03-16,10.540724754333496,0.0149782313030344,0.7494249007974658
2009-03-17,10.743518829345703,0.0190563701409501,0.936141550372373
2009-03-18,10.27340602874756,-0.0447440558347787,-2.036442540914543
2009-03-19,10.21349048614502,-0.0058491742155565,-0.22137104063258123
2009-03-20,10.204272270202637,-0.0009029604936364,0.01591452431173193
2009-03-23,10.811393737792969,0.0577940711390278,2.7189749678425956
2009-03-24,10.82072639465332,0.0008628518501408,0.08371039542350286
2009-03-25,10.764687538146973,-0.0051923009288894,-0.1945812876100491
2009-03-26,10.774025917053224,0.0008671250964739,0.0863866344246178
2009-03-27,10.689963340759276,-0.0078329340448067,-0.3154758826185126
2009-03-30,10.199603080749512,-0.0469564898477936,-2.0978211544173853
2009-03-31,10.409759521484377,0.0203949757570287,0.9925356998926744
2009-04-01,10.652603149414062,0.0230605078249186,1.1072238423181362
2009-04-02,10.727327346801758,0.0069901538423348,0.36815419566218877
2009-04-03,10.741337776184082,0.0013051981845178,0.10963540643583834
2009-04-06,10.554532051086426,-0.0175442955080974,-0.7496723856128585
2009-04-07,10.489150047302246,-0.0062139518989477,-0.22958669034204685
2009-04-08,10.297675132751465,-0.0184232395915985,-0.7849764951284589
2009-04-09,10.437776565551758,0.0135134326330812,0.6694277981206941
2009-04-13,10.489150047302246,0.0049098069585171,0.27377670246459046
2009-04-14,10.46579647064209,-0.0022289330405892,-0.05182371994999407
2009-04-15,10.680624008178713,0.0203187985150778,0.9742046489048166
2009-04-16,10.57788372039795,-0.0096658795625199,-0.3907162403705818
2009-04-17,10.587224006652832,0.0008826117950052,0.09105514071953745
2009-04-20,10.493817329406738,-0.0088617338230747,-0.3511116640279363
2009-04-21,10.62458610534668,0.0123845012941073,0.6153240002202969
2009-04-22,10.479806900024414,-0.0137205061078684,-0.5752890795355353
2009-04-23,10.400415420532228,-0.0076045035214334,-0.29283390097499357
2009-04-24,10.395747184753418,-0.000448951659575,0.033403080015167334
2009-04-27,10.451788902282717,0.0053763526093952,0.2949077948137075
2009-04-28,10.647933959960938,0.0185927283848868,0.8929449021668352
2009-04-29,10.867432594299316,0.0204046023924087,0.973266376509075
2009-04-30,10.928140640258787,0.0055706911031983,0.3019257776972316
2009-05-01,10.970175743103027,0.0038391220345397,0.22395199398291263
2009-05-04,11.329771041870115,0.0322535722078549,1.511875790329466
2009-05-05,11.778109550476074,0.0388088190549132,1.7915041627056778
2009-05-06,11.675370216369627,-0.0087611725253856,-0.3597745487768266
2009-05-07,11.694046020507812,0.0015983119068658,0.10628338558320004
2009-05-08,11.92288303375244,0.0193796724995856,0.9080987484035591
2009-05-11,11.76876735687256,-0.0130103093907745,-0.556665852921647
2009-05-12,11.866844177246094,0.0082991195852537,0.4054315637614517
2009-05-13,11.62399196624756,-0.0206770727018756,-0.9006758642873688
2009-05-14,11.72206974029541,0.0084021324256017,0.4141360989743272
2009-05-15,11.581964492797852,-0.0120242644823733,-0.5053831624030412
2009-05-18,11.703387260437012,0.0104292062669601,0.5108280147261945
2009-05-19,11.703387260437012,0.0,0.04089548633846579
2009-05-20,11.60531520843506,-0.0084151085520261,-0.3396300775515847
2009-05-21,11.642675399780272,0.0032140604438717,0.18469313436087126
2009-05-22,11.8901948928833,0.0210368406609515,0.9856897421804156
2009-05-26,12.076996803283691,0.0155884507028368,0.7341796711506094
2009-05-27,11.8901948928833,-0.0155884507028368,-0.6681519844517687
2009-05-28,12.05831813812256,0.0140406218109716,0.666323068807389
2009-05-29,12.193751335144045,0.0111689111766389,0.5369176124469424
2009-06-01,12.441272735595703,0.0200957571296668,0.9325797313340239
2009-06-02,12.609392166137695,0.0134225542752252,0.6276223271566416
2009-06-03,12.520663261413574,-0.0070616058682904,-0.293275818694195
2009-06-04,12.628077507019045,0.0085423679682589,0.4062522305329516
2009-06-05,12.436603546142578,-0.0152786851932611,-0.6610637338708858
2009-06-08,12.417922019958496,-0.001503269869503,-0.04649162857136865
2009-06-09,12.240455627441406,-0.0143942524699705,-0.6235941144985584
2009-06-10,12.072332382202148,-0.013830246452077,-0.5961311559543694
2009-06-11,12.11903190612793,0.0038608473154561,0.19697911280868025
2009-06-12,12.114362716674805,-0.0003853516672824,0.005893754316759636
2009-06-15,11.79679012298584,-0.0265642790608846,-1.1644994522278007
2009-06-16,11.586634635925291,-0.0179752237138205,-0.7803661069768941
2009-06-17,11.619322776794434,0.0028172216218053,0.154558670141208
2009-06-18,12.072332382202148,0.0382467855047259,1.7294984469453003
2009-06-19,11.866844177246094,-0.0171679465687696,-0.7474163424974828
2009-06-22,11.792122840881348,-0.0063165551352033,-0.2640479535965372
2009-06-23,11.969585418701172,0.0149371312414495,0.683760683684405
2009-06-24,12.020962715148926,0.0042831347333261,0.20654098885772623
2009-06-25,12.12837028503418,0.008895341177408,0.41284920924550556
2009-06-26,12.071697235107422,-0.0046837186287723,-0.19582114341619952
2009-06-29,12.08114242553711,0.0007821184625801,0.04577525809549958
2009-06-30,11.96779727935791,-0.009426277153137,-0.408963393056476
2009-07-01,12.567599296569824,0.0489025350809047,2.171208131681241
2009-07-02,12.260614395141602,-0.0247299745646162,-1.0839513306544435
2009-07-06,12.487311363220217,0.0183209947635168,0.8168669999461899
2009-07-07,12.161431312561035,-0.0264434615759183,-1.1539301823251233
2009-07-08,12.137816429138184,-0.0019436725867697,-0.07223931234424229
2009-07-09,12.185044288635254,0.0038834181059883,0.18401291735750222
2009-07-10,12.317288398742676,0.010794514620267,0.48624750501727493
2009-07-13,12.69511604309082,0.0302135195891596,1.3317155274800376
2009-07-14,12.75179386138916,0.0044546007538648,0.20213732849641278
2009-07-15,13.002108573913574,0.0194395855834813,0.8566778727664333
2009-07-16,13.096563339233398,0.0072383129710622,0.32322183438868746
2009-07-17,12.954874992370604,-0.0108776906789289,-0.46982291138288906
2009-07-20,13.035163879394531,0.0061784549709676,0.27581615698463346
2009-07-21,13.025717735290527,-0.0007249290071876,-0.03115070076363356
2009-07-22,13.186298370361328,0.0122525976914224,0.5392419121653389
2009-07-23,13.398826599121094,0.0159888476433108,0.704341027136619
2009-07-24,13.280755043029783,-0.008851137810963,-0.3895149908429811
2009-07-27,13.346879005432127,0.0049665770683672,0.21774200707289557
2009-07-28,13.446054458618164,0.0074031390607812,0.3350381770902485
2009-07-29,13.479122161865234,0.0024562676292634,0.11872666373076683
2009-07-30,13.493288040161133,0.0010503977577287,0.059152233166794695
2009-07-31,13.384662628173828,-0.0080829081601297,-0.3470837331727441
2009-08-03,13.318538665771484,-0.0049525221211413,-0.20565452589227262
2009-08-04,13.384662628173828,0.0049525221211413,0.23479480997164787
2009-08-05,13.379937171936035,-0.0003531124188058,-3.5000975494784366e-05
2009-08-06,13.394104957580566,0.0010583226020469,0.06230237442692281
2009-08-07,13.554686546325684,0.0119176764826588,0.5418519077377096
2009-08-10,13.52162265777588,-0.0024422756244417,-0.09267195915287636
2009-08-11,13.441330909729004,-0.0059557262656154,-0.24839426550765054
2009-08-12,13.46022605895996,0.0014047627325207,0.07917990795656231
2009-08-13,13.389385223388672,-0.0052768734123432,-0.21715685158023867
2009-08-14,13.271313667297363,-0.0088574068146663,-0.3762881902540117
2009-08-17,13.124900817871094,-0.0110935870037608,-0.47261169139717935
2009-08-18,13.195744514465332,0.0053831406317411,0.2602640743696177
2009-08-19,13.52162265777588,0.024395690132124,1.1018548102133578
2009-08-20,13.389385223388672,-0.0098278369454379,-0.4194413426571618
2009-08-21,13.60663604736328,0.0160953728608553,0.7302674940610725
2009-08-24,13.412997245788574,-0.0143334378138111,-0.6204169833554591
2009-08-25,13.507453918457031,0.0070174945969684,0.32524760027157257
2009-08-26,13.441330909729004,-0.00490731896419,-0.20474641996293047
2009-08-27,13.422443389892578,-0.0014061704612301,-0.04882431224181685
2009-08-28,13.384662628173828,-0.0028187143146127,-0.1111089470982064
2009-08-31,13.389385223388672,0.0003527740960204,0.026661809505177353
2009-09-01,13.257147789001465,-0.0099253827819623,-0.42782417274149165
2009-09-02,13.228805541992188,-0.0021401727529439,-0.0815146477277139
2009-09-03,13.219361305236816,-0.0007141695083318,-0.017330469437343194
2009-09-04,13.271313667297363,0.0039223182285717,0.1941550064683372
2009-09-08,12.492029190063477,-0.0605140626005965,-2.6346800210004053
2009-09-09,12.680949211120604,0.0150100290098055,0.689121306725456
2009-09-10,12.36924171447754,-0.0248879209686208,-1.0618835510774824
2009-09-11,12.326733589172363,-0.0034425177999711,-0.1157326836763189
2009-09-14,12.331459045410156,0.0003832767766615,0.051943738211383136
2009-09-15,12.317288398742676,-0.0011498067608332,-0.016379119431061885
2009-09-16,12.407025337219238,0.0072590352542324,0.3546967949065106
2009-09-17,12.525092124938965,0.0094711305984837,0.4467481573355465
2009-09-18,12.624275207519531,0.007887561979636,0.3827979910874782
2009-09-21,12.63371753692627,0.000747670643676,0.07296510767068042
2009-09-22,12.510926246643066,-0.0097668726147352,-0.4052738206420077
2009-09-23,12.411745071411133,-0.0079591547426257,-0.32558997755403885
2009-09-24,12.458969116210938,0.0037975669855767,0.20210689247695102
2009-09-25,12.52981662750244,0.0056703596443537,0.28763411342020734
2009-09-28,12.496387481689451,-0.0026715330498675,-0.08737086032426085
2009-09-29,12.424768447875977,-0.0057476652512372,-0.23149424861691384
2009-09-30,12.544146537780762,0.0095622096187811,0.4642063080157858
2009-10-01,12.410440444946287,-0.0107160557234114,-0.44882099822397475
2009-10-02,12.391339302062988,-0.0015403045148096,-0.03200288626575888
2009-10-05,12.424768447875977,0.00269415061944,0.15714201599632782
2009-10-06,12.4581880569458,0.0026861461706086,0.1498214668322657
2009-10-07,12.439091682434082,-0.0015340132300725,-0.04865651220602124
2009-10-08,12.467743873596191,0.0023007502287262,0.12253855233345626
2009-10-09,12.400888442993164,-0.0053767003196339,-0.2505326460058859
2009-10-12,12.505943298339844,0.0084358765054826,0.3975506910630995
2009-10-13,12.410440444946287,-0.0076659054597413,-0.3572198440171042
2009-10-14,12.553691864013672,0.0114767050303623,0.5488583227058003
2009-10-15,12.716046333312988,0.0128498919948536,0.6095757200515688
2009-10-16,12.907050132751465,0.0149089972538427,0.7192832191458725
2009-10-19,12.992997169494627,0.0066368490544588,0.3258904540266845
2009-10-20,13.00255012512207,0.0007349686428371,0.04339286764691397
2009-10-21,13.09327507019043,0.006953243280621,0.34600323675090067
2009-10-22,12.945245742797852,-0.0113701483448293,-0.5649339290783598
2009-10-23,12.916595458984377,-0.0022156423674911,-0.10927976810224778
2009-10-26,12.749467849731444,-0.0130234208057821,-0.6584265002399906
2009-10-27,12.763795852661133,0.0011231808366889,0.04847214562390085
2009-10-28,12.868844985961914,0.0081965586061016,0.4255980353646576
2009-10-29,13.155352592468262,0.0220194441570588,1.126398213035872
2009-10-30,13.141027450561523,-0.0010895144731208,-0.055054489891946834
2009-11-02,13.19832706451416,0.0043508814394644,0.2251062904412676
2009-11-03,13.150577545166016,-0.0036244065798228,-0.1829086225556767
2009-11-04,12.735143661499023,-0.0321002882358963,-1.6361641325497989
2009-11-05,12.907050132751465,0.0134082947897116,0.7035998824494805
2009-11-06,12.787671089172363,-0.0092921734019715,-0.4877152091444277
2009-11-09,12.668292045593262,-0.0093793283806705,-0.487383137702135
2009-11-10,12.797221183776855,0.0101258701246147,0.5327748821706925
2009-11-11,12.806771278381348,0.0007459848350985,0.038815061700975796
2009-11-12,12.816319465637209,0.0007452799346654,0.03135441616223232
2009-11-13,12.849745750427246,0.0026047080771471,0.13838973720201672
2009-11-16,13.193551063537598,0.0264041292309379,1.396442255501601
2009-11-17,13.19832706451416,0.000361929606186,0.003225547384221637
2009-11-18,13.01687717437744,-0.0138433243695406,-0.7507321018129012
2009-11-19,12.878398895263672,-0.0106953560788798,-0.5950843237193842
2009-11-20,12.973899841308594,0.0073882312312133,0.3741194253753685
2009-11-23,13.055075645446776,0.0062373616937694,0.3326547388046537
2009-11-24,12.99777603149414,-0.0043987281740267,-0.25911452784501404
2009-11-25,12.797221183776855,-0.0155502159865707,-0.8804828955422271
2009-11-27,12.720821380615234,-0.0059879225646968,-0.3428028512180106
2009-11-30,12.692168235778809,-0.0022550008803198,-0.13138779582155016
2009-12-01,12.653971672058104,-0.0030139968275208,-0.1919093235517273
2009-12-02,12.706494331359863,0.0041420953691251,0.22413980386502277
2009-12-03,12.615769386291504,-0.0071656574057862,-0.42247540152093704
2009-12-04,12.68739414215088,0.0056613432610011,0.31300776592647866
2009-12-07,12.739920616149902,0.0041315057617615,0.24199031144802807
2009-12-08,12.730368614196776,-0.0007500505639766,-0.04642820460362099
2009-12-09,12.754243850708008,0.0018736987685492,0.10262171692760266
2009-12-10,12.739920616149902,-0.0011236482045724,-0.07606968251861278
2009-12-11,12.79244613647461,0.0041144320800343,0.23393923277238912
2009-12-14,12.878398895263672,0.0066965524420162,0.38719476015579424
2009-12-15,12.811546325683594,-0.0052045825642515,-0.3212831573083929
2009-12-16,12.964346885681152,0.0118562215222926,0.6971617133144868
2009-12-17,12.835419654846191,-0.0099945326132881,-0.6055193932696655
2009-12-18,12.897497177124023,0.0048247653466608,0.27440331322658057
2009-12-21,12.887950897216797,-0.0007404393606696,-0.05794780419979552
2009-12-22,13.031201362609863,0.0110537507204771,0.6444048407088656
2009-12-23,13.064626693725586,0.0025617389356687,0.13487748679674222
2009-12-24,13.160128593444824,0.0072833718256821,0.41676093926899394
2009-12-28,13.261473655700684,0.0076714166172167,0.4395670555774775
2009-12-29,13.24699592590332,-0.0010923098515583,-0.08425070649099571
2009-12-30,13.266297340393066,0.0014559804174915,0.06821857208076662
2009-12-31,13.116697311401367,-0.0113407620580594,-0.6904446400271318
2010-01-04,13.237343788146973,0.0091558876384597,0.5355448090536721
2010-01-05,13.884005546569824,0.0476955873417686,2.7877510136956687
2010-01-06,13.980524063110352,0.0069277252415905,0.38728267075961026
2010-01-07,13.946742057800291,-0.0024192859867353,-0.16255540320569312
2010-01-08,13.961216926574709,0.0010373291777083,0.04262375924261034
2010-01-11,13.898484230041504,-0.0045034799336666,-0.28446252821293166
2010-01-12,14.134953498840332,0.0168709153596913,0.9797550590282919
2010-01-13,14.106002807617188,-0.00205026352864,-0.13530359846646572
2010-01-14,14.052911758422852,-0.0037708209227083,-0.2444445074474587
2010-01-15,14.274898529052734,0.015673030318929,0.907407436872506
2010-01-19,14.192861557006836,-0.005763516264757,-0.36018972603658533
2010-01-20,13.888827323913574,-0.0216544036764862,-1.3021011178156479
2010-01-21,13.628236770629885,-0.0189408537947607,-1.1326768016848148
2010-01-22,13.449679374694824,-0.0131886060322153,-0.7851409391028802
2010-01-25,13.36280918121338,-0.0064798533908943,-0.38738964904974194
2010-01-26,13.396597862243652,0.0025253697836169,0.14822087896636343
2010-01-27,13.681324005126951,0.0210309076678622,1.2418317635716192
2010-01-28,13.531716346740724,-0.0109954024785081,-0.6501838223903937
2010-01-29,13.348339080810549,-0.0136443253492995,-0.8058337030273849
2010-02-01,13.54137134552002,0.0143575797293216,0.8495901746903299
2010-02-02,13.753706932067873,0.0155588394246865,0.9182330122696682
2010-02-03,13.744056701660156,-0.000701892047109,-0.05088788843302983
2010-02-04,13.700621604919434,-0.0031652863641055,-0.23705217949285073
2010-02-05,13.724756240844728,0.0017600225813576,0.07870474053084617
2010-02-08,13.686141967773438,-0.0028174413199205,-0.21242440085614284
2010-02-09,13.946742057800291,0.0188621510598976,1.176632171244534
2010-02-10,13.961216926574709,0.0010373291777083,0.017756657694178463
2010-02-11,13.990169525146484,0.0020716402727589,0.08602435171382979
2010-02-12,14.03843593597412,0.0034440856220851,0.17859277347638755
2010-02-16,13.980524063110352,-0.0041337690858169,-0.31834593837575403
2010-02-17,13.816445350646973,-0.0118056479970594,-0.8235224321773194
2010-02-18,13.903306007385254,0.006267079376952,0.35536337723904987
2010-02-19,13.95639705657959,0.003811319405654,0.19322161563107992
2010-02-22,13.970870018005373,0.0010364754046857,0.0018602317148483259
2010-02-23,14.057737350463867,0.0061984963752503,0.3383121706341323
2010-02-24,14.01913356781006,-0.0027498653316614,-0.25145946327056373
2010-02-25,13.903306007385254,-0.0082964258539287,-0.6207627657535357
2010-02-26,13.719930648803713,-0.0132770865815444,-0.9775081064991802
2010-03-01,13.859881401062012,0.010148869270166,0.6170951341859405
2010-03-02,13.951568603515623,0.0065935098391904,0.3679396255045594
2010-03-03,13.980524063110352,0.0020732760922955,0.054240108254520525
2010-03-04,14.033610343933104,0.0037899685633733,0.17151052322268456
2010-03-05,14.15908145904541,0.0089010261519524,0.518887999534232
2010-03-08,14.077040672302246,-0.0058110683349289,-0.5077561569744758
2010-03-09,14.106002807617188,0.0020552887079608,0.04285421793283661
2010-03-10,14.178383827209473,0.00511810127108,0.267899788383249
2010-03-11,14.19768238067627,0.0013601995640154,-0.007194369434021946
2010-03-12,14.21216869354248,0.001019809226304,-0.019997364740463236
2010-03-15,14.265253067016602,0.0037281770384106,0.18073629234312288
2010-03-16,14.327985763549805,0.0043879462246226,0.2325742902443473
2010-03-17,14.332815170288086,0.000337004314369,-0.059402573517958024
2010-03-18,14.395550727844238,0.0043675061437566,0.22823703543444168
2010-03-19,14.299030303955078,-0.0067274575512505,-0.6074831650616699
2010-03-22,14.347288131713867,0.0033692199238531,0.1519736414927712
2010-03-23,14.854008674621582,0.0347088292610127,2.5814868161826445
2010-03-24,14.825045585632324,-0.0019517534439927,-0.24703250794134188
2010-03-25,14.863655090332031,0.0026009576429195,0.10195873306530025
2010-03-26,14.781606674194336,-0.0055353618590275,-0.5239643051855444
2010-03-29,14.879056930541992,0.0065710334935334,0.40606392093260896
2010-03-30,14.85956859588623,-0.0013106414368859,-0.22275412127119362
2010-03-31,14.73289680480957,-0.0085611362920066,-0.7922305663965405
2010-04-01,14.78161334991455,0.0033011958587079,0.16046596292372728
2010-04-05,14.718278884887695,-0.004293884318843,-0.44494010193621214
2010-04-06,14.65494441986084,-0.0043124012997336,-0.4444617124463593
2010-04-07,14.65007495880127,-0.0003323294921915,-0.13151899873938214
2010-04-08,14.67930793762207,0.0019934267696266,0.05315462842077089
2010-04-09,14.73289680480957,0.0036439924824336,0.17999316335045437
2010-04-12,14.78161334991455,0.0033011958587079,0.15580690326419977
2010-04-13,14.932652473449709,0.0101661892151658,0.7104778395655684
2010-04-14,15.044710159301758,0.0074761885603315,0.48914824796463463
2010-04-15,15.137266159057615,0.006133215990511,0.386577322948383
2010-04-16,14.937527656555176,-0.0132829797936072,-1.19118356316795
2010-04-19,15.000861167907717,0.0042309294732173,0.23151867319404246
2010-04-20,14.83520793914795,-0.0111043402089435,-1.01364087689685
2010-04-21,14.73776912689209,-0.0065897433756784,-0.641290613101842
2010-04-22,14.708537101745604,-0.001985446631046,-0.2715356257676148
2010-04-23,14.659814834594728,-0.0033180147088949,-0.38185901238856035
2010-04-26,14.659814834594728,0.0,-0.11128713105679663
2010-04-27,14.372370719909668,-0.0198024022106107,-1.7091531594157312
2010-04-28,14.494171142578123,0.0084389149268713,0.5873016101975335
2010-04-29,14.572120666503906,0.0053635813820848,0.3434316211854167
2010-04-30,14.42108917236328,-0.0104184987534524,-0.9405902944615949
2010-05-03,14.56725025177002,0.0100842146130775,0.7308238003536408
2010-05-04,14.406476020812988,-0.0110980465273618,-0.9940600327499
2010-05-05,14.494171142578123,0.0060687492856519,0.44118065282117574
2010-05-06,14.231083869934082,-0.0183180012882735,-1.6006114563790845
2010-05-07,14.65007495880127,0.029016874940189,2.3305698436738944
2010-05-10,14.869312286376951,0.0148540589165754,1.1606942512199423
2010-05-11,14.796235084533691,-0.004926748780026,-0.48561139779881834
2010-05-12,14.810853958129885,0.000987525302684,0.009004100898573047
2010-05-13,14.767003059387209,-0.0029651188620281,-0.32809485306592656
2010-05-14,14.63058090209961,-0.0092812481982507,-0.8509889571387584
2010-05-17,14.883925437927246,0.0171678804558282,1.3526839576987832
2010-05-18,14.63058090209961,-0.0171678804558282,-1.5050500528877808
2010-05-19,14.757258415222168,0.008621137222925,0.6414783406703723
2010-05-20,14.192105293273926,-0.0390492129547682,-3.2521723764334136
2010-05-21,14.464935302734377,0.0190416210027696,1.4774098542015008
2010-05-24,14.09466552734375,-0.0259310713369077,-2.1535778673922845
2010-05-25,13.821837425231934,-0.0195466308338887,-1.6216755389284159
2010-05-26,13.836450576782228,0.0010566925117695,0.03687832397179761
2010-05-27,14.158000946044922,0.02297344608995,1.8023402403433786
2010-05-28,13.933894157409668,-0.0159556015881508,-1.327404494872126
2010-06-01,14.080048561096191,0.0104344990810751,0.8036338952399183
2010-06-02,14.38698959350586,0.0215654980629876,1.6945438263732886
2010-06-03,14.26518440246582,-0.0085023862298794,-0.7261652926723279
2010-06-04,13.89003849029541,-0.0266499836565518,-2.157365755010054
2010-06-07,13.797477722167969,-0.0066861261399398,-0.567987762854193
2010-06-08,13.95338249206543,0.0112361497230938,0.8608442797460587
2010-06-09,14.070306777954102,0.0083447231559949,0.623874663136993
2010-06-10,14.313905715942385,0.0171648178714813,1.3191299194614847
2010-06-11,14.274928092956545,-0.0027267741942349,-0.2701172374297702
2010-06-14,14.318782806396484,0.0030674401081231,0.1923092507850317
2010-06-15,14.47468090057373,0.0108288199841799,0.8079639173766772
2010-06-16,14.484424591064451,0.0006729276124377,-0.01724950577064628
2010-06-17,14.606220245361328,0.008373576222927,0.6045504502460537
2010-06-18,14.62083911895752,0.0010003657660591,0.019826177463645577
2010-06-21,14.586737632751465,-0.0023351133845531,-0.26131421923496667
2010-06-22,14.304161071777344,-0.0195622555889751,-1.6759321968639735
2010-06-23,14.391860008239746,0.0061122905683971,0.44465800915168624
2010-06-24,14.357751846313477,-0.0023727748465898,-0.2543367155712995
2010-06-25,14.289543151855469,-0.0047619730488491,-0.44752978575610414
2010-06-28,14.240339279174805,-0.0034492901668005,-0.3394539709062407
2010-06-29,13.99431037902832,-0.0174278859709358,-1.4828699113903796
2010-06-30,13.77779769897461,-0.0155924113527212,-1.326853397638924
2010-07-01,13.77779769897461,0.0,-0.03096370422655
2010-07-02,13.689228057861328,-0.0064491837506788,-0.5894433893043229
2010-07-06,13.90081787109375,0.0153384276422825,1.2782710364677108
2010-07-07,14.166532516479492,0.0189346397397548,1.5800757639646594
2010-07-08,14.284624099731444,0.0083014032095435,0.6594100248328453
2010-07-09,14.264936447143556,-0.0013791915063867,-0.17268913493570337
2010-07-12,14.269859313964844,0.0003450430773251,-0.0206096305548658
2010-07-13,14.466692924499512,0.013699394921241,1.149374621703391
2010-07-14,14.427323341369627,-0.0027251045428554,-0.2803669635707856
2010-07-15,14.427323341369627,0.0,-0.03619219356862309
2010-07-16,14.17636775970459,-0.0175475270080058,-1.5597203862375988
2010-07-19,14.186213493347168,0.0006942763037129,0.029217971698261277
2010-07-20,14.373199462890623,0.0130947118359234,1.1095422221472646
2010-07-21,14.19113063812256,-0.0127481575705331,-1.139879803624664
2010-07-22,14.407637596130373,0.0151412880833763,1.2865751520265396
2010-07-23,14.57494831085205,0.0115457312092317,0.977087135040041
2010-07-26,14.624149322509766,0.0033700396389532,0.2606670104336134
2010-07-27,14.702877044677734,0.0053689665155938,0.43490410662107315
2010-07-28,14.624149322509766,-0.0053689665155939,-0.4976065297762941
2010-07-29,14.32399082183838,-0.020738414062087,-1.8187600765618577
2010-07-30,14.373199462890623,0.0034295127010589,0.2755383873812616
2010-08-02,14.510977745056152,0.0095401247645852,0.7989534654403809
2010-08-03,14.407637596130373,-0.007146994251742,-0.6461114962405938
2010-08-04,14.638914108276367,0.0159248782544849,1.344219696932945
2010-08-05,14.594624519348145,-0.0030300555385015,-0.29133058776141413
2010-08-06,14.93907642364502,0.0233270814488909,1.9610278604191678
2010-08-09,14.953831672668455,0.0009872074121556,0.051269442664128646
2010-08-10,14.894783973693848,-0.0039564833894286,-0.37243836446828127
2010-08-11,14.555259704589844,-0.0230586627638939,-1.9909753495675562
2010-08-12,14.515893936157228,-0.0027082373805961,-0.25617086402718603
2010-08-13,14.515893936157228,0.0,-0.02731373564804602
2010-08-16,14.491292953491213,-0.0016961995424016,-0.17446341088670658
2010-08-17,14.397801399230955,-0.006472468780377,-0.5841816100854172
2010-08-18,14.43716526031494,0.0027302882643718,0.20277654123986097
2010-08-19,14.333831787109377,-0.0071832003148674,-0.6383544248726186
2010-08-20,14.31906795501709,-0.0010305297915218,-0.11182106693851744
2010-08-23,14.343674659729004,0.0017169822921521,0.13047313675344355
2010-08-24,14.41256618499756,0.004791423012482,0.39109106716288944
2010-08-25,14.5601806640625,0.0101899731588694,0.8578576207642625
2010-08-26,14.47652530670166,-0.0057620577830392,-0.5251478882056412
2010-08-27,14.761930465698242,0.0195232078244029,1.6510929049380594
2010-08-30,14.614313125610352,-0.0100502014257519,-0.895485510786411
2010-08-31,14.717643737792969,0.0070456287737901,0.5740191099154248
2010-09-01,14.948906898498535,0.0155911516792064,1.298348924515212
2010-09-02,14.934151649475098,-0.0009875327988187,-0.12617080906558242
2010-09-03,15.047327041625977,0.0075497230062374,0.6039893618678899
2010-09-07,14.934151649475098,-0.0075497230062374,-0.6877899403535569
2010-09-08,15.047327041625977,0.0075497230062374,0.6186473168732595
2010-09-09,15.126060485839844,0.0052187460116146,0.41170499280864054
2010-09-10,15.145740509033203,0.0013002216795255,0.045744146829123394
2010-09-13,15.229394912719728,0.0055080982537299,0.4300329878137505
2010-09-14,15.278594970703123,0.0032253911728929,0.21872711963790015
2010-09-15,15.5443115234375,0.0172419259375035,1.4962261929226393
2010-09-16,15.450817108154297,-0.0060328640644519,-0.6328923396960422
2010-09-17,15.426217079162598,-0.001593419500551,-0.2221261769740995
2010-09-20,15.534466743469238,0.0069927464154407,0.5663697209399289
2010-09-21,15.559067726135254,0.0015823860631449,0.06939135786028684
2010-09-22,15.406532287597656,-0.0098520081801531,-0.9802205911368892
2010-09-23,15.386845588684082,-0.0012786321575254,-0.1958855514721705
2010-09-24,15.721446990966797,0.0215128686915425,1.879267635369606
2010-09-27,15.6476411819458,-0.0047056481084209,-0.509898146240325
2010-09-28,15.63274383544922,-0.0009525041085406,-0.1680417997847548
2010-09-29,15.49866771697998,-0.0086136118316483,-0.8655856993554801
2010-09-30,15.324861526489258,-0.0112776204981788,-1.0997214434874605
2010-10-01,15.49866771697998,0.0112776204981789,0.9473978970904142
2010-10-04,15.364583015441896,-0.0086890098715388,-0.8684010106106522
2010-10-05,15.533428192138672,0.0109293026186871,0.912497402424425
2010-10-06,15.54335594177246,0.0006389174586875,-0.021723269518282424
2010-10-07,15.488734245300291,-0.0035203399160347,-0.39883762659011657
2010-10-08,15.359617233276367,-0.008371129077085,-0.8345094293081697
2010-10-11,15.414247512817385,0.003550437189417,0.2439083791446242
2010-10-12,15.468870162963867,0.0035373829597154,0.24468987153588373
2010-10-13,15.637713432312012,0.010855896599268,0.9024357355978461
2010-10-14,15.791656494140623,0.0097962061149028,0.8072539946163195
2010-10-15,15.717167854309082,-0.0047281217334358,-0.5068701876687791
2010-10-18,15.72213077545166,0.0003157144974668,-0.042663624586670175
2010-10-19,15.617849349975586,-0.0066548740567645,-0.6741508961322514
2010-10-20,15.791656494140623,0.0110672812927336,0.9382332728771933
2010-10-21,15.801589965820312,0.0006288351543493,-0.01069060610224896
2010-10-22,15.841310501098633,0.0025105509011482,0.1562414602186272
2010-10-25,16.124374389648438,0.0177109477687534,1.5313596413535542
2010-10-26,16.05484962463379,-0.0043211031542526,-0.4777049695559635
2010-10-27,15.890971183776855,-0.0102598633724148,-1.01333147232123
2010-10-28,15.960495948791504,0.0043655681632015,0.31990994555341695
2010-10-29,16.025056838989258,0.0040368836707049,0.2986410524151398
2010-11-01,15.781726837158203,-0.0153008082522063,-1.4647739436831313
2010-11-02,15.811516761779783,0.0018858420381581,0.10685620654648093
2010-11-03,15.677437782287598,-0.0085159886531376,-0.8412682144672979
2010-11-04,15.78668975830078,0.0069445698087091,0.5661609903881677
2010-11-05,15.43410873413086,-0.0225872515224547,-2.1507686352897064
2010-11-08,15.453971862792969,0.0012861356883489,0.0494394897419881
2010-11-09,15.20567512512207,-0.0161973271383682,-1.5599950638046935
2010-11-10,15.146082878112791,-0.0039267790404052,-0.4241360651141088
2010-11-11,15.12622356414795,-0.0013120451757875,-0.182045808728955
2010-11-12,15.20567512512207,0.0052388242161928,0.42072604829216836
2010-11-15,15.2900972366333,0.0055366577484917,0.4469789447283244
2010-11-16,15.066628456115724,-0.0147231173444441,-1.416781112473341
2010-11-17,15.14111328125,0.0049315156847386,0.40739650713349584
2010-11-18,15.255328178405762,0.0075150530262194,0.641234843248842
2010-11-19,15.116294860839844,-0.009155538943555,-0.9123817041066095
2010-11-22,15.170915603637695,0.0036068559088465,0.2784260048516166
2010-11-23,15.012002944946287,-0.010530070299026,-1.0318870093404398
2010-11-24,15.165948867797852,0.0102026313253049,0.8917719138790465
2010-11-26,15.046768188476562,-0.0078894789427664,-0.7959581510330959
2010-11-29,14.99213981628418,-0.0036371783160187,-0.4003091969182426
2010-11-30,15.021937370300291,0.0019855725445501,0.12291498919503953
2010-12-01,15.21063232421875,0.0124830542773713,1.0946627338100596
2010-12-02,15.111326217651367,-0.0065501350438601,-0.6736714400861791
2010-12-03,15.056696891784668,-0.0036216748694984,-0.4027145783541988
2010-12-06,15.041799545288086,-0.0009899064389637,-0.15518098103281822
2010-12-07,15.21560764312744,0.0114887576797014,1.0030381209641566
2010-12-08,15.409276962280272,0.0126480085361288,1.1032611424046477
2010-12-09,15.439074516296388,0.0019318739482195,0.10891299488702391
2010-12-10,15.270231246948242,-0.0109963391563711,-1.0845354426053075
2010-12-13,15.334794044494627,0.0042191040657021,0.32398712867345103
2010-12-14,15.58804416656494,0.0163798537869549,1.4410575401957582
2010-12-15,15.63274383544922,0.0028634574773631,0.1913890780884612
2010-12-16,15.712199211120604,0.005069752127863,0.39820765184395795
2010-12-17,15.856210708618164,0.0091238359407182,0.76664175112127
2010-12-20,15.7568941116333,-0.0062832755148374,-0.6545501291897193
2010-12-21,15.811516761779783,0.0034605926080694,0.24498255078545167
2010-12-22,15.83138370513916,0.0012556968973573,0.044769941083288446
2010-12-23,15.83138370513916,0.0,-0.07061507737751604
2010-12-27,15.69730281829834,-0.0085053777955938,-0.8521388111570879
2010-12-28,15.821450233459473,0.0078777264437395,0.6643980978977171
2010-12-29,15.816439628601074,-0.0003167470979977,-0.09444586280563086
2010-12-30,15.791383743286133,-0.0015854233471534,-0.21075658975363848
2010-12-31,15.791383743286133,0.0,-0.06833625442484544
2011-01-03,15.871567726135254,0.0050648565935664,0.4035247679005749
2011-01-04,15.836485862731934,-0.0022128055019133,-0.2642400641761023
2011-01-05,15.801409721374512,-0.0022173507486036,-0.2613375971708139
2011-01-06,15.671102523803713,-0.0082807461419083,-0.8442081055108303
2011-01-07,15.631011962890623,-0.0025615255385395,-0.290565597211025
2011-01-10,15.641034126281738,0.0006409662933893,0.016635798728970176
2011-01-11,15.681126594543455,0.0025600079454946,0.20849827758075085
2011-01-12,15.786369323730469,0.0066890051794714,0.6055291354065367
2011-01-13,15.756305694580078,-0.0019062199535322,-0.22900160951939028
2011-01-14,15.706191062927246,-0.0031856768661173,-0.34731441638609867
2011-01-18,15.560851097106934,-0.009296754830967,-0.9403426174942195
2011-01-19,15.62600040435791,0.0041780044399094,0.3643742067687742
2011-01-20,15.651058197021484,0.0016023116715706,0.10417983328162299
2011-01-21,15.711207389831545,0.0038357730497604,0.3195579632703534
2011-01-24,15.751294136047363,0.0025482250910418,0.18835840076998148
2011-01-25,15.62600040435791,-0.007986309812373,-0.8530559867306151
2011-01-26,15.550827980041504,-0.0048223359391735,-0.5330240788062297
2011-01-27,15.30526065826416,-0.0159172803380847,-1.6360209246614
2011-01-28,15.300251960754396,-0.0003273068885876,-0.0869907355071359
2011-01-31,15.320298194885254,0.0013093322551571,0.08236465731385194
2011-02-01,15.370408058166504,0.0032654776593476,0.28512833147912575
2011-02-02,15.315285682678224,-0.003592712307252,-0.4059219727702607
2011-02-03,15.40549659729004,0.0058729737468554,0.5455446292306225
2011-02-04,15.631011962890623,0.0145325196040895,1.4084801055290512
2011-02-07,15.470643043518066,-0.0103126563919718,-1.0828639069218442
2011-02-08,15.600936889648438,0.008386738628704,0.8008092368994214
2011-02-09,15.656068801879885,0.0035276552046559,0.3098008306440986
2011-02-10,15.590923309326172,-0.0041697189098914,-0.4635314519055916
2011-02-11,15.365405082702637,-0.0145703465509683,-1.497971898234882
2011-02-14,15.28019905090332,-0.0055607486795786,-0.5931917269959309
2011-02-15,15.370408058166504,0.0058862956553572,0.549341747529722
2011-02-16,15.435559272766112,0.0042297851604641,0.38374378880015764
2011-02-17,15.455615043640137,0.0012984792022805,0.08990517490862573
2011-02-18,15.490692138671877,0.0022669658028822,0.18684397356262017
2011-02-22,15.771331787109377,0.0179545117158585,1.750775244092009
2011-02-23,15.876583099365234,0.0066514145194819,0.6157673327634734
2011-02-24,15.926691055297852,0.0031511219348966,0.26156430328119706
2011-02-25,15.891610145568848,-0.0022050783743756,-0.2802427062013695
2011-02-28,15.95676612854004,0.0040916418037331,0.3556309184412819
2011-03-01,15.811429977416992,-0.0091498531799857,-0.9700122975184671
2011-03-02,15.78135585784912,-0.0019038605084581,-0.2397784449275889
2011-03-03,15.941734313964844,0.0101112357989284,0.9642325493090091
2011-03-04,15.826457023620604,-0.0072574352813199,-0.7730598047801119
2011-03-07,15.701173782348633,-0.0079475620282946,-0.8409746958033214
2011-03-08,15.761314392089844,0.0038230086988661,0.3393757472789913
2011-03-09,15.871567726135254,0.0069708337097003,0.6541775497508439
2011-03-10,15.786369323730469,-0.0053824485126095,-0.5816063307974417
2011-03-11,15.886608123779297,0.0063296313004112,0.5896487506074864
2011-03-14,15.71620750427246,-0.0107839929769009,-1.1159658848211835
2011-03-15,15.600936889648438,-0.0073615355051333,-0.7686649978205764
2011-03-16,15.460618019104004,-0.0090349517581197,-0.9304038092825606
2011-03-17,15.415520668029783,-0.0029211802421451,-0.318246223630602
2011-03-18,15.53077793121338,0.0074488905833807,0.7097620560206885
2011-03-21,15.480668067932127,-0.0032317039904901,-0.3521594478850117
2011-03-22,15.550827980041504,0.0045218594391167,0.4429144159858465
2011-03-23,15.590923309326172,0.0025750222630219,0.24239028855929984
2011-03-24,15.676115036010742,0.0054493128871143,0.5343260314512626
2011-03-25,15.666091918945312,-0.000639592318532,-0.08882700959861589
2011-03-28,15.771331787109377,0.0066952217377136,0.6598069860754238
2011-03-29,15.816856384277344,0.0028823830249243,0.2688978032462335
2011-03-30,15.92307949066162,0.006693365946229,0.6521789483073576
2011-03-31,15.862383842468262,-0.0038190868152439,-0.41861888821816884
2011-04-01,15.988837242126465,0.0079402961482076,0.7767421165503472
2011-04-04,15.938261985778809,-0.0031681737379261,-0.357359830193114
2011-04-05,15.928133010864258,-0.0006357151636851,-0.09875994001806988
2011-04-06,16.059650421142578,0.0082230237451141,0.8018899337751046
2011-04-07,16.074817657470703,0.0009439855931223,0.060979598067936215
2011-04-08,16.019184112548828,-0.0034669157834848,-0.3859763281961575
2011-04-11,16.201284408569336,0.0113035125358748,1.1188451981283198
2011-04-12,16.256916046142578,0.0034278974970119,0.31823853765418364
2011-04-13,16.388437271118164,0.0080576206533288,0.7892034870148369
2011-04-14,16.6666316986084,0.0168325769489197,1.668558566942352
2011-04-15,16.874013900756836,0.0123661808661273,1.2076227078374726
2011-04-18,16.803199768066406,-0.0042054688820055,-0.47807024015348903
2011-04-19,16.894241333007812,0.0054034836760904,0.4948010764512521
2011-04-20,16.975175857543945,0.0047792188529492,0.4284320185103219
2011-04-21,16.884132385253906,-0.005377764427702,-0.6039968171321474
2011-04-25,16.727325439453125,-0.0093306326824946,-1.0002815980823385
2011-04-26,16.88918685913086,0.009629950251971,0.9188349490139405
2011-04-27,16.980234146118164,0.0053763839828894,0.485705345251743
2011-04-28,16.995410919189453,0.0008933913720584,0.02895643443550285
2011-04-29,16.9903507232666,-0.0002977832901601,-0.09730550396573912
2011-05-02,17.091520309448242,0.0059368737849079,0.54475927650688
2011-05-03,17.131977081298828,0.0023642698017688,0.17274259144403303
2011-05-04,17.121864318847656,-0.0005904600670533,-0.12902294804033015
2011-05-05,16.88918685913086,-0.0136826755844109,-1.4854058151774743
2011-05-06,17.238201141357422,0.0204543313136099,2.0669495281878376
2011-05-09,17.217966079711914,-0.0011745394571568,-0.1840808510882613
2011-05-10,17.30902099609375,0.0052744322737866,0.48762125096345077
2011-05-11,17.33430290222168,0.0014595545560411,0.08754875899962129
2011-05-12,17.57708740234375,0.0139088367433069,1.3805461189818735
2011-05-13,17.647907257080078,0.004021005586621,0.342934293766006
2011-05-16,17.470876693725586,-0.0100819016466372,-1.1254514803714952
2011-05-17,17.617563247680664,0.0083610105623184,0.8051627515888283
2011-05-18,17.642858505249023,0.0014347679721428,0.07678562802327749
2011-05-19,17.6984920501709,0.0031483568115843,0.24924603457002642
2011-05-20,17.819881439208984,0.0068353277325956,0.6637091861877463
2011-05-23,17.693431854248047,-0.0071212797464503,-0.9008851357623296
2011-05-24,17.637800216674805,-0.0031491504987521,-0.46695310500150444
2011-05-25,17.415241241455078,-0.0126985823006434,-1.5366644247491765
2011-05-26,17.51134490966797,0.0055031952072173,0.5324013556420454
2011-05-27,17.57708740234375,0.0037472503200037,0.3251749690406221
2011-05-31,17.688373565673828,0.0063113612970216,0.6231590789233232
2011-06-01,17.56697654724121,-0.0068867560718548,-0.8939763307179405
2011-06-02,17.410175323486328,-0.0089659829797187,-1.1355451681844317
2011-06-03,17.248319625854492,-0.0093400982658386,-1.2085197417394848
2011-06-06,17.228084564208984,-0.0011738500255122,-0.24385929890240404
2011-06-07,17.217966079711914,-0.0005874975272319,-0.1692141280762515
2011-06-08,17.228084564208984,0.0005874975272321,-0.02574569779998661
2011-06-09,17.30902099609375,0.0046869347465547,0.47224330001972703
2011-06-10,17.091520309448242,-0.0126453582805441,-1.5965236808643475
2011-06-13,17.258432388305664,0.009718405962606,1.07051546937686
2011-06-14,17.32925033569336,0.0040949864675498,0.40417492947607125
2011-06-15,17.20785903930664,-0.0070296442563608,-0.9205881569375182
2011-06-16,17.349485397338867,0.0081966455044905,0.896822903684419
2011-06-17,17.440526962280273,0.0052337878941713,0.54085833262429
2011-06-20,17.602380752563477,0.0092375291765285,1.0111766681359124
2011-06-21,17.607454299926758,0.0002881892170656,-0.064620812195854
2011-06-22,17.53156852722168,-0.0043191804764242,-0.6148243876871611
2011-06-23,17.32925033569336,-0.0116073270594709,-1.4825013268980245
2011-06-24,17.501222610473633,0.0098748973356404,1.086854363639656
2011-06-27,17.450645446777344,-0.0028941056263805,-0.4435088232085855
2011-06-28,17.61387062072754,0.009310058785693,1.013981229036343
2011-06-29,17.76691246032715,0.008651181843903,0.928617469655059
2011-06-30,17.970947265625,0.0114185361824283,1.2554421510822034
2011-07-01,18.093364715576172,0.00678886763106,0.6887596762696594
2011-07-05,18.16988945007324,0.0042205174273979,0.384961357754593
2011-07-06,18.287214279174805,0.0064363442034573,0.6669129446328856
2011-07-07,18.328025817871097,0.0022292114151814,0.15274356690994648
2011-07-08,18.21579933166504,-0.0061420411549984,-0.8747980348030142
2011-07-11,18.113773345947266,-0.0056167054231027,-0.8062316135844179
2011-07-12,18.05767059326172,-0.0031020491063722,-0.49132047818944047
2011-07-13,18.037263870239254,-0.00113072515576,-0.24893001090277914
2011-07-14,18.0423583984375,0.0002824047432737,-0.07465780328890373
2011-07-15,18.0423583984375,0.0,-0.11934638850840747
2011-07-18,17.94544219970703,-0.0053860714693618,-0.7871030595087347
2011-07-19,17.981157302856445,0.0019882268519263,0.13758581022284475
2011-07-20,17.98625373840332,0.0002833918502021,-0.0827014146748666
2011-07-21,18.093364715576172,0.0059374958181561,0.6371378881630404
2011-07-22,18.072967529296875,-0.0011279655511549,-0.2517078522852257
2011-07-25,17.868927001953125,-0.0113540325002028,-1.536246680211126
2011-07-26,17.807716369628906,-0.0034314154360113,-0.5300877481274091
2011-07-27,17.61387062072754,-0.0109451721700224,-1.4728382899302739
2011-07-28,17.64448356628418,0.0017364936030091,0.116327043122843
2011-07-29,17.53736686706543,-0.0060893346364507,-0.8789856044444151
2011-08-01,17.516963958740234,-0.001164073605086,-0.24479109425805498
2011-08-02,17.414939880371094,-0.0058413288286194,-0.8450657420897515
2011-08-03,17.496559143066406,0.0046757895640066,0.5122005207177448
2011-08-04,17.231304168701172,-0.0152765017843587,-2.04066310393136
2011-08-05,17.78731346130371,0.0317577368778492,3.920543464564832
2011-08-08,17.195589065551758,-0.0338325750410868,-4.184984919945362
2011-08-09,17.455751419067383,0.0150162873067478,1.7413024959401708
2011-08-10,16.73139190673828,-0.042382478771197,-5.011827462206481
2011-08-11,17.394535064697266,0.038869370357624,4.287769655416854
2011-08-12,17.54756736755371,0.0087592486224896,0.898402646341308
2011-08-15,17.690391540527344,0.0081063125962617,0.819793122651693
2011-08-16,17.45064926147461,-0.0136447864476987,-1.6085053787428119
2011-08-17,17.61387062072754,0.0093098401865093,0.9496228583328338
2011-08-18,17.246604919433594,-0.0210713872622925,-2.405725146654036
2011-08-19,17.062969207763672,-0.010704735918596,-1.2539060383275655
2011-08-22,17.11397361755371,0.0029847285004725,0.251184860113236
2011-08-23,17.389432907104492,0.0159674171235379,1.6654578950664214
2011-08-24,17.455751419067383,0.0038064710128889,0.33835996467256413
2011-08-25,17.14458465576172,-0.0179868283243726,-2.030382252960815
2011-08-26,17.31801414489746,0.0100648795638659,1.0328433258215068
2011-08-29,17.634279251098633,0.0180974526873881,1.8918246211279532
2011-08-30,17.705692291259766,0.0040414937673963,0.3609054636055637
2011-08-31,17.863826751708984,0.0088916300562653,0.896245510516987
2011-09-01,17.7567138671875,-0.0060141258674756,-0.733044662159156
2011-09-02,17.481245040893555,-0.0156350961565207,-1.766316415235114
2011-09-06,17.38433074951172,-0.0055593254256214,-0.6710808080059977
2011-09-07,17.741395950317383,0.0203313943449389,2.1259535098320588
2011-09-08,17.884235382080078,0.0080189566806024,0.7939253321004215
2011-09-09,17.603673934936523,-0.0158119933237172,-1.7604009391704587
2011-09-12,17.471052169799805,-0.0075622769952123,-0.8689409824816667
2011-09-13,17.46084213256836,-0.0005845682134392,-0.11945530564482237
2011-09-14,17.61387062072754,0.0087259137498913,0.8865362191365606
2011-09-15,17.8281192779541,0.0120902504421488,1.23861130513181
2011-09-16,17.884235382080078,0.0031426743403285,0.2747454748617662
2011-09-19,17.78731346130371,-0.0054341435921276,-0.6419723808786694
2011-09-20,17.608776092529297,-0.0100880569097609,-1.1344117476811815
2011-09-21,17.409839630126953,-0.0113618770124777,-1.269388441792135
2011-09-22,17.195589065551758,-0.012382641118848,-1.3689786961486945
2011-09-23,17.200695037841797,0.0002968909264848,-0.006465693528098392
2011-09-26,17.476150512695312,0.0158873314092002,1.6579704134259017
2011-09-27,17.817920684814453,0.0193676072916404,2.0065563765031706
2011-09-28,17.607023239135742,-0.0119068607567443,-1.3193447657690212
2011-09-29,17.735618591308594,0.0072770971837426,0.7133600192122532
2011-09-30,17.272682189941406,-0.0264487780049806,-2.8242699877275887
2011-10-03,17.01549530029297,-0.0150017721471067,-1.613368946763491
2011-10-04,16.902334213256836,-0.0066726856364959,-0.7348419027638153
2011-10-05,16.91775894165039,0.0009121636296154,0.06039184426751331
2011-10-06,17.26239013671875,0.0201662592923835,2.0526687668723587
2011-10-07,17.36527442932129,0.0059423352189826,0.5679721311882076
2011-10-10,17.643030166625977,0.0158683243198033,1.5885602538870858
2011-10-11,17.694473266601562,0.0029115320165799,0.24640867966122768
2011-10-12,17.79734230041504,0.0057967911884512,0.5483728675567702
2011-10-13,17.925933837890625,0.0071993448972377,0.6956343278223883
2011-10-14,18.121395111083984,0.0108448084543259,1.066117121865949
2011-10-17,17.88479232788086,-0.0131425294175893,-1.4103853606291514
2011-10-18,18.126550674438477,0.0134269904140695,1.3226830567060008
2011-10-19,17.925933837890625,-0.0111292694508063,-1.198011640656194
2011-10-20,18.033960342407227,0.0060081839473149,0.5644161693649183
2011-10-21,18.105966567993164,0.0039848625619774,0.35550474386736314
2011-10-24,18.147119522094727,0.002270315507796,0.1865281426310201
2011-10-25,17.967086791992188,-0.0099702715269524,-1.0766796531928922
2011-10-26,18.013381958007812,0.0025733512192424,0.21506944385143206
2011-10-27,18.244842529296875,0.012767515163342,1.2641212294405508
2011-10-28,18.20884132385254,-0.00197517580356,-0.2564523604458964
2011-10-31,18.095680236816406,-0.0062340143129435,-0.703258740449869
2011-11-01,17.776771545410156,-0.0177806131132976,-1.8800166714957816
2011-11-02,17.817920684814453,0.0023120951556117,0.18621404575236397
2011-11-03,18.404298782348633,0.0323795359226254,3.213453147595007
2011-11-04,18.095680236816406,-0.0169110179649393,-1.7827421111555959
2011-11-07,18.17283821105957,0.0042548245116034,0.36694592249633096
2011-11-08,18.249998092651367,0.0042369021662841,0.3589020877319824
2011-11-09,17.879640579223633,-0.0205023078060477,-2.143059045207587
2011-11-10,18.06995964050293,0.0105882033830339,0.9989400195236513
2011-11-11,18.296287536621097,0.0124473013225784,1.18115611445374
2011-11-14,18.224271774291992,-0.0039438528342493,-0.46796463052382453
2011-11-15,18.249998092651367,0.0014106559346847,0.06586844349953472
2011-11-16,18.095680236816406,-0.0084917266778874,-0.9309021146938121
2011-11-17,17.982513427734375,-0.0062734393680459,-0.7008625130819812
2011-11-18,17.88479232788086,-0.0054490483514342,-0.6196760418354459
2011-11-21,17.643030166625977,-0.0136099471390058,-1.4338863838529623
2011-11-22,17.771629333496094,0.0072625141069941,0.6664035481832441
2011-11-23,17.607023239135742,-0.0093054579629383,-1.0003108730090697
2011-11-25,17.653324127197266,0.0026262313409604,0.20162782428245637
2011-11-28,17.94651222229004,0.0164716894248093,1.5873263470581784
2011-11-29,18.17283821105957,0.0125322824602638,1.1830001311649507
2011-11-30,18.59462547302246,0.0229445125509098,2.2090882609901286
2011-12-01,18.774654388427734,0.0096352035068108,0.8747458381509461
2011-12-02,18.774654388427734,0.0,-0.08734361864980553
2011-12-05,18.77979278564453,0.00027365053332,-0.06055420710723538
2011-12-06,18.77979278564453,0.0,-0.08348778422169356
2011-12-07,18.697507858276367,-0.0043911945725299,-0.5168687408710011
2011-12-08,18.59462547302246,-0.0055176594676008,-0.6262958210105892
2011-12-09,18.877534866333008,0.0150999977711789,1.4256403874394068
2011-12-12,18.733509063720703,-0.0076587348588475,-0.8441789106961091
2011-12-13,18.661487579345703,-0.0038519363493179,-0.4580256002082865
2011-12-14,18.599767684936523,-0.0033128218799023,-0.401395869833901
2011-12-15,18.75407600402832,0.0082620250888478,0.7575739586037975
2011-12-16,18.769514083862305,0.0008228466769245,0.01540548255545576
2011-12-19,18.630634307861328,-0.0074267306582487,-0.8117415358150154
2011-12-20,18.98555564880371,0.0188712293439925,1.8086686231319067
2011-12-21,19.211868286132812,0.0118497669312159,1.1019196494217127
2011-12-22,19.191303253173828,-0.0010710071121967,-0.1824287988513082
2011-12-23,19.41247940063477,0.0114589064805025,1.0549828750129386
2011-12-27,19.391904830932617,-0.0010604251059559,-0.18579774440671856
2011-12-28,19.31414794921875,-0.0040178205076695,-0.4782950226719384
2011-12-29,19.531858444213867,0.0112090170738104,1.0285118140372336
2011-12-30,19.36598777770996,-0.0085285787270993,-0.9250216381368204
2012-01-03,19.3193302154541,-0.0024121598218345,-0.3162601757185621
2012-01-04,19.38153648376465,0.0032147250017077,0.2390872888621315
2012-01-05,19.56296730041504,0.0093174703282462,0.8381704181109223
2012-01-06,19.4644775390625,-0.0050472159188532,-0.5851331001360973
2012-01-09,19.55259704589844,0.0045169791738197,0.3594121483729547
2012-01-10,19.70810317993164,0.0079217612707416,0.6931199047279629
2012-01-11,19.66145133972168,-0.0023699461482215,-0.3232841118384611
2012-01-12,19.811784744262695,0.0076170157961744,0.6642818873076575
2012-01-13,19.57851219177246,-0.0118443016545037,-1.253067417710033
2012-01-17,19.765119552612305,0.0094860973378514,0.8446133938696077
2012-01-18,20.070960998535156,0.0153552985672674,1.4103706147284398
2012-01-19,20.06058692932129,-0.0005170032047401,-0.14831739483276363
2012-01-20,20.04504013061523,-0.0007752926770878,-0.17277832096076937
2012-01-23,19.94137382507324,-0.0051850880108267,-0.6025103057710649
2012-01-24,19.85324478149414,-0.0044292012709233,-0.5252448561501746
2012-01-25,19.88953399658203,0.0018262047239312,0.08546652392393689
2012-01-26,20.008750915527344,0.0059760600742676,0.4895513258268615
2012-01-27,19.94137382507324,-0.0033730635272756,-0.4374300282267138
2012-01-30,19.791040420532227,-0.0075673288317132,-0.8481995451853385
2012-01-31,19.85324478149414,0.0031381275607899,0.208323821647423
2012-02-01,19.94137382507324,0.0044292012709234,0.3353191047218313
2012-02-02,19.99839210510254,0.0028552154694448,0.17744369060926282
2012-02-03,20.15389633178711,0.0077457604643353,0.6594866220528947
2012-02-06,20.06058692932129,-0.0046405952458658,-0.5575539446386447
2012-02-07,19.962100982666016,-0.0049215157992414,-0.5885584767775512
2012-02-08,19.97765731811523,0.0007789900038319,-0.020089260479883513
2012-02-09,20.02948760986328,0.0025910532150435,0.1602431919453142
2012-02-10,19.99839210510254,-0.0015536926381036,-0.2525226246943111
2012-02-13,19.90509033203125,-0.0046763809774919,-0.569034293050683
2012-02-14,19.95691680908203,0.0026002958691736,0.15383789746603752
2012-02-15,19.84806251525879,-0.0054693943837648,-0.6471738058155831
2012-02-16,19.8221492767334,-0.0013064332677083,-0.22949061632139087
2012-02-17,19.70292091369629,-0.0060330683336469,-0.6977298611005837
2012-02-21,19.993200302124023,0.0146253363683764,1.3526083445296966
2012-02-22,19.692556381225582,-0.0151515151798294,-1.5939933378659485
2012-02-23,19.68737030029297,-0.0002633870298713,-0.11113296853243193
2012-02-24,19.635534286499023,-0.0026364300584419,-0.344883667803541
2012-02-27,19.651086807250977,0.0007917464587896,-0.005061821810280733
2012-02-28,19.697734832763672,0.0023710009815632,0.15276167601477414
2012-02-29,19.734027862548828,0.0018408023153311,0.09585174205116728
2012-03-01,19.70292091369629,-0.0015775538559177,-0.24509911633812434
2012-03-02,19.82733154296875,0.0062944723247068,0.5418870361946341
2012-03-05,19.879161834716797,0.0026106722995132,0.17049422874677736
2012-03-06,19.83769416809082,-0.0020881653719584,-0.3018525934699833
2012-03-07,19.609617233276367,-0.0115637526741728,-1.2404257887668415
2012-03-08,19.651086807250977,0.0021125239809346,0.12631020245045993
2012-03-09,19.67182350158691,0.0010546877682911,0.018139484253342573
2012-03-12,19.75994110107422,0.0044693787892487,0.36024800647625094
2012-03-13,19.967288970947266,0.0104386715264915,0.9494425711107379
2012-03-14,19.785858154296875,-0.0091279352449555,-1.007053683567652
2012-03-15,19.85324478149414,0.0034000109549708,0.24120953737533637
2012-03-16,19.89471435546875,0.0020866273349182,0.10766916978348115
2012-03-19,19.879161834716797,-0.0007820470637683,-0.1766708594962813
2012-03-20,19.879161834716797,0.0,-0.0995592222711275
2012-03-21,19.858423233032227,-0.0010437777500599,-0.2020931938091034
2012-03-22,19.80659294128418,-0.0026134022494675,-0.35745144036790955
2012-03-23,19.82733154296875,0.0010465077000141,0.011468550430898877
2012-03-26,20.02430725097656,0.0098855313390626,0.8929869797808011
2012-03-27,19.884347915649418,-0.0070140128016502,-0.7945120524321655
2012-03-28,19.832117080688477,-0.002630187005632,-0.35324197850745465
2012-03-29,19.748546600341797,-0.0042227995571827,-0.5084490658384662
2012-03-30,19.85300636291504,0.0052755509331749,0.43915772860751473
2012-04-02,20.046262741088867,0.0096872897090054,0.8798072207177463
2012-04-03,19.999258041381836,-0.0023475644903959,-0.3251672957032965
2012-04-04,19.96269416809082,-0.0018299347991154,-0.27284764759088104
2012-04-05,19.86867904663086,-0.0047206655690486,-0.5573084541354897
2012-04-09,19.633634567260746,-0.0119004297106264,-1.2671035828698085
2012-04-10,19.335920333862305,-0.0152796215574584,-1.5921760346861376
2012-04-11,19.257568359375,-0.0040603783066622,-0.4723468567390512
2012-04-12,19.398595809936523,0.007296537526523,0.6559229844084973
2012-04-13,19.508277893066406,0.0056382003101426,0.49224274593812256
2012-04-16,19.628419876098633,0.0061396268605385,0.5488720080058682
2012-04-17,20.09849739074707,0.0236665459021293,2.278786024725566
2012-04-18,19.973140716552734,-0.0062566487942994,-0.6883328151059506
2012-04-19,19.95224380493164,-0.0010467983604797,-0.1693101986373592
2012-04-20,20.12982940673828,0.0088611566008829,0.8110185865442471
2012-04-23,19.84256362915039,-0.0143734563493481,-1.4822499260285207
2012-04-24,20.03581428527832,0.009692077712506,0.8864580769644465
2012-04-25,20.234289169311523,0.0098572625388172,0.9026106521930282
2012-04-26,20.370092391967773,0.0066891169771472,0.5890760143862612
2012-04-27,20.579023361206055,0.0102045076395493,0.930869062535058
2012-04-30,20.82451057434082,0.0118584123882251,1.0865628365556756
2012-05-01,20.767053604125977,-0.0027629163702091,-0.34775125327513484
2012-05-02,20.735719680786133,-0.0015099679762695,-0.22300119319142286
2012-05-03,20.678266525268555,-0.0027745792008188,-0.3464453538571129
2012-05-04,20.500675201416016,-0.0086254001406601,-0.9258475756584481
2012-05-07,20.505897521972656,0.0002547065135193,-0.04310966365142054
2012-05-08,20.458887100219727,-0.0022951636544993,-0.2958469667412038
2012-05-09,20.30219459533691,-0.0076883767662695,-0.8254622183309498
2012-05-10,20.40143394470215,0.0048762014376606,0.4194380713532213
2012-05-11,20.3909912109375,-0.0005119937808514,-0.10958422168466155
2012-05-14,20.3909912109375,0.0,-0.057062236918611405
2012-05-15,20.276079177856445,-0.0056513703997134,-0.622212469348022
2012-05-16,20.166393280029297,-0.0054243056916344,-0.594420121431289
2012-05-17,20.030590057373047,-0.0067569119901542,-0.7233281115722806
2012-05-18,20.10371971130371,0.003644250282898,0.3126607005375747
2012-05-21,20.15595054626465,0.0025946990588991,0.20993129001255753
2012-05-22,20.270856857299805,0.0056846744946273,0.5132215457047598
2012-05-23,20.056716918945312,-0.0106201256848993,-1.1078122489876776
2012-05-24,20.208181381225582,0.0075234352057238,0.6918143867170801
2012-05-25,20.145503997802734,-0.0031064044453876,-0.3655316966061295
2012-05-29,20.18729019165039,0.0020720711092841,0.15198968647539482
2012-05-30,20.06192970275879,-0.0062292334901126,-0.6715169552580784
2012-05-31,19.98881149291992,-0.0036512827922521,-0.41583770178335716
2012-06-01,19.623193740844727,-0.0184604709136592,-1.8810130419487896
2012-06-04,19.66498374938965,0.0021273587615973,0.1599360844625221
2012-06-05,19.63886451721191,-0.0013290930621097,-0.1839979876242719
2012-06-06,19.837345123291016,0.0100557921034676,0.9431876968379626
2012-06-07,19.926136016845703,0.0044659591456812,0.38620818414675345
2012-06-08,19.973140716552734,0.0023561690988429,0.17763519754471582
2012-06-11,19.920909881591797,-0.0026184788970243,-0.3215657334573514
2012-06-12,20.05148696899414,0.0065333861447012,0.5924050892601432
2012-06-13,20.077598571777344,0.0013013805879963,0.07156841575079222
2012-06-14,20.22385025024414,0.0072579187475419,0.6604770199550197
2012-06-15,20.182065963745117,-0.0020682268988683,-0.26660520047370617
2012-06-18,20.35965156555176,0.0087606913782342,0.8132262297542664
2012-06-19,20.370092391967773,0.0005126880569443,-0.006679207960254647
2012-06-20,20.38054656982422,0.0005130804498838,-0.0067292083367257415
2012-06-21,20.26563262939453,-0.0056543689400308,-0.6225924613983752
2012-06-22,20.291749954223633,0.0012879198200427,0.06632435610641303
2012-06-25,20.166393280029297,-0.0061968773318676,-0.6781017929518889
2012-06-26,19.722427368164062,-0.0222610866233958,-2.259090623109059
2012-06-27,19.69085693359375,-0.0016020203280014,-0.2033306696411991
2012-06-28,19.84349250793457,0.007721707067459,0.7245768377696334
2012-06-29,20.327730178833008,0.0241098525240954,2.329902701131582
2012-07-02,20.464588165283203,0.0067100133309238,0.613667587703046
2012-07-03,20.638282775878903,0.0084517524233747,0.7830659607004244
2012-07-05,20.564592361450195,-0.0035769587803395,-0.3985348566755949
2012-07-06,20.517223358154297,-0.0023060823120199,-0.27145256815727287
2012-07-09,20.543533325195312,0.0012815141642225,0.07934835783891742
2012-07-10,20.743553161621097,0.0096892960151118,0.9020050591598827
2012-07-11,20.722492218017575,-0.001015816445563,-0.15399554850907357
2012-07-12,20.585643768310547,-0.0066257625566799,-0.7042467642489739
2012-07-13,20.901458740234375,0.015225024324786,1.4361149817274719
2012-07-16,20.833036422729492,-0.0032789364548827,-0.37749285382583664
2012-07-17,20.948829650878903,0.0055427646241333,0.4834075806727238
2012-07-18,21.038312911987305,0.0042624189752204,0.3568677706156441
2012-07-19,21.15937232971191,0.0057377436299895,0.4991662473388607
2012-07-20,21.13831329345703,-0.0009957536770472,-0.1581661338523466
2012-07-23,20.633018493652344,-0.0241945576990395,-2.3961652264198032
2012-07-24,20.538280487060547,-0.0046021464538557,-0.500724333163871
2012-07-25,20.44353485107422,-0.0046237973601581,-0.5022648194398885
2012-07-26,20.727760314941406,0.0138071915429095,1.277234906005631
2012-07-27,20.74881935119629,0.0010154664745269,0.03613525803072612
2012-07-30,20.790931701660156,0.002027569440048,0.1313388999529747
2012-07-31,20.901458740234375,0.0053020369581553,0.44673578579526135
2012-08-01,20.7330265045166,-0.0080910405685947,-0.8522379537561553
2012-08-02,20.49616813659668,-0.0114899636433978,-1.1729270304587174
2012-08-03,21.32254409790039,0.0395269728417013,3.6598209246330655
2012-08-06,21.36991310119629,0.0022190815821796,0.14353237988183742
2012-08-07,21.51202964782715,0.0066282942346144,0.5648514474853935
2012-08-08,21.633092880249023,0.0056119228805126,0.47011324720185826
2012-08-09,21.617307662963867,-0.0007299455167022,-0.1791283130139836
2012-08-10,21.538347244262695,-0.0036593353516428,-0.4766249326656808
2012-08-13,21.58044815063477,0.0019527873803237,0.11985451773700091
2012-08-14,21.527822494506836,-0.002441558498314,-0.34136269587967444
2012-08-15,21.42255210876465,-0.0049019640695504,-0.6082265019926664
2012-08-16,21.42255210876465,0.0,-0.08279749400672014
2012-08-17,21.317283630371097,-0.004926022266614,-0.6209677716083463
2012-08-20,21.459394454956055,0.0066443376981089,0.6189327613559914
2012-08-21,21.63835906982422,0.0083051031155886,0.7949726414408564
2012-08-22,21.585718154907227,-0.0024357230655836,-0.3568453436102044
2012-08-23,21.727832794189453,0.0065621564681245,0.6165211168609795
2012-08-24,22.03837776184082,0.0141913213642491,1.4349505636141722
2012-08-27,21.964691162109375,-0.0033491604295403,-0.46750383449194405
2012-08-28,22.03312110900879,0.0031106093027741,0.24422183618149673
2012-08-29,21.933109283447266,-0.0045494916062353,-0.5918528379754735
2012-08-30,21.76467514038086,-0.0077090854585207,-0.9308190003066866
2012-08-31,21.848894119262695,0.0038620587579566,0.33338186357887206
2012-09-04,22.02259635925293,0.0079187256133238,0.7722698568889176
2012-09-05,21.933109283447266,-0.0040716989127596,-0.5510102173403643
2012-09-06,22.26997756958008,0.0152421394947701,1.5888172622948347
2012-09-07,21.048845291137695,-0.0563937709694894,-5.874741928129013
2012-09-10,21.16463851928711,0.0054860915573934,0.4923353485434634
2012-09-11,20.933040618896484,-0.011002993118721,-1.2117437881503696
2012-09-12,20.833036422729492,-0.0047887852708377,-0.5672016140114007
2012-09-13,21.12252426147461,0.0137999553885987,1.3483303371697486
2012-09-14,21.017257690429688,-0.0049960766349621,-0.583578725672835
2012-09-17,21.049072265625,0.0015125912478862,0.0894736715481662
2012-09-18,21.43612289428711,0.0182209984302061,1.7957598752857264
2012-09-19,21.653505325317383,0.0100898654378923,0.9528614717605748
2012-09-20,22.056455612182617,0.0184379804378643,1.7928969067437595
2012-09-21,22.15188980102539,0.0043174806112695,0.34057152115241995
2012-09-24,22.07237243652344,-0.0035961007000016,-0.4712773790390897
2012-09-25,21.929203033447266,-0.0065074900970995,-0.7640525225910503
2012-09-26,21.88149070739746,-0.002178114101321,-0.310924791271971
2012-09-27,21.844377517700195,-0.0016975396997699,-0.2661080862702092
2012-09-28,21.92391014099121,0.0036342619317975,0.291302229981261
2012-10-01,22.54424095153809,0.0279018146393024,2.8013333490742873
2012-10-02,22.276226043701172,-0.0119596300696097,-1.362193158881035
2012-10-03,22.133075714111328,-0.0064468847618996,-0.7859685168498387
2012-10-04,22.315994262695312,0.0082305245656146,0.7448583667923201
2012-10-05,22.11716651916504,-0.0089495803189321,-1.0435053810804233
2012-10-08,21.910390853881836,-0.0093930800587552,-1.0817519832942746
2012-10-09,21.7592830657959,-0.0069205184107583,-0.8159185314586779
2012-10-10,21.671804428100582,-0.0040283935329742,-0.5084279629150897
2012-10-11,21.663854598999023,-0.00036689550219,-0.12073079755285793
2012-10-12,21.647945404052734,-0.0007346356263498,-0.15625831542413662
2012-10-15,21.647945404052734,0.0,-0.07450218923072373
2012-10-16,21.608184814453125,-0.0018383799288934,-0.2744757177595573
2012-10-17,21.83087158203125,0.0102529261374611,1.010396296494137
2012-10-18,21.807008743286133,-0.0010936755381243,-0.19933961528643604
2012-10-19,21.480934143066406,-0.0150656624453388,-1.6703684221985104
2012-10-22,21.47298812866211,-0.0003699785293026,-0.11097213073374015
2012-10-23,21.218494415283203,-0.0119225996785477,-1.325123970983577
2012-10-24,21.09920310974121,-0.0056379069987926,-0.6640684999008478
2012-10-25,21.051477432250977,-0.0022645279872909,-0.30504207985384046
2012-10-26,21.15485954284668,0.0048989002487541,0.45752636630923316
2012-10-31,21.11509895324707,-0.0018812699487239,-0.26198693066696394
2012-11-01,21.313920974731445,0.0093720513516379,0.9249737816951242
2012-11-02,20.900360107421875,-0.0195940372798363,-2.142597064192506
2012-11-05,21.003753662109375,0.0049347787225096,0.4532149741530627
2012-11-06,21.067378997802734,0.0030246575348622,0.2694833550529901
2012-11-07,20.876514434814453,-0.0091010092188885,-1.0522610783268032
2012-11-08,20.76517105102539,-0.0053477013640959,-0.6393000422005396
2012-11-09,20.69359016418457,-0.0034531161023764,-0.42986368567669236
2012-11-12,20.6458740234375,-0.0023085041316069,-0.31646660152899525
2012-11-13,20.47091484069824,-0.0085104038302432,-0.990242589462292
2012-11-14,20.001680374145508,-0.023188801720784,-2.563357509209638
2012-11-15,19.969877243041992,-0.001591288391565,-0.2128592256513476
2012-11-16,20.32775497436523,0.0177621920022355,1.8747882794538289
2012-11-19,20.54248809814453,0.0105081391033073,1.0815545886647822
2012-11-20,20.311847686767575,-0.0112909857537873,-1.2700889640215505
2012-11-21,20.20846366882324,-0.0051028355320906,-0.6027817371474571
2012-11-23,20.375471115112305,0.0082302709137207,0.8289394631486199
2012-11-26,20.287994384765625,-0.0043024795950781,-0.5228071840206604
2012-11-27,20.09712600708008,-0.0094524813592788,-1.0803485105317352
2012-11-28,20.40728759765625,0.0153152521167484,1.5881324101868817
2012-11-29,20.50272750854492,0.0046658542553119,0.44823847213001317
2012-11-30,20.5902042388916,0.0042575138235926,0.40880620071723295
2012-12-03,20.41524124145508,-0.0085336987406421,-0.977485146169057
2012-12-04,20.478858947753903,0.0031113416030735,0.30427529158355077
2012-12-05,20.27207946777344,-0.0101485395306975,-1.1466373885544388
2012-12-06,20.29594039916992,0.0011763420658078,0.09524002230733207
2012-12-07,20.343660354614254,0.002348447154565,0.22276679154760648
2012-12-10,20.62996482849121,0.0139752893426189,1.4842340962258374
2012-12-11,20.781078338623047,0.0072982552151891,0.7489590198416503
2012-12-12,20.70949935913086,-0.003450376180659,-0.4190146634262525
2012-12-13,20.757219314575195,0.0023016036974483,0.2082302654970152
2012-12-14,20.70949935913086,-0.0023016036974483,-0.29846566274789815
2012-12-17,20.717451095581055,0.0003838919573162,-0.004838314927372593
2012-12-18,20.5902042388916,-0.006160952886572,-0.7186470287386777
2012-12-19,20.62996482849121,0.0019291818947257,0.170986767824689
2012-12-20,20.73335838317871,0.0049992970584585,0.5038237799130203
2012-12-21,20.486812591552734,-0.0119625283394136,-1.3569155426821466
2012-12-24,20.41524124145508,-0.0034996493544128,-0.41507994827623496
2012-12-26,20.192556381225582,-0.0109677010574662,-1.235655141044441
2012-12-27,20.27249526977539,0.0039510139875665,0.4192159676369863
2012-12-28,20.192556381225582,-0.0039510139875666,-0.45593623760163804
2012-12-31,20.344438552856445,0.0074935442353205,0.807391792813192
2013-01-02,21.319692611694336,0.0468235966035078,4.909384074799256
2013-01-03,21.29570770263672,-0.0011256452556242,-0.1589930240386066
2013-01-04,21.37564468383789,0.0037466389152826,0.35394706408857907
2013-01-07,21.311702728271484,-0.0029958293155259,-0.356807017206306
2013-01-08,21.32769203186035,0.0007499780157888,0.043162829822675046
2013-01-09,21.62346076965332,0.013772548287071,1.4107413367018993
2013-01-10,21.831300735473633,0.0095658815514882,0.9628344054174319
2013-01-11,21.919235229492188,0.0040198187514613,0.3798530576830906
2013-01-14,21.96719741821289,0.0021857419216792,0.18432644508547713
2013-01-15,22.15105438232422,0.0083347830416591,0.833095474534005
2013-01-16,22.23898696899414,0.0039618211206418,0.36598510644829585
2013-01-17,22.430843353271484,0.0085900287789843,0.8567448548696125
2013-01-18,22.44682884216309,0.0007124027956737,0.028578574269333374
2013-01-22,22.031147003173828,-0.01869212499594,-2.01300823545303
2013-01-23,22.215007781982425,0.0083108617224984,0.8333590904002466
2013-01-24,22.246984481811523,0.0014383838291618,0.10596485904318145
2013-01-25,22.20701026916504,-0.0017984535988233,-0.2367853097514558
2013-01-28,22.23098945617676,0.0010792200138321,0.06730735179522138
2013-01-29,22.246984481811523,0.0007192335849911,0.03152827071092403
2013-01-30,22.16704559326172,-0.0035997172395796,-0.42460980177988744
2013-01-31,22.215007781982425,0.0021613334104177,0.1801249185251538
2013-02-01,22.558740615844727,0.0153545146150378,1.5631126917545328
2013-02-04,22.28695297241211,-0.0121211625608943,-1.3183874434957341
2013-02-05,22.342912673950195,0.0025077257147753,0.21701780257825895
2013-02-06,22.382875442504883,0.0017870128564506,0.14402391263325667
2013-02-07,22.414854049682617,0.0014276889910294,0.10379618669919055
2013-02-08,22.191028594970703,-0.0100357764501145,-1.097233342714528
2013-02-11,22.183034896850582,-0.0003602869594334,-0.08141319077888638
2013-02-12,22.12707138061523,-0.0025259946632433,-0.30652345075757287
2013-02-13,22.183034896850582,0.0025259946632432,0.22187987239321627
2013-02-14,21.239755630493164,-0.0434531117458547,-4.407231711494421
2013-02-15,21.35965919494629,0.0056293675200661,0.5401607191570026
2013-02-19,21.551513671875,0.008941995405313,0.8675160818147277
2013-02-20,21.60747337341309,0.0025931902821727,0.22665137788406134
2013-02-21,21.43960189819336,-0.0077994765104857,-0.818661936690511
2013-02-22,21.39963150024414,-0.0018660655841437,-0.21582143420504804
2013-02-25,21.175798416137695,-0.0105147568347822,-1.0943225174582305
2013-02-26,21.54352569580078,0.0172163942317096,1.6979167522888186
2013-02-27,22.03914451599121,0.0227448288057559,2.222677813726684
2013-02-28,22.0950984954834,0.0025356279230568,0.20647297201282416
2013-03-01,22.23098945617676,0.0061314405445118,0.5632544988152907
2013-03-04,22.606708526611328,0.0167594627563573,1.6082947959194953
2013-03-05,22.790565490722656,0.0080999563659768,0.7450992149359777
2013-03-06,22.798568725585938,0.0003511027389782,-0.020121550492582817
2013-03-07,22.822540283203125,0.0010508977245039,0.04985677558725372
2013-03-08,22.846521377563477,0.001050211924328,0.04856072281108927
2013-03-11,22.72661590576172,-0.0052621239454087,-0.5809934098560908
2013-03-12,22.550750732421875,-0.0077683872018409,-0.8250261512362648
2013-03-13,22.75859260559082,0.0091744137385354,0.8517202829613718
2013-03-14,22.806556701660156,0.0021052982164841,0.15225808984899752
2013-03-15,22.71063232421875,-0.0042148700964777,-0.4690502812491262
2013-03-18,22.630685806274418,-0.0035264347879677,-0.4035343452392341
2013-03-19,22.654672622680664,0.0010593630913686,0.053245183503855285
2013-03-20,22.934457778930664,0.0122743586673521,1.1611317318207328
2013-03-21,22.83053970336914,-0.0045413857699341,-0.5045353714532754
2013-03-22,23.765825271606445,0.0401495354514701,3.794734267717407
2013-03-25,23.885726928710938,0.0050324450984442,0.41356938915383457
2013-03-26,24.213481903076172,0.0136285005638252,1.2306986395658825
2013-03-27,24.471498489379883,0.0105995319255018,0.9349052711071969
2013-03-28,24.6892032623291,0.008856919789374,0.768694385568259
2013-04-01,24.73758125305176,0.0019575623478605,0.10460193995910315
2013-04-02,24.83434295654297,0.0039038963253757,0.2887530115461449
2013-04-03,24.423118591308594,-0.0166973248885673,-1.6732836135227258
2013-04-04,24.415056228637695,-0.0003301664230435,-0.10983543390754398
2013-04-05,24.213476181030273,-0.0082906553930539,-0.8626314550802887
2013-04-08,24.310232162475582,0.0039879932092156,0.3066248013888244
2013-04-09,24.29410743713379,-0.0006635097222263,-0.13768077975480408
2013-04-10,24.374740600585938,0.0033135461585701,0.23890920886454609
2013-04-11,24.471498489379883,0.0039617385964951,0.29560390180814644
2013-04-12,24.632762908935547,0.0065682690152577,0.5391174966330537
2013-04-15,24.342485427856445,-0.0118541871709016,-1.2259551643967952
2013-04-16,24.6972599029541,0.0144691071362133,1.292280892821714
2013-04-17,24.044153213500977,-0.0268004450070092,-2.6076129663619985
2013-04-18,24.26991844177246,0.0093458019083988,0.801897447907199
2013-04-19,25.55194854736328,0.0514759185479299,4.60108983234099
2013-04-22,25.422941207885746,-0.0050616142782006,-0.5482867732455272
2013-04-23,25.689027786254883,0.0104120028035475,0.8559023887563482
2013-04-24,25.366498947143555,-0.0126346019818431,-1.2302938109707207
2013-04-25,25.543886184692383,0.0069686353754224,0.5434185136693735
2013-04-26,25.44713592529297,-0.0037948003982004,-0.43242250001368215
2013-04-29,25.495512008666992,0.0018992376673547,0.08964360316896036
2013-04-30,25.35844039916992,-0.0053908077920319,-0.571355509246231
2013-05-01,25.366498947143555,0.0003177351474552,-0.04682139846908879
2013-05-02,25.334247589111328,-0.0012722243590323,-0.18775431133012985
2013-05-03,25.584203720092773,0.0098179788418693,0.8224025768274147
2013-05-06,25.116552352905273,-0.0184480337697318,-1.7465724216399692
2013-05-07,25.326190948486328,0.008311990539733,0.6821271127377049
2013-05-08,24.931095123291016,-0.0157232511222586,-1.4946527932242535
2013-05-09,24.656951904296875,-0.01105693925816,-1.0654577505496168
2013-05-10,24.6972599029541,0.0016334171347577,0.08011542185724456
2013-05-13,24.858530044555664,0.0065086526151624,0.5160391061757564
2013-05-14,25.14073181152344,0.0112883571941907,0.9446321156586656
2013-05-15,25.398757934570312,0.0102109604286111,0.8423124046539808
2013-05-16,25.366498947143555,-0.0012709082451411,-0.19274910282648952
2013-05-17,25.398757934570312,0.0012709082451412,0.03402456072827898
2013-05-20,24.83434295654297,-0.0224727807559233,-2.085597604502107
2013-05-21,25.003662109375,0.0067948066562664,0.5296511033940252
2013-05-22,25.616458892822266,0.0242127718829168,2.0644932661908775
2013-05-23,25.181055068969727,-0.017143141588876,-1.5925146681347015
2013-05-24,24.955284118652344,-0.0090063407131669,-0.8675369533445639
2013-05-28,25.22136116027832,0.0106057124463453,0.8561289289739114
2013-05-29,24.415056228637695,-0.0324912999950964,-2.8876159477283885
2013-05-30,23.86676788330078,-0.0227129743376135,-2.015325622910605
2013-05-31,23.770008087158203,-0.0040624046124579,-0.4058370861179953
2013-06-03,23.97964859008789,0.0087808736029487,0.695322444257749
2013-06-04,23.84258270263672,-0.0057323240289141,-0.5537935720015089
2013-06-05,23.761945724487305,-0.003387789268669,-0.35894439610380013
2013-06-06,23.61680793762207,-0.0061267226191663,-0.5927662210432855
2013-06-07,24.076412200927734,0.0192739550780189,1.5891429930056458
2013-06-10,23.85063934326172,-0.0094215905412734,-0.8735154265335077
2013-06-11,24.028032302856445,0.0074101375505069,0.5733815201331203
2013-06-12,23.81032371520996,-0.0091019051976624,-0.8415610753749557
2013-06-13,24.165103912353516,0.0147903492326337,1.201091478776588
2013-06-14,24.036083221435547,-0.0053534365739339,-0.5200737476953474
2013-06-17,24.463436126708984,0.0176234309846793,1.4361949653012969
2013-06-18,24.592439651489254,0.0052594646454872,0.3824977536820525
2013-06-19,23.81032371520996,-0.0323198082888662,-2.770143071360835
2013-06-20,22.850811004638672,-0.0411326469185225,-3.41455982699532
2013-06-21,23.26203155517578,0.0178358751729232,1.4153544500661204
2013-06-24,23.092708587646484,-0.0073055622828788,-0.6373933465630179
2013-06-25,23.076583862304688,-0.0006985043582763,-0.0992314762706045
2013-06-26,23.26203155517578,0.0080040666411552,0.6095134141230624
2013-06-27,23.610313415527344,0.0148611412757448,1.1603595704600018
2013-06-28,23.108137130737305,-0.0214988134616159,-1.8044715217793672
2013-07-01,23.52931785583496,0.0180623996750046,1.4097917452271378
2013-07-02,23.310630798339844,-0.0093376979594305,-0.8098653293467676
2013-07-03,23.148643493652344,-0.0069733315284566,-0.611927321461133
2013-07-05,23.310630798339844,0.0069733315284567,0.527546811923106
2013-07-08,23.286333084106445,-0.0010428883949139,-0.12445245321496823
2013-07-09,23.521223068237305,0.0100364973165336,0.7763548022854349
2013-07-10,23.610313415527344,0.0037805028244221,0.26330853699819823
2013-07-11,24.43647193908691,0.0343931421684905,2.7125072943441935
2013-07-12,24.590360641479492,0.0062777544332719,0.4511881972220474
2013-07-15,24.44457244873047,-0.0059463167637557,-0.5313697602157216
2013-07-16,24.1934814453125,-0.0103249704271066,-0.8818507581667336
2013-07-17,24.703765869140625,0.0208724612358041,1.6210921578583732
2013-07-18,24.7685546875,0.0026191961350922,0.15504395407935115
2013-07-19,24.857654571533203,0.0035908436732335,0.23366381723045332
2013-07-22,24.86575508117676,0.0003258227773112,-0.027083044630439847
2013-07-23,25.17353630065918,0.0123017369919077,0.9306634371238488
2013-07-24,24.94675064086914,-0.0090497170463165,-0.7770515134613744
2013-07-25,25.222131729125977,0.0109782734254062,0.8204370284372919
2013-07-26,25.57851219177246,0.0140307792037374,1.0584791695254097
2013-07-29,25.60281753540039,0.0009497738954649,0.0045683227789199005
2013-07-30,25.14923667907715,-0.0178748600533031,-1.4965150639444855
2013-07-31,25.327430725097656,0.0070604814238916,0.5030129476282222
2013-08-01,25.68381690979004,0.0139730745591613,1.051531689922754
2013-08-02,25.870105743408203,0.0072269823455141,0.5106965030570432
2013-08-05,25.732410430908203,-0.0053367800455926,-0.49602043633554177
2013-08-06,25.80530548095703,0.0028288059479857,0.15362773619384854
2013-08-07,25.31932830810547,-0.0190120407753957,-1.6030400695211469
2013-08-08,26.48567008972168,0.0450357665939882,3.5070334642388237
2013-08-09,26.048290252685547,-0.016651702650993,-1.3772921309322856
2013-08-12,25.82150650024414,-0.0087444027820983,-0.7466668430619021
2013-08-13,25.983497619628903,0.0062538996033146,0.43645050244070127
2013-08-14,25.594717025756836,-0.0150756655646995,-1.241708551175022
2013-08-15,25.246437072753903,-0.0137009242722846,-1.1256622175805973
2013-08-16,25.076337814331055,-0.0067603547949286,-0.5785472062259145
2013-08-19,24.833354949951172,-0.0097369777556417,-0.8100767933699331
2013-08-20,24.9062557220459,0.0029312985489778,0.18309140184668315
2013-08-21,24.71995735168457,-0.0075080984013125,-0.6349693980883993
2013-08-22,25.18973922729492,0.0188258307471651,1.4215330896949523
2013-08-23,25.367931365966797,0.0070490936168571,0.5016795678117538
2013-08-26,24.873855590820312,-0.0196685561093995,-1.573735144092886
2013-08-27,24.86575508117676,-0.0003257166514064,-0.06700555224347457
2013-08-28,24.7442569732666,-0.0048981383310087,-0.4177388706729134
2013-08-29,24.86575508117676,0.0048981383310086,0.34350360615724673
2013-08-30,24.841455459594727,-0.0009777102055566,-0.11335006287550108
2013-09-03,24.93865394592285,0.0039051183700286,0.26479114648445196
2013-09-04,25.01154327392578,0.0029184821600835,0.18470098003146673
2013-09-05,24.898149490356445,-0.0045439662076948,-0.39500645901974113
2013-09-06,25.060144424438477,0.0064852295447036,0.46612789315987485
2013-09-09,25.19783592224121,0.0054794021309707,0.38465392370970897
2013-09-10,25.14113998413086,-0.0022525671634246,-0.21389521989050206
2013-09-11,25.34362411499023,0.0080216366357721,0.5935649411386499
2013-09-12,25.327430725097656,-0.0006391574240939,-0.11016520101535099
2013-09-13,25.554214477539062,0.0089142264676208,0.6626436257281748
2013-09-16,25.80530548095703,0.0097778563394475,0.7279120505044329
2013-09-17,25.902496337890625,0.0037592381796255,0.24099117801524533
2013-09-18,26.509963989257812,0.0231813141534553,1.8075260596954892
2013-09-19,26.68006134033203,0.0063958582409971,0.4427898792895791
2013-09-20,26.16168212890625,-0.0196206940722391,-1.6541948330955962
2013-09-23,25.878204345703125,-0.01089474271991,-0.9396722413915852
2013-09-24,25.959199905395508,0.003124987710182,0.20155381248443452
2013-09-25,25.99968910217285,0.0015585092655453,0.0750680778998271
2013-09-26,26.007823944091797,0.0003128333392157,-0.027517377062285436
2013-09-27,25.86953353881836,-0.0053314486146169,-0.4871834153251748
2013-09-30,25.56040382385254,-0.0120215366260578,-1.0263243202714325
2013-10-01,25.096704483032227,-0.018307886418788,-1.524446565083571
2013-10-02,24.933996200561523,-0.006504360478056,-0.5667577095259854
2013-10-03,24.844511032104492,-0.00359533741872,-0.32475818470812196
2013-10-04,25.104841232299805,0.0104238611958493,0.8122519191357298
2013-10-07,25.02349090576172,-0.0032456854031872,-0.3048710339240874
2013-10-08,24.96653938293457,-0.0022785162216364,-0.22262804463222463
2013-10-09,24.90146255493164,-0.0026099648037031,-0.2520394797699548
2013-10-10,25.381427764892575,0.019091177324329,1.5093083854192886
2013-10-11,25.096704483032227,-0.0112811741948756,-0.96508720629574
2013-10-14,24.95840835571289,-0.0055257683529959,-0.4956651374813395
2013-10-15,24.860782623291016,-0.0039192068544593,-0.3635828146638641
2013-10-16,25.576671600341797,0.0283891036053977,2.2349893576568696
2013-10-17,26.26815414428711,0.0266766660320118,2.0704530428009895
2013-10-18,26.398317337036133,0.0049429344365266,0.3314629524727779
2013-10-21,26.43085289001465,0.001231726977809,0.037834247339008774
2013-10-22,27.057260513305664,0.0234233822545417,1.7936547797872249
2013-10-23,26.935226440429688,-0.0045204171012124,-0.43187278370156434
2013-10-24,27.04912376403809,0.0042196485528204,0.2632815479242892
2013-10-25,27.23622131347656,0.0068931417864383,0.4711783515686392
2013-10-28,27.3094482421875,0.0026849784153055,0.13267937042161665
2013-10-29,27.577905654907227,0.0097822006131392,0.6951438455356367
2013-10-30,27.52909278869629,-0.0017715673274163,-0.224804339678266
2013-10-31,27.374528884887695,-0.0056303867548039,-0.5313517368984623
2013-11-01,27.325706481933594,-0.0017850897931705,-0.22123619691668492
2013-11-04,27.341981887817383,0.0005954305678543,-0.03778155077338891
2013-11-05,27.20368194580078,-0.005070989283504,-0.4893098493494155
2013-11-06,27.20368194580078,0.0,-0.0814071252891304
2013-11-07,26.105453491210938,-0.0412080912694134,-3.307832443054281
2013-11-08,26.58541679382324,0.0182185860891091,1.3502695495047625
2013-11-11,26.33323097229004,-0.0095311479518538,-0.8205851392469666
2013-11-12,26.382043838500977,0.0018519444444614,0.06878902964929527
2013-11-13,27.09793281555176,0.0267738239996671,1.994215809532199
2013-11-14,27.78941535949707,0.0251977606243825,1.8572536207242667
2013-11-15,27.69993019104004,-0.0032253127205847,-0.35159127660119893
2013-11-18,27.6267147064209,-0.002646664278788,-0.30125712675816285
2013-11-19,27.431472778320312,-0.0070922329776775,-0.6425453143676324
2013-11-20,27.24435806274414,-0.0068445396508395,-0.6252951026006135
2013-11-21,27.537221908569336,0.0106921573289365,0.7383860703598382
2013-11-22,27.569766998291016,0.0011811602902284,-0.0014670060856841068
2013-11-25,27.341981887817383,-0.0082964546441244,-0.7395645956210766
2013-11-26,27.569766998291016,0.0082964546441245,0.5497552677751216
2013-11-27,27.64297866821289,0.0026519859480418,0.11329098734512684
2013-11-29,27.276899337768555,-0.0133315937945401,-1.1292028273580632
2013-12-02,27.20368194580078,-0.0026878360811302,-0.2961039958838111
2013-12-03,27.577905654907227,0.0136626025910402,0.9726430901740323
2013-12-04,27.8789005279541,0.0108552168587276,0.7504469904255675
2013-12-05,27.98465919494629,0.0037863248910511,0.1956289458386138
2013-12-06,28.545970916748047,0.0198593282503811,1.4381277155596537
2013-12-09,28.22057342529297,-0.0114645363492379,-0.9899302137720597
2013-12-10,27.70806312561035,-0.0183278076345638,-1.5083311312672012
2013-12-11,27.72433280944824,0.0005870099616165,-0.04309992912909994
2013-12-12,27.64297866821289,-0.0029387086933448,-0.3161338539526507
2013-12-13,27.537221908569336,-0.0038331462382704,-0.38336849430146
2013-12-16,27.537221908569336,0.0,-0.0875006008581353
2013-12-17,27.6267147064209,0.0032446152995806,0.16269336905185142
2013-12-18,28.179895401000977,0.0198255659145194,1.4327484598311393
2013-12-19,28.00905990600586,-0.0060807687368059,-0.5621097634695295
2013-12-20,28.204299926757812,0.0069464200825044,0.44110745425031345
2013-12-23,28.228702545166016,0.0008648350738139,-0.03143944896357147
2013-12-24,28.244977951049805,0.0005763890786423,-0.05497230411761293
2013-12-26,28.399545669555664,0.0054574773433978,0.317444321510501
2013-12-27,28.513893127441406,0.0040182991632259,0.2061042441995133
2013-12-30,28.693580627441406,0.0062819795780824,0.3780745659889816
2013-12-31,28.83243751525879,0.0048276297224725,0.26647638488859215
2014-01-02,28.432220458984375,-0.013978030666386,-1.196560209244715
2014-01-03,28.383203506469727,-0.0017254809083498,-0.2267554069996127
2014-01-06,28.203508377075195,-0.0063511636370859,-0.5892652356486693
2014-01-07,28.432220458984375,0.0080766445454359,0.5480527965883748
2014-01-08,28.440383911132812,0.0002870785431727,-0.06758979483072133
2014-01-09,28.88144874572754,0.0153893732632745,1.12516720942509
2014-01-10,29.240827560424805,0.012366459729,0.8848451982873434
2014-01-13,28.750770568847656,-0.0169013675423008,-1.4139200214797376
2014-01-14,28.91411590576172,0.0056653462374228,0.35972050415529605
2014-01-15,29.15915870666504,0.0084391402705425,0.5777757465478157
2014-01-16,29.15915870666504,0.0,-0.08453812520059986
2014-01-17,28.791608810424805,-0.0126850718478761,-1.073641558712912
2014-01-21,28.13817596435547,-0.0229567543836497,-1.859671332835984
2014-01-22,28.13817596435547,0.0,-0.0760492077936894
2014-01-23,28.13817596435547,0.0,-0.07351381472661088
2014-01-24,27.484750747680664,-0.0234958969510681,-1.8936105532814693
2014-01-27,27.452075958251953,-0.0011895406138594,-0.1580426559440101
2014-01-28,27.55008316040039,0.003563762130303,0.21106073730080532
2014-01-29,26.945661544799805,-0.022183251364708,-1.773982595523104
2014-01-30,26.89665985107422,-0.0018201929628654,-0.20010324842706817
2014-01-31,26.757810592651367,-0.0051756942983526,-0.45715397657034174
2014-02-03,26.202394485473633,-0.020975616328438,-1.6623530515472484
2014-02-04,26.14522171020508,-0.0021843515390517,-0.21757269815922525
2014-02-05,26.21056365966797,0.0024960749963641,0.143805567729116
2014-02-06,26.708805084228516,0.0188307668531263,1.3943505296026324
2014-02-07,26.89665985107422,0.0070088203163517,0.4831959346125092
2014-02-10,27.051847457885746,0.0057531910557387,0.38226490953092596
2014-02-11,27.182531356811523,0.0048192366063761,0.30875411339600006
2014-02-12,27.1253604888916,-0.0021054357698713,-0.22419457190905248
2014-02-13,27.778791427612305,0.0238037295689073,1.752133661985451
2014-02-14,27.868621826171875,0.0032285589333507,0.1683831007557382
2014-02-18,27.925811767578125,0.0020500239092494,0.07724265467407623
2014-02-19,27.98298454284668,0.0020452164586108,0.07906866063862132
2014-02-20,28.162675857543945,0.0064009195702048,0.419109568918827
2014-02-21,28.015655517578125,-0.0052340705751904,-0.4934727113008193
2014-02-24,28.097335815429688,0.0029112814555665,0.14350637409709477
2014-02-25,27.729782104492188,-0.0131677591628703,-1.1151350264874984
2014-02-26,27.70527458190918,-0.000884188657668,-0.14790050564909474
2014-02-27,27.648099899291992,-0.0020658073147694,-0.23435196012465104
2014-02-28,27.795116424560547,0.0053033312130943,0.3470513896940731
2014-03-03,27.607267379760746,-0.0067812881600736,-0.6034498850326854
2014-03-04,28.02383041381836,0.0149761854907188,1.1162033170433137
2014-03-05,28.0401611328125,0.0005825742693484,-0.018980437491379416
2014-03-06,28.48939514160156,0.0158941090495824,1.1836806678071692
2014-03-07,28.652751922607425,0.0057175739596213,0.3795866030669643
2014-03-10,28.652751922607425,0.0,-0.07084382560969796
2014-03-11,28.562894821166992,-0.0031410000736143,-0.31921941730194964
2014-03-12,28.505720138549805,-0.0020037178679276,-0.23153162194197213
2014-03-13,28.203508377075195,-0.0106583930112086,-0.907647662883022
2014-03-14,27.97481155395508,-0.0081418627953816,-0.7052982836287233
2014-03-17,27.97481155395508,0.0,-0.06519456854414911
2014-03-18,28.097335815429688,0.0043702430611483,0.2767651145898485
2014-03-19,27.893142700195312,-0.0072938837429412,-0.6393915422308682
2014-03-20,27.98298454284668,0.0032157532923602,0.19136221986497065
2014-03-21,27.87681007385254,-0.0038014674985699,-0.36236296147740105
2014-03-24,27.63993453979492,-0.0085335324744731,-0.7338932077898039
2014-03-25,28.007492065429688,0.0132104175666309,1.0089962942019062
2014-03-26,27.909467697143555,-0.0035060729022617,-0.3270985074149108
2014-03-27,28.057104110717773,0.0052758906347218,0.38081197859791094
2014-03-28,28.212928771972656,0.0055384740898363,0.4032272036001223
2014-03-31,28.33595848083496,0.004351275823643,0.30684376000479624
2014-04-01,28.557388305664062,0.0077840716148301,0.5815903082382453
2014-04-02,28.639400482177734,0.0028677215786488,0.18053886109423034
2014-04-03,28.516382217407227,-0.0043046722106782,-0.3972406002689129
2014-04-04,28.32774353027344,-0.0066370755861013,-0.5862591257019704
2014-04-07,28.073501586914062,-0.0090155337844413,-0.7733496200116632
2014-04-08,28.376953125,0.0107511786245585,0.8164863230058584
2014-04-09,28.66400909423828,0.010064991241155,0.7582448069387189
2014-04-10,28.4671630859375,-0.0068910466825511,-0.6025264662613385
2014-04-11,28.13912010192871,-0.011590467981241,-0.9733104439284075
2014-04-14,28.253936767578125,0.0040720198788404,0.28006603526675283
2014-04-15,28.098106384277344,-0.0055306168789195,-0.487183831083043
2014-04-16,28.516382217407227,0.0147765511687004,1.1449612274965537
2014-04-17,28.4179630279541,-0.0034572905707973,-0.33185035176793776
2014-04-21,28.524574279785156,0.0037445249699839,0.2784552259376082
2014-04-22,28.729616165161133,0.0071625416539832,0.5619900217387085
2014-04-23,28.795228958129883,0.002281199411541,0.15408002376593538
2014-04-24,28.9510555267334,0.0053969514480301,0.41150167582729014
2014-04-25,28.983856201171875,0.0011323285723534,0.05332030836242314
2014-04-28,29.475942611694336,0.0168354336896945,1.3685928146757935
2014-04-29,29.197099685668945,-0.0095050474447607,-0.8445316965553118
2014-04-30,29.23810577392578,0.0014034722618067,0.07054901715551813
2014-05-01,29.221698760986328,-0.0005613092106879,-0.09445783298928014
2014-05-02,29.09868812561035,-0.0042184499918672,-0.4010433422527471
2014-05-05,29.20530128479004,0.0036571520777538,0.2636979625739436
2014-05-06,28.885448455810547,-0.011012288971796,-0.9770725870954524
2014-05-07,31.247453689575195,0.0785999362559307,6.070673460949208
2014-05-08,30.99321174621582,-0.0081696863510886,-0.7068348880718225
2014-05-09,31.13263702392578,0.0044884863401534,0.2792443884987013
2014-05-12,30.82918930053711,-0.0097947451640723,-0.83543244923336
2014-05-13,31.042417526245117,0.0068926307500376,0.47041404652705715
2014-05-14,30.837385177612305,-0.0066268181216303,-0.5824051983944082
2014-05-15,30.54212760925293,-0.0096207947037167,-0.8105103227780752
2014-05-16,30.76356315612793,0.0072240115755069,0.5054095855710253
2014-05-19,30.656959533691406,-0.0034712739264816,-0.33000220011707515
2014-05-20,30.689756393432617,0.0010692296195531,0.01804726455957259
2014-05-21,30.861995697021484,0.0055965832753269,0.37505248285136333
2014-05-22,30.58314514160156,-0.0090764693830579,-0.7747113368055776
2014-05-23,30.54212760925293,-0.0013420811608478,-0.16765108497957798
2014-05-27,30.69797134399414,0.0050896087309146,0.33974716037522623
2014-05-28,30.673362731933594,-0.000801957909176,-0.1258149817374129
2014-05-29,30.738967895507812,0.0021365477538579,0.09883681603517842
2014-05-30,30.853776931762695,0.003728009509735,0.2206115185213358
2014-06-02,30.976804733276367,0.0039795182436292,0.23854876138316988
2014-06-03,31.09983253479004,0.0039637444296239,0.23898323477772096
2014-06-04,31.296676635742188,0.0063094796997822,0.4263895479533915
2014-06-05,31.354074478149418,0.0018323119019493,0.05970048384662523
2014-06-06,31.354074478149418,0.0,-0.09176816161311868
2014-06-09,31.22284889221191,-0.0041940629620736,-0.4281496651313926
2014-06-10,30.96041488647461,-0.008440713719248,-0.7766208135196252
2014-06-11,30.837385177612305,-0.0039816909752781,-0.407557672396659
2014-06-12,30.59954833984375,-0.0077425096688053,-0.7165345013272477
2014-06-13,30.714359283447266,0.00374502563093,0.22962513581711502
2014-06-16,30.550338745117188,-0.0053545005685024,-0.5183921153465739
2014-06-17,30.648744583129883,0.0032159279999632,0.1915381622064858
2014-06-18,30.804582595825195,0.0050717627148236,0.3447292524851635
2014-06-19,30.75536346435547,-0.0015990638428892,-0.21903554632134464
2014-06-20,30.747161865234375,-0.0002667077205613,-0.12413945176488564
2014-06-23,30.533931732177734,-0.0069591118919814,-0.692995564697172
2014-06-24,30.460107803344727,-0.0024206943971706,-0.30367523498734333
2014-06-25,30.435518264770508,-0.0008075962593168,-0.16445324110314918
2014-06-26,30.97886657714844,0.0176949583094764,1.4238896427931382
2014-06-27,30.707178115844727,-0.008808806577267,-0.8483289546425885
2014-06-30,30.9623966217041,0.0082770138761847,0.6169526421217201
2014-07-01,31.17642593383789,0.0068887741907985,0.5023458253139091
2014-07-02,31.209373474121097,0.0010562513796115,-0.008867525261633842
2014-07-03,31.258764266967773,0.0015813118471175,0.033979483070909616
2014-07-07,31.24230194091797,-0.000526785459171,-0.14745040894357542
2014-07-08,31.34932518005371,0.0034197335444937,0.1955476497197337
2014-07-09,31.29169273376465,-0.0018400870378551,-0.2598127941700167
2014-07-10,31.275232315063477,-0.0005261699873563,-0.143497594485357
2014-07-11,31.62922477722168,0.0112550434540273,0.9082479873550869
2014-07-14,31.74448013305664,0.0036373282284392,0.23301250633784346
2014-07-15,31.365781784057617,-0.0120013095447954,-1.1514016280867687
2014-07-16,31.39871597290039,0.0010494528927158,0.001331604069876817
2014-07-17,31.275232315063477,-0.0039405150303871,-0.435641328252091
2014-07-18,31.678621292114254,0.0128155617146785,1.055331552980099
2014-07-21,31.50574111938477,-0.005472259196678,-0.5713180611412204
2014-07-22,31.70331764221191,0.0062515459071418,0.47086570658650595
2014-07-23,31.522199630737305,-0.0057292850961187,-0.5904726968941569
2014-07-24,31.538673400878903,0.0005224720091676,-0.03643649793631503
2014-07-25,31.431644439697266,-0.0033993496592383,-0.38211146896978987
2014-07-28,31.46457290649414,0.0010470731371361,0.020196517809620878
2014-07-29,31.29169273376465,-0.0055095888287326,-0.5651369459760054
2014-07-30,30.435518264770508,-0.0277423640733895,-2.5353502620238006
2014-07-31,29.65342140197754,-0.0260327786083313,-2.3467892068621428
2014-08-01,29.90863609313965,0.0085697594684858,0.7024599966090056
2014-08-04,30.007423400878903,0.0032975265092073,0.2390213072888436
2014-08-05,29.60403633117676,-0.0135340831749906,-1.2401526099215237
2014-08-06,29.3570556640625,-0.0083777997772748,-0.7815154387267068
2014-08-07,28.871335983276367,-0.0166836463595926,-1.5145256204666104
2014-08-08,29.20887756347656,0.0116234207777333,1.0187523085622079
2014-08-11,29.439376831054688,0.0078604369991182,0.6713290838573622
2014-08-12,29.36528587341309,-0.0025199021111588,-0.27619151094360167
2014-08-13,29.47231101989746,0.0036379889789827,0.28612597114161237
2014-08-14,29.389991760253903,-0.002797013009098,-0.3062415916550126
2014-08-15,29.45584487915039,0.0022381582163625,0.1493555698496623
2014-08-18,29.669893264770508,0.0072404785954225,0.603789182919666
2014-08-19,29.77690887451172,0.0036003862778729,0.26499890055482606
2014-08-20,29.801607131958008,0.000829099498162,0.010768692387657996
2014-08-21,29.768688201904297,-0.0011052130334449,-0.16975360901219327
2014-08-22,29.51347923278809,-0.0086100274927886,-0.8545999759711796
2014-08-25,29.760452270507812,0.0083333249775608,0.7120159523488012
2014-08-26,29.694595336914062,-0.0022153530500194,-0.27175201360663603
2014-08-27,29.834548950195312,0.0047020286554055,0.37043710338958385
2014-08-28,29.875713348388672,0.00137880502045,0.05877296242678676
2014-08-29,29.79338264465332,-0.0027595777885587,-0.3238986031007138
2014-09-02,29.422924041748047,-0.0125122101235571,-1.2245056109839794
2014-09-03,29.48878288269043,0.0022358499461807,0.1459150613159606
2014-09-04,29.225341796875,-0.0089737471219791,-0.8896476088286108
2014-09-05,29.381765365600582,0.0053380536162676,0.43420997452271487
2014-09-08,29.07715606689453,-0.0104214052567267,-1.0198888417947065
2014-09-09,29.250030517578125,0.0059277660047612,0.4941896277337167
2014-09-10,29.30765151977539,0.0019680089371696,0.12592274878582269
2014-09-11,29.43115234375,0.004205090939478,0.3347738283077534
2014-09-12,29.07715606689453,-0.0121008658814092,-1.1692408701645913
2014-09-15,29.1677188873291,0.0031097291731644,0.23920407308519476
2014-09-16,29.258264541625977,0.0030995020185034,0.2410358203550352
2014-09-17,29.159473419189453,-0.0033822335496645,-0.3569405118738365
2014-09-18,29.48054313659668,0.0109506424016875,0.9824676114093721
2014-09-19,29.36528587341309,-0.0039172669501856,-0.4011449582090633
2014-09-22,28.83840560913086,-0.0181051972242575,-1.7277161621659225
2014-09-23,28.509113311767575,-0.0114842253920644,-1.10862583500481
2014-09-24,29.03598403930664,0.0183120882503283,1.6599989327362508
2014-09-25,28.599674224853516,-0.0151405627145315,-1.435853742513782
2014-09-26,28.48391342163086,-0.0040558404502097,-0.408514705931004
2014-09-29,28.27720832824707,-0.0072833658241686,-0.7060080081721251
2014-09-30,28.3350887298584,0.0020448003273712,0.15162732711811164
2014-10-01,27.905132293701172,-0.0152902959852753,-1.4588769934792094
2014-10-02,27.97954750061035,0.0026631717732106,0.20497943395007848
2014-10-03,28.31855010986328,0.0120432739668328,1.0687110245292344
2014-10-06,28.459104537963867,0.0049510574570044,0.41356000576860935
2014-10-07,28.045698165893555,-0.0146328711486711,-1.3957483167677294
2014-10-08,28.434307098388672,0.0137611554110398,1.2219692173489205
2014-10-09,27.82246208190918,-0.0217527295412338,-2.030862269714715
2014-10-10,27.690174102783203,-0.0047660582754279,-0.47029562969850663
2014-10-13,27.268495559692383,-0.01534559772446,-1.4395095930874728
2014-10-14,27.119665145874023,-0.0054729111401273,-0.5328755511347907
2014-10-15,27.01217460632324,-0.0039714401477661,-0.39496443794078306
2014-10-16,26.5408878326416,-0.0176011947511041,-1.6430405722103807
2014-10-17,26.970836639404297,0.0160696768144411,1.489472561506441
2014-10-20,27.23542022705078,0.009762182603173,0.8981348560415234
2014-10-21,27.47519302368164,0.0087651853085566,0.8014306493549688
2014-10-22,28.02089500427246,0.0196669563268655,1.822465887062243
2014-10-23,28.202795028686523,0.0064706055033855,0.5866590012765055
2014-10-24,28.41776466369629,0.0075933784157193,0.6896994454422806
2014-10-27,28.71541976928711,0.0104197867359615,0.9509308622267211
2014-10-28,29.178443908691406,0.0159959616722216,1.4592656207058639
2014-10-29,28.880786895751953,-0.0102536536126292,-0.9677146749086756
2014-10-30,29.070951461791992,0.0065628833227191,0.5880978066432763
2014-10-31,29.153627395629883,0.0028398999537865,0.2401136321974601
2014-11-03,29.277660369873047,0.0042454364872335,0.36812424876225813
2014-11-04,28.963462829589844,-0.0107896472857875,-1.0191417911660101
2014-11-05,30.716327667236328,0.0587592258373904,5.104254505853624
2014-11-06,31.28682518005371,0.0184027291174421,1.5556310586805857
2014-11-07,31.220687866210938,-0.0021161404541671,-0.25310202320851866
2014-11-10,31.336442947387695,0.0037007839644968,0.2743051965741231
2014-11-11,31.228954315185547,-0.0034360442883629,-0.3706033164529598
2014-11-12,31.35297966003418,0.0039636201486036,0.2953967249316303
2014-11-13,31.609296798706055,0.0081419722748891,0.685500697064891
2014-11-14,31.551408767700195,-0.0018330399160539,-0.21485689895417295
2014-11-17,31.72502899169922,0.0054876875455368,0.4549687323464498
2014-11-18,31.99789047241211,0.0085640504456251,0.7330139612016864
2014-11-19,32.32862091064453,0.0102829562922156,0.8840461611884727
2014-11-20,32.18806457519531,-0.0043572157114514,-0.46093026922259117
2014-11-21,32.24593734741211,0.0017963431123999,0.1076259669849794
2014-11-24,32.23767852783203,-0.000256152497441,-0.08066328600242695
2014-11-25,32.04751205444336,-0.0059163557382293,-0.602599338574048
2014-11-26,32.24593734741211,0.0061725082356704,0.5111877084666935
2014-11-28,32.41130065917969,0.005115086181045,0.412794804914851
2014-12-01,32.22940444946289,-0.0056279302498261,-0.5806371629425487
2014-12-02,32.15498733520508,-0.0023116517942879,-0.27465607715059936
2014-12-03,31.973087310791016,-0.0056730383147836,-0.5791619524352423
2014-12-04,31.758113861083984,-0.0067462800349412,-0.6726028594396651
2014-12-05,31.832530975341797,0.0023405061678632,0.169417827469112
2014-12-08,31.617551803588867,-0.0067763503204769,-0.6688658724328858
2014-12-09,31.88213539123535,0.0083334306206487,0.7320329194645246
2014-12-10,31.510072708129883,-0.0117385706094185,-1.1464052751981266
2014-12-11,31.526607513427734,0.0005246090250613,0.0013667825350830137
2014-12-12,30.782468795776367,-0.0238865392693884,-2.2528216527941907
2014-12-15,30.31944465637207,-0.0151560884605517,-1.4342280292543481
2014-12-16,29.782020568847656,-0.0178843697089828,-1.6701181310413689
2014-12-17,29.765493392944336,-0.0005550920677661,-0.07812131602628353
2014-12-18,30.245040893554688,0.0159824508875296,1.4447192000455265
2014-12-19,30.84034538269043,0.0194915141772501,1.7486631930488694
2014-12-22,31.005706787109375,0.0053475296376877,0.4550951450136665
2014-12-23,31.071857452392575,0.0021312269942397,0.16021932311812964
2014-12-24,31.113208770751953,0.0013299438905798,0.08660140524479229
2014-12-26,31.220687866210938,0.0034484993806191,0.28132057660921134
2014-12-29,30.996553421020508,-0.0072049293777562,-0.6894799490925548
2014-12-30,30.73092460632324,-0.0086065545795668,-0.8117179339951364
2014-12-31,30.158132553100582,-0.0188148405354352,-1.7266219985563318
2015-01-02,30.53998565673828,0.0125822069133279,1.118925039958727
2015-01-05,30.08342170715332,-0.0150625839609697,-1.3861511352773703
2015-01-06,29.87589454650879,-0.0069222933917047,-0.6480514198595564
2015-01-07,30.81393241882324,0.030914986177269,2.7337602688141813
2015-01-08,31.204086303710938,0.0125821185521994,1.0887515892592392
2015-01-09,30.896936416625977,-0.009892023616745,-0.9073921872319078
2015-01-12,30.606401443481445,-0.0094478493165065,-0.8607275959784234
2015-01-13,30.407169342041016,-0.0065307703514136,-0.6060396897256378
2015-01-14,30.340749740600582,-0.0021867293204592,-0.21347794567745382
2015-01-15,30.33245849609375,-0.0002733082623916,-0.0386335541347005
2015-01-16,30.664505004882812,0.0108874202805349,0.9587995552367649
2015-01-20,30.73092460632324,0.0021636668322945,0.17134701627592785
2015-01-21,30.83884048461914,0.003505486455771,0.2850441956581365
2015-01-22,31.204086303710938,0.0117741072989154,1.0288036984253601
2015-01-23,30.664505004882812,-0.017443260586981,-1.6018211607214714
2015-01-26,30.365665435791016,-0.0097932532500191,-0.9246863338071083
2015-01-27,29.950603485107425,-0.0137630695636103,-1.276313475291235
2015-01-28,29.610260009765625,-0.0114285508895784,-1.057551000219709
2015-01-29,29.668371200561523,0.0019606123901433,0.14369299791321216
2015-01-30,29.253313064575195,-0.0140887011836005,-1.3083480771536327
2015-02-02,29.68496322631836,0.014647794496529,1.2878121812566192
2015-02-03,29.934001922607425,0.0083543934100518,0.7126008795790618
2015-02-04,29.900794982910156,-0.0011099542347888,-0.14957567792615942
2015-02-05,30.10002899169922,0.0066410668333617,0.554445051472256
2015-02-06,29.809484481811523,-0.0096995208581893,-0.9259972323604326
2015-02-09,29.643457412719727,-0.0055851735974895,-0.5456010678135331
2015-02-10,29.726472854614254,0.0027965502274942,0.22143153942653557
2015-02-11,30.498477935791016,0.0256387879180181,2.278601890828604
2015-02-12,30.697710037231445,0.0065112815663567,0.5444866513009401
2015-02-13,30.531688690185547,-0.0054229424872193,-0.5287998185772869
2015-02-17,30.83884048461914,0.010009832510606,0.8750709801065979
2015-02-18,30.664505004882812,-0.0056691532880655,-0.5498382910439592
2015-02-19,30.70600700378418,0.0013525064031419,0.08957378340330698
2015-02-20,30.68941116333008,-0.0005406214780763,-0.08029672858474282
2015-02-23,30.70600700378418,0.0005406214780762,0.016107563700542005
2015-02-24,30.722606658935547,0.0005404535302248,0.016951434052560096
2015-02-25,30.43206787109375,-0.0095018402439954,-0.9009089692210874
2015-02-26,30.481874465942383,0.0016353105393382,0.11466251420461994
2015-02-27,30.664505004882812,0.0059735697712903,0.50749117571122
2015-03-02,30.623008728027344,-0.0013541512999653,-0.15867441085713133
2015-03-03,30.415470123291016,-0.0068002810169228,-0.6556973724452713
2015-03-04,30.24944305419922,-0.0054735917324381,-0.5287975565210872
2015-03-05,30.307552337646484,0.0019191606488012,0.14742302858303782
2015-03-06,29.236703872680664,-0.0359720316497852,-3.2449945399578026
2015-03-09,29.402729034423828,0.0056625924619143,0.5001428842352552
2015-03-10,28.639028549194336,-0.0263170721913935,-2.34103393517156
2015-03-11,28.506202697753903,-0.0046487200330045,-0.41277884364282624
2015-03-12,29.0540828704834,0.0190373176258767,1.6771388276527432
2015-03-13,28.647319793701172,-0.0140991309117319,-1.2508617548406618
2015-03-16,28.81334114074707,0.0057786251092426,0.5003542206315937
2015-03-17,28.522809982299805,-0.0101343965145861,-0.9010105882806373
2015-03-18,29.07068252563477,0.0190260755679102,1.6581442298101017
2015-03-19,28.77183532714844,-0.0103332243721746,-0.9170331522213041
2015-03-20,28.83825302124023,0.0023057671120478,0.1917556829573968
2015-03-23,29.303112030029297,0.0159909872828019,1.3802081952421998
2015-03-24,29.062376022338867,-0.0082493055713872,-0.7383964033813512
2015-03-25,29.726472854614254,0.0225935732650989,1.9442321419321067
2015-03-26,29.1204891204834,-0.0205959707982387,-1.7944433198862206
2015-03-27,29.637371063232425,0.0175940810144269,1.4955175104352045
2015-03-30,30.429370880126953,0.0263721884430506,2.2225422962535086
2015-03-31,30.08756446838379,-0.0112963435613071,-0.9815965500733813
2015-04-01,30.26264190673828,0.0058020656438538,0.4743586548424212
2015-04-02,30.537742614746097,0.0090493699185815,0.7479631483790633
2015-04-06,30.846208572387695,0.0100504626447162,0.8273726574223015
2015-04-07,30.846208572387695,0.0,-0.028733892215213098
2015-04-08,31.17136001586914,0.0104858810230084,0.8559753499045917
2015-04-09,31.16301155090332,-0.0002678607261418,-0.05444062865146808
2015-04-10,31.179685592651367,0.0005349156488124,0.01714184327396961
2015-04-13,31.05462646484375,-0.0040189821982411,-0.37220764582330923
2015-04-14,31.238046646118164,0.005888997925526,0.46765891982571534
2015-04-15,31.304733276367188,0.0021325133166052,0.14743600538640692
2015-04-16,31.104650497436523,-0.0064119673144367,-0.5822046393674676
2015-04-17,30.821199417114254,-0.0091545957076224,-0.8097666338285133
2015-04-20,30.83786392211914,0.0005405370924612,0.018508195531190045
2015-04-21,30.454376220703125,-0.012513580991492,-1.0908457125411164
2015-04-22,30.704484939575195,0.0081790310810152,0.6758125730014589
2015-04-23,30.68781280517578,-0.0005431344133291,-0.06794455027592794
2015-04-24,30.696149826049805,0.0002716351492449,0.0033630156374246695
2015-04-27,30.67947006225586,-0.0005435306147598,-0.06569948914408913
2015-04-28,30.67947006225586,0.0,-0.013620029935025826
2015-04-29,32.26346206665039,0.0503416812847518,4.1398220460476125
2015-04-30,31.988338470458984,-0.0085639709825975,-0.7386138623720334
2015-05-01,32.22178268432617,0.0072712911365613,0.5695716878276436
2015-05-04,32.19677734375,-0.0007763396704667,-0.09748510235112083
2015-05-05,31.946664810180664,-0.0077985774625528,-0.6744181953556891
2015-05-06,32.0550422668457,0.0033867084239959,0.24633038736462545
2015-05-07,32.49690246582031,0.0136902800385516,1.2253807344820402
2015-05-08,32.8803825378418,0.0117314284333509,1.0398126667468068
2015-05-11,32.78868865966797,-0.0027926065069125,-0.2712130946058718
2015-05-12,32.77201843261719,-0.0005085432463863,-0.06804873655358591
2015-05-13,32.77201843261719,0.0,-0.01950859605382635
2015-05-14,33.38895034790039,0.0186499626102695,1.65453486043576
2015-05-15,33.722412109375,0.0099376467281344,0.8614244534236131
2015-05-18,33.347251892089844,-0.0111872971378788,-1.0371199624772516
2015-05-19,33.5556755065918,0.0062306478019046,0.5290648371409559
2015-05-20,33.89748001098633,0.0101346609322283,0.8762244904987653
2015-05-21,33.6057014465332,-0.0086449371813854,-0.8074013199622492
2015-05-22,33.48897171020508,-0.0034795565313818,-0.34553617189927416
2015-05-26,33.297245025634766,-0.0057415203504769,-0.547215552964416
2015-05-27,33.46397018432617,0.004994681560917,0.41843511361789965
2015-05-28,33.73909378051758,0.008187874689376,0.7017482397368713
2015-05-29,34.67280960083008,0.0272985769478439,2.382556301441023
2015-06-01,33.92249298095703,-0.0218774906752709,-1.9619121766416139
2015-06-02,34.014198303222656,0.0026997304764776,0.20531064106803937
2015-06-03,34.2059326171875,0.0056210627631381,0.4622036431001559
2015-06-04,33.69740676879883,-0.0149782134467537,-1.3420789842120175
2015-06-05,33.363929748535156,-0.0099455151463674,-0.8942906789920309
2015-06-08,33.38895034790039,0.0007496485694948,0.043882441705401114
2015-06-09,33.530662536621094,0.0042353024605438,0.34681307285535073
2015-06-10,33.655723571777344,0.0037228131125562,0.29790362163416106
2015-06-11,33.647369384765625,-0.0002482556651599,-0.05221733536138993
2015-06-12,33.73909378051758,0.0027223406034972,0.20532463236722173
2015-06-15,33.43895721435547,-0.0089356139022531,-0.8145418670124065
2015-06-16,33.964176177978516,0.0155847233722001,1.3280147029289815
2015-06-17,34.005855560302734,0.0012264048281972,0.07128841370211811
2015-06-18,34.05587387084961,0.0014697927886765,0.09388689059299246
2015-06-19,34.21428680419922,0.0046407747130509,0.36945516465370193
2015-06-22,34.22260284423828,0.0002430279962375,-0.015935703926361837
2015-06-23,34.26429748535156,0.0012175947827622,0.06664349998860974
2015-06-24,34.24763107299805,-0.0004865258658739,-0.08343328223103832
2015-06-25,34.24763107299805,0.0,-0.04105824350952248
2015-06-26,34.398250579833984,0.0043883112845055,0.3498463579365093
2015-06-29,34.172332763671875,-0.0065893747023583,-0.617964650877305
2015-06-30,34.42335510253906,0.007318928265361,0.6079460829179676
2015-07-01,34.81660842895508,0.0113592652249068,0.9612939962471105
2015-07-02,34.76640319824219,-0.0014430315173451,-0.1647112254661796
2015-07-06,34.52375793457031,-0.0070037722982239,-0.6506194565460665
2015-07-07,34.95885467529297,0.0125240664253381,1.0598305970786108
2015-07-08,34.64926528930664,-0.0088952676071806,-0.8144254940835832
2015-07-09,34.51538848876953,-0.003871253896917,-0.3733189413663214
2015-07-10,34.64926528930664,0.0038712538969169,0.30354741020189935
2015-07-13,34.80824279785156,0.0045776991009859,0.3683277222630512
2015-07-14,35.04253005981445,0.0067082476246416,0.5539562420569786
2015-07-15,34.590694427490234,-0.0129777696563865,-1.171847164617987
2015-07-16,35.11783981323242,0.0151245594318001,1.2828335093536993
2015-07-17,35.05091094970703,-0.0019076549915646,-0.20626479202235784
2015-07-20,34.98396301269531,-0.0019118463021652,-0.20197891646160498
2015-07-21,35.20151138305664,0.0061992618543324,0.5045092941841133
2015-07-22,35.35211944580078,0.0042693278783204,0.33623058341725537
2015-07-23,35.243343353271484,-0.0030816761956396,-0.3089623977056749
2015-07-24,35.16804122924805,-0.0021389198118659,-0.22536977890166318
2015-07-27,35.16804122924805,0.0,-0.039077848340242714
2015-07-28,35.81232833862305,0.0181544505548385,1.5392812269027085
2015-07-29,36.06333541870117,0.0069845087299337,0.5602606748429976
2015-07-30,37.87906646728515,0.049121913682623,4.115534973021589
2015-07-31,37.76192855834961,-0.0030972094572516,-0.34958653754130103
2015-08-03,38.06315231323242,0.0079452691916429,0.6023580484235577
2015-08-04,38.15519332885742,0.0024151943889747,0.12601546490221893
2015-08-05,38.732540130615234,0.0150181993219533,1.2028591255329997
2015-08-06,39.16765213012695,0.0111711283843079,0.8643451431146748
2015-08-07,38.5819206237793,-0.0150674162433498,-1.3991549348048338
2015-08-10,38.83295440673828,0.006485437398216,0.4625698527031243
2015-08-11,38.57356262207031,-0.0067020908722159,-0.6713756383563476
2015-08-12,38.933353424072266,0.0092841621037111,0.7045345484539923
2015-08-13,38.498252868652344,-0.0112384375261076,-1.0589335327630824
2015-08-14,38.89988708496094,0.0103784876909253,0.7969855530368484
2015-08-17,38.657230377197266,-0.006257517233823,-0.6305118075642903
2015-08-18,38.61539077758789,-0.0010829088769827,-0.18303357629185615
2015-08-19,37.828861236572266,-0.0205785857433197,-1.8387779761327814
2015-08-20,36.816410064697266,-0.0271286646151272,-2.3619547350742707
2015-08-21,36.14701843261719,-0.018349203906673,-1.6064494818726018
2015-08-24,35.10946273803711,-0.0291237797297829,-2.477051566144757
2015-08-25,34.56558609008789,-0.0156121223886935,-1.3427337796757501
2015-08-26,35.310302734375,0.0213162180938205,1.6994614600827318
2015-08-27,35.77885437011719,0.01318227532632,1.024659707646861
2015-08-28,35.81232833862305,0.0009351422808987,0.01775389632361541
2015-08-31,35.44416809082031,-0.0103334725190742,-0.9050313170738286
2015-09-01,34.31456756591797,-0.0323887542229301,-2.6766300242035346
2015-09-02,35.368858337402344,0.0302617506020078,2.369110400636856
2015-09-03,36.18050765991211,0.0226887863888048,1.7431180023065485
2015-09-04,35.619869232177734,-0.015616904711591,-1.3032006208915152
2015-09-08,35.92110824584961,0.0084214894637729,0.6037675489153006
2015-09-09,35.13457489013672,-0.0221394108838785,-1.8093857628220418
2015-09-10,35.46091079711914,0.0092453002704445,0.6711196726104272
2015-09-11,35.7119255065918,0.0070536952935917,0.4967919928641177
2015-09-14,35.37721633911133,-0.0094166741112096,-0.8063258355092773
2015-09-15,35.971309661865234,0.0166536601859682,1.2475366751319592
2015-09-16,36.01314926147461,0.0011624621465998,0.02666617907316959
2015-09-17,36.58212661743164,0.0156756483135406,1.1622402320405056
2015-09-18,35.85416793823242,-0.0200999565740542,-1.6353703842835214
2015-09-21,35.85416793823242,0.0,-0.06207698208040679
2015-09-22,35.13457489013672,-0.0202741355248811,-1.6482456411949908
2015-09-23,35.37721633911133,0.0068823214528265,0.47231572218199125
2015-09-24,35.25171661376953,-0.0035537803610089,-0.340085851718021
2015-09-25,35.81232833862305,0.0157779747910708,1.1713411472484927
2015-09-28,34.83783721923828,-0.0275881285881719,-2.2124806367016463
2015-09-29,34.283390045166016,-0.0160430908989361,-1.306515763123585
2015-09-30,35.17386245727539,0.0256422813149474,1.9124923929803135
2015-10-01,35.45949172973633,0.0080877039661259,0.5521096836326046
2015-10-02,36.593597412109375,0.0314823240886372,2.327493765198104
2015-10-05,37.20685195922851,0.0166196457609384,1.1871496593283926
2015-10-06,36.87922286987305,-0.008844610161861,-0.7536859996093753
2015-10-07,37.240440368652344,0.0097469508824591,0.6594734163974078
2015-10-08,38.06372833251953,0.0218665389205972,1.5790722699059603
2015-10-09,37.80330276489258,-0.0068653428701283,-0.6195588232975004
2015-10-12,37.845306396484375,0.001110493276056,-0.009916846971575518
2015-10-13,37.66889572143555,-0.0046722600788091,-0.457954755573935
2015-10-14,37.58488464355469,-0.0022327413287127,-0.27142651519350447
2015-10-15,37.786502838134766,0.0053500056777181,0.30918909837425573
2015-10-16,38.517364501953125,0.0191571945493778,1.3611804904385671
2015-10-19,38.99620819091797,0.012355249892176,0.8395536861937412
2015-10-20,38.42496109008789,-0.0147571387245631,-1.2399300386328564
2015-10-21,38.18133544921875,-0.0063604814019749,-0.5895446032433802
2015-10-22,39.43305587768555,0.0322576508201734,2.359207242201858
2015-10-23,39.08861541748047,-0.0087731874216494,-0.768004994074839
2015-10-26,39.3154411315918,0.0057860870193653,0.3431757033917373
2015-10-27,39.14741516113281,-0.0042829495445064,-0.4208549158397487
2015-10-28,38.97941207885742,-0.0043007849459572,-0.4169840956506785
2015-10-29,38.87859344482422,-0.0025898092227057,-0.2887947206673354
2015-10-30,38.777774810791016,-0.0025965337535359,-0.28657565632708465
2015-11-02,39.01301193237305,0.0060479614223989,0.37476847178522876
2015-11-03,38.97941207885742,-0.0008616184461573,-0.1530268897749863
2015-11-04,38.542572021484375,-0.0112702141541446,-0.9501979364586363
2015-11-05,38.542572021484375,0.0,-0.07185106983129688
2015-11-06,37.70248794555664,-0.0220373116484036,-1.8121824096949528
2015-11-09,37.29085922241211,-0.0109778499712817,-0.9279855277054228
2015-11-10,37.4588623046875,0.0044950900613391,0.3007785129770858
2015-11-11,37.35806655883789,-0.0026944652330247,-0.2705108617998237
2015-11-12,36.66080093383789,-0.0188407705890559,-1.5387153256486037
2015-11-13,36.3499755859375,-0.0085145574546027,-0.7168173832864532
2015-11-16,37.013633728027344,0.0180927915676144,1.3748388053426024
2015-11-17,36.81201934814453,-0.0054619193384539,-0.4764984235902528
2015-11-18,37.36646270751953,0.0149491785072845,1.1265560425760923
2015-11-19,37.45046615600586,0.0022455742319824,0.1307697589156894
2015-11-20,36.92123031616211,-0.0142324243900123,-1.1599065022349329
2015-11-23,37.03042984008789,0.002953269826887,0.18871321543861025
2015-11-24,36.94643020629883,-0.0022709714858784,-0.22069466073944943
2015-11-25,36.9044189453125,-0.0011377327681587,-0.13330576932504595
2015-11-27,37.31604766845703,0.0110921680326754,0.8246670245627584
2015-11-30,36.67760467529297,-0.017257124559562,-1.387211620611387
2015-12-01,37.232059478759766,0.0150038621107449,1.1256349252028393
2015-12-02,36.84563064575195,-0.0104331638206505,-0.8547657059798102
2015-12-03,35.7955207824707,-0.0289142724845047,-2.2646206545999887
2015-12-04,37.383270263671875,0.0434005174195821,3.229881051970153
2015-12-07,36.98842239379883,-0.0106183297877623,-0.8459978861859814
2015-12-08,36.96321487426758,-0.0006817298829004,-0.0982540103512075
2015-12-09,36.66920852661133,-0.007985827345024,-0.6446259731769378
2015-12-10,36.94643020629883,0.0075316330855603,0.5213937733409745
2015-12-11,35.89632034301758,-0.0288342384281098,-2.1962512181242984
2015-12-14,36.3919677734375,0.0137132918955295,0.981157486632181
2015-12-15,36.98003005981445,0.0160299540978904,1.1462757556093301
2015-12-16,37.67728805541992,0.0186794352410361,1.335129016995303
2015-12-17,37.265663146972656,-0.0109851304538245,-0.8921476492787814
2015-12-18,36.37517166137695,-0.0241858989190318,-1.8635167314886536
2015-12-21,37.332855224609375,0.0259873313676704,1.8807924755072005
2015-12-22,37.55968475341797,0.0060574850970493,0.3948165822687405
2015-12-23,38.29054260253906,0.0192716750985315,1.369625784338213
2015-12-24,38.09732437133789,-0.0050588830642947,-0.4352079532414669
2015-12-28,37.86210632324219,-0.0061932744306362,-0.5163444583545762
2015-12-29,38.57887268066406,0.0187540079845106,1.3234197197402129
2015-12-30,38.37648010253906,-0.0052600121356129,-0.4547017100810766
2015-12-31,37.81150817871094,-0.0148312691483071,-1.1662846063581551
2016-01-04,36.92610549926758,-0.0236947384474265,-1.8037122415130944
2016-01-05,37.22966384887695,0.0081870917897172,0.5427806082127515
2016-01-06,37.09474563598633,-0.0036305262838676,-0.33206551697824693
2016-01-07,35.07093811035156,-0.0561025190730512,-4.086081814425085
2016-01-08,34.564979553222656,-0.0145317955965688,-1.07721288551069
2016-01-11,35.146820068359375,0.0166931288409033,1.1650356126130574
2016-01-12,35.51785659790039,0.0105014260833959,0.7135587971120477
2016-01-13,34.227684020996094,-0.03700078185658,-2.6607170399579525
2016-01-14,34.876976013183594,0.0187921074935853,1.2909040606749647
2016-01-15,33.99156951904297,-0.0257143598647593,-1.8393961254616993
2016-01-19,34.9613151550293,0.0281296303828236,1.9284162460134764
2016-01-20,34.295143127441406,-0.0192384245680667,-1.3690318889565471
2016-01-21,34.0084342956543,-0.0083951829909031,-0.6108044275170191
2016-01-22,35.079368591308594,0.0310046068627418,2.107471609482682
2016-01-25,33.898807525634766,-0.034233330701744,-2.3700406588223557
2016-01-26,34.86854553222656,0.028205311135658,1.8811096005286838
2016-01-27,34.674598693847656,-0.0055777558914312,-0.41955862251797166
2016-01-28,35.03719711303711,0.0104028790254715,0.6634758017142596
2016-01-29,36.344242095947266,0.0366255178680911,2.4127061847678686
2016-02-01,36.03224182128906,-0.0086216458833924,-0.6371956724281636
2016-02-02,35.374507904052734,-0.0184226987599943,-1.2872606165911038
2016-02-03,33.080848693847656,-0.0670369194012542,-4.366125132506139
2016-02-04,32.06051254272461,-0.0313293915877276,-2.0295148397782983
2016-02-05,31.79068374633789,-0.0084518511259937,-0.5564818310355981
2016-02-08,30.64385414123535,-0.0367411580510884,-2.341424008326534
2016-02-09,31.242555618286133,0.0193490027275422,1.2128861771030552
2016-02-10,32.068946838378906,0.0261070461128811,1.62667535887578
2016-02-11,31.773815155029297,-0.0092456459119627,-0.5956688133716791
2016-02-12,32.12797546386719,0.0110846325800764,0.6899334557093373
2016-02-16,32.988101959228516,0.0264197893942308,1.6437141698064484
2016-02-17,33.56993865966797,0.0174840339898426,1.0776636025178234
2016-02-18,33.69642639160156,0.0037608061895561,0.21288389243120764
2016-02-19,33.56993865966797,-0.0037608061895561,-0.258613724190125
2016-02-22,33.47719192504883,-0.0027666148563992,-0.19555820525269912
2016-02-23,33.7891845703125,0.009276399259306,0.5587847502073281
2016-02-24,34.37104034423828,0.0170735912094642,1.042119760651954
2016-02-25,35.0625,0.0199178239168511,1.2104368681918287
2016-02-26,34.3120002746582,-0.0216370280636084,-1.377228471285924
2016-02-29,34.17708969116211,-0.0039396276999803,-0.2722696343169362
2016-03-01,34.8516960144043,0.0195462746265584,1.182548270338549
2016-03-02,34.7589225769043,-0.0026654982905227,-0.19858907205295526
2016-03-03,35.31547927856445,0.0158850704429357,0.9476613978957062
2016-03-04,35.52629470825195,0.005951744010263,0.3301597320230267
2016-03-07,35.18898391723633,-0.0095400415824338,-0.6436836188712322
2016-03-08,34.89384460449219,-0.0084226354373006,-0.5699224157711656
2016-03-09,35.374507904052734,0.0136810037383201,0.8077255335099941
2016-03-10,35.13840103149414,-0.0066968661067194,-0.473292029099187
2016-03-11,35.72024917602539,0.0164231528761214,0.9818291949654706
2016-03-14,35.619056701660156,-0.0028369365523938,-0.2332861772960019
2016-03-15,35.113101959228516,-0.0143064592304913,-0.9496298934892285
2016-03-16,35.18056106567383,0.0019193515959142,0.06845576973921558
2016-03-17,34.38790512084961,-0.0227887803784918,-1.4747797535828162
2016-03-18,34.35416793823242,-0.0009815585659421,-0.10606004359582213
2016-03-21,34.3120002746582,-0.0012281934458369,-0.12069834079133884
2016-03-22,33.65427017211914,-0.0193552075624343,-1.2510773941662985
2016-03-23,33.67955780029297,0.0007511121860787,0.010440504626183744
2016-03-24,33.31696319580078,-0.0108243872800736,-0.7112400770956724
2016-03-28,33.25794219970703,-0.0017730708351904,-0.1455867323810598
2016-03-29,33.96087646484375,0.0209155681234019,1.2882977045606625
2016-03-30,34.26575469970703,0.008937280325933,0.5378680633721404
2016-03-31,33.977813720703125,-0.0084386761825792,-0.5670512329476594
2016-04-01,34.92634201049805,0.0275335559077812,1.7043458460313639
2016-04-04,34.90939712524414,-0.00048527833445,-0.06426678630903714
2016-04-05,34.74848175048828,-0.0046201711448667,-0.3222513632529742
2016-04-06,35.46835708618164,0.0205050688850902,1.2583950529668362
2016-04-07,35.163482666015625,-0.0086328294618794,-0.5747438440869745
2016-04-08,35.840999603271484,0.0190843585879535,1.165695910597504
2016-04-11,35.70549774169922,-0.0037878031380841,-0.2720897634238418
2016-04-12,35.90876388549805,0.005676709779165,0.32080833311159396
2016-04-13,36.16282653808594,0.0070503149294634,0.4068727601562571
2016-04-14,35.70549774169922,-0.0127270247086285,-0.832117341668409
2016-04-15,36.43383026123047,0.0201930705004164,1.2256022627568819
2016-04-18,36.628623962402344,0.0053322644247228,0.29127641189647396
2016-04-19,36.637088775634766,0.0002310716146405,-0.028375823837539817
2016-04-20,36.56085586547851,-0.0020829256365569,-0.17623553048489554
2016-04-21,35.48529815673828,-0.0298596819259221,-1.8970455225507494
2016-04-22,35.73090362548828,0.0068974878281362,0.3921908996063529
2016-04-25,35.79018020629883,0.0016575977657852,0.06532563148548368
2016-04-26,35.993438720703125,0.0056631042196905,0.3133324723504511
2016-04-27,37.162166595458984,0.0319545526655273,1.9289473793926488
2016-04-28,36.73870849609375,-0.0114602901120617,-0.7540182719122727
2016-04-29,36.383018493652344,-0.0097287857539301,-0.6445935575603762
2016-05-02,37.52634048461914,0.0309409584366082,1.8965902205921394
2016-05-03,36.98432540893555,-0.0145489140349137,-0.942312899589231
2016-05-04,36.98432540893555,0.0,-0.036282722446898334
2016-05-05,37.19605255126953,0.0057084561472748,0.319547204209557
2016-05-06,37.20452499389648,0.0002277520670705,-0.0193238342824146
2016-05-09,37.500938415527344,0.0079355635748468,0.4637447926808708
2016-05-10,38.14457702636719,0.0170176418299793,1.024855940966438
2016-05-11,37.602561950683594,-0.014311413846406,-0.9258764950528748
2016-05-12,37.98366928100586,0.0100841265310128,0.5915236799183231
2016-05-13,37.56869125366211,-0.0109852874900189,-0.7143445350025954
2016-05-16,37.70418930053711,0.0036001862086421,0.19704286515289332
2016-05-17,36.628623962402344,-0.0289412000894053,-1.819196501681182
2016-05-18,36.62015914916992,-0.0002311250210726,-0.03587508289505757
2016-05-19,36.64555358886719,0.0006932148685975,0.02384755124641848
2016-05-20,36.72178649902344,0.0020781164343609,0.10730067792330034
2016-05-23,36.57780838012695,-0.0039284883989311,-0.26594472654920365
2016-05-24,37.390830993652344,0.0219837856621024,1.3334647092759724
2016-05-25,37.45011901855469,0.0015843742575407,0.07050009580673612
2016-05-26,37.56020736694336,0.0029352872527311,0.1555617648336922
2016-05-27,37.92438507080078,0.0096491354773333,0.5789176163552289
2016-05-31,37.67878341674805,-0.0064971488081645,-0.43218884054928886
2016-06-01,37.96672821044922,0.0076130408332393,0.4484612955147403
2016-06-02,38.16998291015625,0.0053392162484457,0.30645207087077847
2016-06-03,38.31395721435547,0.0037648289045172,0.20378396338776994
2016-06-06,38.21232223510742,-0.0026562127346594,-0.20013993554111453
2016-06-07,38.390193939208984,0.0046440256185897,0.2562091130383726
2016-06-08,38.153045654296875,-0.0061964726074279,-0.4201487926859874
2016-06-09,38.29701232910156,0.003766297862495,0.20375928416537037
2016-06-10,38.12765121459961,-0.0044321135059742,-0.30856867106510344
2016-06-13,37.40776824951172,-0.0190613825063231,-1.2155820782192734
2016-06-14,37.280731201171875,-0.0034017866681436,-0.23945352402692624
2016-06-15,37.11983108520508,-0.0043252459890655,-0.292677717328207
2016-06-16,37.458587646484375,0.0090846359269245,0.544072329520759
2016-06-17,37.29766082763672,-0.004305381040775,-0.291733881680264
2016-06-20,37.458587646484375,0.0043053810407749,0.24670433354166826
2016-06-21,37.67030715942383,0.0056361822958444,0.32849962469313587
2016-06-22,37.4162483215332,-0.006767118448599,-0.44465699173760204
2016-06-23,37.98366928100586,0.015051254416421,0.9132681717110617
2016-06-24,35.79865264892578,-0.0592460543983536,-3.60889759782583
2016-06-27,35.04490280151367,-0.0212800807787505,-1.2927306910899432
2016-06-28,35.58916473388672,0.0154110537081703,0.9219266074714084
2016-06-29,36.54160690307617,0.0264102964082812,1.5750239001088022
2016-06-30,38.70161056518555,0.0574296893099917,3.3555296333449354
2016-07-01,38.36145782470703,-0.0088279627757934,-0.5422797386321473
2016-07-05,38.1828727722168,-0.0046661947431165,-0.2980671551531936
2016-07-06,38.437992095947266,0.0066592896586367,0.3699388123389881
2016-07-07,38.412479400634766,-0.0006639567917519,-0.06322299174185914
2016-07-08,39.20336151123047,0.0203801047681419,1.167885554100353
2016-07-11,38.990753173828125,-0.0054379760468889,-0.3470188070086739
2016-07-12,38.88870620727539,-0.0026206403014731,-0.17982348245643248
2016-07-13,38.77815628051758,-0.0028467739747914,-0.19092021578309334
2016-07-14,38.846187591552734,0.0017528348726716,0.07604536979719427
2016-07-15,38.599571228027344,-0.0063687721799857,-0.3972752869662702
2016-07-18,38.62508010864258,0.0006606408990257,0.016219515585128637
2016-07-19,38.76114273071289,0.0035164595785857,0.18318391119572364
2016-07-20,38.412479400634766,-0.0090358776152859,-0.5524932676084575
2016-07-21,38.42098617553711,0.0002214341074767,-0.006413766132374938
2016-07-22,38.37846374511719,-0.0011073630034882,-0.08513788398466637
2016-07-25,38.91422271728515,0.0138633440598696,0.7918916217032125
2016-07-26,38.48051834106445,-0.0112077102444169,-0.679685409614142
2016-07-27,37.366493225097656,-0.0293776963214476,-1.7298404073456743
2016-07-28,37.570594787597656,0.0054472911239086,0.30944816530717323
2016-07-29,37.40052032470703,-0.0045370741620935,-0.26710021359346786
2016-08-01,36.97530746459961,-0.0114342927141348,-0.67516802173043
2016-08-02,36.592628479003906,-0.0104035115903146,-0.6093490448783991
2016-08-03,36.65216064453125,0.0016255676164557,0.10615081751703288
2016-08-04,36.14191436767578,-0.0140191254178542,-0.8175732344964988
2016-08-05,36.796730041503906,0.0179557290158059,1.081286419825206
2016-08-08,36.924285888671875,0.0034605050635731,0.21621991222205916
2016-08-09,37.009334564208984,0.0023006776221839,0.14825362103029283
2016-08-10,36.96680450439453,-0.0011498319602976,-0.05838895323123553
2016-08-11,36.68617248535156,-0.0076204218364513,-0.4396349408132912
2016-08-12,36.711673736572266,0.0006948773992554,0.052640392404321446
2016-08-15,36.53310775756836,-0.0048758786396238,-0.27586652286634916
2016-08-16,36.312007904052734,-0.0060704284829455,-0.34713988697629583
2016-08-17,36.57562255859375,0.0072334853609413,0.4439624468790116
2016-08-18,36.76271438598633,0.0051021673262119,0.3117179480245583
2016-08-19,36.61814498901367,-0.003940253228097,-0.2354184375996148
2016-08-22,36.7371940612793,0.003245821730923,0.19157885545402414
2016-08-23,36.74570846557617,0.0002317383783764,0.0030890136563845277
2016-08-24,36.567115783691406,-0.0048720817125061,-0.30924654739069846
2016-08-25,36.63514709472656,0.0018587220653174,0.10427629658693464
2016-08-26,36.61814498901367,-0.0004642004621104,-0.03390996158516119
2016-08-29,36.60112380981445,-0.0004649371616261,-0.0336162579891131
2016-08-30,38.04681396484375,0.0387384028241727,2.3210619422780527
2016-08-31,38.28493881225586,0.0062392284003591,0.3530109398510084
2016-09-01,37.374996185302734,-0.0240546467012785,-1.479466532007807
2016-09-02,37.57909393310547,0.0054459537008494,0.32390542249597276
2016-09-06,37.77468490600586,0.0051912834410901,0.30378706469883293
2016-09-07,37.077354431152344,-0.0186327762306883,-1.1468747604762926
2016-09-08,37.11137390136719,0.0009171062333567,0.04295001820077789
2016-09-09,35.79325866699219,-0.0361639265062858,-2.20124596787818
2016-09-12,37.03483963012695,0.0340995109474537,2.048040793898997
2016-09-13,36.303497314453125,-0.01994499985042,-1.206466887846199
2016-09-14,36.17593765258789,-0.0035198892934121,-0.21358715593330543
2016-09-15,36.58412170410156,0.0112201209658833,0.6721460112072409
2016-09-16,36.490577697753906,-0.0025602310569887,-0.15389599534421206
2016-09-19,36.45656967163086,-0.0009324018776126,-0.0604327299151825
2016-09-20,36.431060791015625,-0.0006999509105944,-0.0461959659007033
2016-09-21,36.507591247558594,0.002098489140901,0.11815339110741414
2016-09-22,36.88176727294922,0.010197098739904,0.6087291070644106
2016-09-23,36.70317840576172,-0.0048539607166528,-0.30422783742469434
2016-09-26,36.32901763916016,-0.0102465504396605,-0.6257909285444642
2016-09-27,36.70317840576172,0.0102465504396606,0.6127739037859633
2016-09-28,37.07046890258789,0.0099573098226548,0.5895740191773727
2016-09-29,36.848384857177734,-0.006008878718735,-0.3802218490162531
2016-09-30,37.497554779052734,0.0174639374823717,1.0566471837025204
2016-10-03,37.395042419433594,-0.0027375849543469,-0.17430885093729595
2016-10-04,36.8654670715332,-0.0142628788602052,-0.8787189646233203
2016-10-05,36.75442886352539,-0.0030165294529792,-0.18558892019296883
2016-10-06,36.737342834472656,-0.0004649780231394,-0.02541831617391493
2016-10-07,36.464012145996094,-0.0074679480689488,-0.45279659073579726
2016-10-10,36.76297378540039,0.0081653859344003,0.5134199639486225
2016-10-11,36.15652084350586,-0.0166338762492756,-1.0185580748039293
2016-10-12,36.224857330322266,0.0018882344836366,0.12651556589203414
2016-10-13,35.763607025146484,-0.0128147369554815,-0.780303934412267
2016-10-14,35.917354583740234,0.0042897804638064,0.277762452414498
2016-10-17,35.86610794067383,-0.0014278121999236,-0.0710066781657157
2016-10-18,35.977149963378906,0.0030912326185771,0.21180790117430973
2016-10-19,35.98569869995117,0.0002375874988627,0.03096393681648794
2016-10-20,35.95152282714844,-0.0009501583366276,-0.04425644652249573
2016-10-21,36.05401611328125,0.0028468186437141,0.20085920518225422
2016-10-24,36.395694732666016,0.009432229571849,0.6092720448200719
2016-10-25,36.523807525634766,0.0035138178626454,0.2387274265827553
2016-10-26,37.85629653930664,0.0358330121805292,2.233540833652934
2016-10-27,37.497554779052734,-0.009521596157093,-0.5814365570593065
2016-10-28,38.60795974731445,0.029182741324086,1.8013019420329122
2016-10-31,38.38587188720703,-0.005768993991853,-0.353196578589029
2016-11-01,37.92462539672851,-0.0120888245807076,-0.7378059313186602
2016-11-02,37.57442855834961,-0.0092769202145262,-0.5621702166532119
2016-11-03,36.99360656738281,-0.0155786252582144,-0.9482672448386875
2016-11-04,36.395694732666016,-0.0162946111648661,-0.9864069003288221
2016-11-07,37.77088165283203,0.0370879880544977,2.2612115839668685
2016-11-08,39.2998161315918,0.0396813611519629,2.381770431672866
2016-11-09,37.591514587402344,-0.0444414912185608,-2.6449593564415905
2016-11-10,35.80632019042969,-0.0486539296031308,-2.8380327611965757
2016-11-11,35.18276596069336,-0.0175680601373455,-1.0190816741681092
2016-11-14,35.37923049926758,0.0055685795785969,0.33242579205507233
2016-11-15,36.1906852722168,0.0226768339005074,1.33163140747011
2016-11-16,36.344425201416016,0.0042390549463707,0.25093581421843797
2016-11-17,36.72027587890625,0.0102882510209179,0.6063611148576106
2016-11-18,36.66046524047851,-0.0016301457510593,-0.09048300232240554
2016-11-21,36.71171951293945,0.00139710384719,0.08322796076074514
2016-11-22,37.07046890258789,0.0097246293324979,0.5695121565458177
2016-11-23,36.301719665527344,-0.0209555523401108,-1.2200820871405436
2016-11-25,36.96796417236328,0.0181865905601097,1.0596300659575502
2016-11-28,36.66046524047851,-0.0083527713996867,-0.4829302105557096
2016-11-29,36.60921859741211,-0.0013988500765563,-0.0812943557443668
2016-11-30,35.22549057006836,-0.0385300984922873,-2.2195106182128064
2016-12-01,34.88383865356445,-0.0097463383197141,-0.5521269892481883
2016-12-02,35.16569137573242,0.0080472843453799,0.4727554288497869
2016-12-05,35.04611587524414,-0.0034061398154386,-0.18583002005179872
2016-12-06,34.721534729003906,-0.0093046988169695,-0.5342145239566142
2016-12-07,35.82340621948242,0.0312413929432148,1.8381831393816384
2016-12-08,35.3023681640625,-0.0146514362930756,-0.8489464574535213
2016-12-09,35.831947326660156,0.0148898304058807,0.8778441513160616
2016-12-12,36.43840408325195,0.0167833967976274,0.9816554329337766
2016-12-13,36.79713821411133,0.0097968005368935,0.5728311412022855
2016-12-14,36.583595275878906,-0.0058201528078351,-0.339853942436658
2016-12-15,38.18942642211914,0.0429587586429391,2.4982574118942873
2016-12-16,37.89900970458984,-0.0076336994846623,-0.44857480739893013
2016-12-19,38.086917877197266,0.004945877786416,0.27854921785484754
2016-12-20,37.85629653930664,-0.0060735392513946,-0.3599432444551431
2016-12-21,38.32608413696289,0.0123333912256218,0.7190652979880269
2016-12-22,38.42005157470703,0.0024487873905193,0.14327567648016143
2016-12-23,38.445655822753906,0.0006662073338239,0.03707513686348455
2016-12-27,38.47129440307617,0.0006666562102771,0.03550923455258523
2016-12-28,38.35978698730469,-0.0029026662659289,-0.16991322257036745
2016-12-29,38.46270751953125,0.0026794389966854,0.15757376841963033
2016-12-30,38.025238037109375,-0.011439037864745,-0.6766946981921618
2017-01-03,38.4713020324707,0.0116624634479235,0.6810067597371846
2017-01-04,38.42840576171875,-0.0011156420858196,-0.07354698696794307
2017-01-05,38.59996032714844,0.0044543291722829,0.25453846306987493
2017-01-06,38.65142822265625,0.0013324783952519,0.05737583573456012
2017-01-09,38.334041595458984,-0.0082454111436953,-0.525171939045614
2017-01-10,37.88800048828125,-0.0117038637787004,-0.7288115626742122
2017-01-11,38.660003662109375,0.0201711163572064,1.2018977989493327
2017-01-12,38.505592346191406,-0.004002082015862,-0.27360210716091354
2017-01-13,38.2568473815918,-0.0064809257271706,-0.4201194953023511
2017-01-17,38.51417922973633,0.0067039044092622,0.38272385352838834
2017-01-18,38.62568664550781,0.0028910471174049,0.15473653266053325
2017-01-19,38.248268127441406,-0.0098192307563441,-0.6370692786521586
2017-01-20,38.77151107788086,0.0135874448316455,0.8114216445714457
2017-01-23,38.47987747192383,-0.0075502847743011,-0.4949568903104467
2017-01-24,38.5399169921875,0.0015590675836745,0.06625550450157369
2017-01-25,38.67716217041016,0.0035547918734153,0.19958126150609187
2017-01-26,38.265419006347656,-0.0107027107258769,-0.703864950518859
2017-01-27,37.91373062133789,-0.0092332583198319,-0.6057330719725396
2017-01-30,38.111026763916016,0.0051903246333099,0.3207412548129104
2017-01-31,37.98235321044922,-0.0033819939699409,-0.23039842534676902
2017-02-01,37.64783477783203,-0.0088462192943673,-0.5846805641237103
2017-02-02,37.750762939453125,0.0027302424361919,0.1474762722127168
2017-02-03,38.05097961425781,0.0079211436158253,0.4882691310813808
2017-02-06,37.750762939453125,-0.0079211436158253,-0.5801310324809004
2017-02-07,37.68213653564453,-0.0018195355930805,-0.180323386790272
2017-02-08,38.14533233642578,0.012217249740411,0.781940977859161
2017-02-09,38.342620849609375,0.0051586934278565,0.306325663526913
2017-02-10,38.59138107299805,0.0064668698913157,0.3923391362582886
2017-02-13,38.62568664550781,0.0008885490159221,0.010869793865510463
2017-02-14,38.59138107299805,-0.0008885490159223,-0.10485623471701526
2017-02-15,38.91733932495117,0.0084109290387569,0.5441107223069195
2017-02-16,37.05596160888672,-0.0490106463923248,-3.356495680151333
2017-02-17,36.45550537109375,-0.0163367598834713,-1.1298029579500655
2017-02-21,38.57422637939453,0.0564918570376402,3.687715079373333
2017-02-22,38.29974365234375,-0.0071411400606433,-0.5037137875926904
2017-02-23,38.505592346191406,0.0053602834764682,0.32446819604485494
2017-02-24,38.92591857910156,0.0108568296436388,0.6917411247497756
2017-02-27,37.544883728027344,-0.0361231994566564,-2.3989641379830826
2017-02-28,37.673561096191406,0.003421434569455,0.19959244846645616
2017-03-01,37.7764892578125,0.0027283805640537,0.1588998641963856
2017-03-02,37.553462982177734,-0.00592133462592,-0.41077931247993704
2017-03-03,37.51058578491211,-0.0011424164465728,-0.09132181710489809
2017-03-06,37.44196319580078,-0.0018310947184131,-0.13483117810343853
2017-03-07,37.08169174194336,-0.0096687222545496,-0.652927136109839
2017-03-08,37.004486083984375,-0.0020842129577387,-0.1532831038068873
2017-03-09,37.57062149047851,0.0151832508420368,0.9881691583164541
2017-03-10,37.6135139465332,0.0011409976442174,0.05760992732790396
2017-03-13,37.92230987548828,0.0081761906756673,0.526072799143224
2017-03-14,37.62208938598633,-0.0079482284048696,-0.5408124314125993
2017-03-15,38.213958740234375,0.0156094993491024,1.0114193440438004
2017-03-16,38.49702453613281,0.0073800926175183,0.4648442979955888
2017-03-17,38.3855094909668,-0.0029009221608088,-0.2219291786282805
2017-03-20,38.11960220336914,-0.006951388017548,-0.48947972826907454
2017-03-21,37.82794570922851,-0.0076805094014369,-0.5359459164935566
2017-03-22,37.7421760559082,-0.0022699365343095,-0.1816303634502481
2017-03-23,37.759334564208984,0.0004545209348859,5.227211789810411e-05
2017-03-24,37.57062149047851,-0.0050103167024185,-0.36607159102245085
2017-03-27,37.339019775390625,-0.0061835152092902,-0.4430194569143797
2017-03-28,37.48483657836914,0.003897606851085,0.23465838045586357
2017-03-29,37.69161605834961,0.0055011907109204,0.34304870245633373
2017-03-30,37.28669738769531,-0.0108010593628426,-0.747636310061408
2017-03-31,37.11439514160156,-0.0046317210747096,-0.32826439851958045
2017-04-03,37.08854675292969,-0.0006966944721449,-0.0631204929375045
2017-04-04,37.4417724609375,0.0094787827672906,0.6182495219719087
2017-04-05,37.91560363769531,0.0125757409810034,0.8308192409488654
2017-04-06,38.00176239013672,0.0022698044977149,0.1324831620032538
2017-04-07,38.062068939208984,0.0015856829889971,0.0912646066307845
2017-04-10,38.2515983581543,0.0049671262130419,0.3179850069782498
2017-04-11,37.958683013916016,-0.0076870674494776,-0.5355282019569506
2017-04-12,38.24299240112305,0.0074620591977271,0.4903124609305042
2017-04-13,37.94145202636719,-0.0079161028653888,-0.5529271853554903
2017-04-17,38.0275993347168,0.0022679589578135,0.14273327519979173
2017-04-18,38.544532775878906,0.0135020739328671,0.9035408980569793
2017-04-19,38.44113540649414,-0.0026861475388077,-0.19543133864708828
2017-04-20,38.75128936767578,0.008035908474816,0.5299333281589659
2017-04-21,38.716819763183594,-0.0008899044304477,-0.08461194971864208
2017-04-24,39.104515075683594,0.0099638105861307,0.6573998548794144
2017-04-25,39.20789337158203,0.0026401526398488,0.15591215052813875
2017-04-26,38.87189483642578,-0.0086065963270171,-0.6095982711373669
2017-04-27,38.768516540527344,-0.0026630038444684,-0.19546953506716852
2017-04-28,38.79435729980469,0.0006663177614229,0.03113031006462282
2017-05-01,37.958683013916016,-0.0217765265444965,-1.5116728319716988
2017-05-02,37.68299865722656,-0.0072892503514733,-0.507584231544802
2017-05-03,38.79435729980469,0.0290657768959698,1.9942979876627402
2017-05-04,38.81159210205078,0.0004441618886764,0.017458888112207922
2017-05-05,38.62205123901367,-0.0048955785473682,-0.3484341642813442
2017-05-08,38.415287017822266,-0.0053679091815172,-0.3794137595788207
2017-05-09,38.16544342041016,-0.0065249961032746,-0.45542112330474355
2017-05-10,38.122371673583984,-0.0011291908504585,-0.0780339979279274
2017-05-11,38.4755973815918,0.0092229132496723,0.633096921222049
2017-05-12,38.65651321411133,0.0046910725739018,0.32063667288757647
2017-05-15,39.466346740722656,0.020733048851824,1.4208194438771204
2017-05-16,39.20789337158203,-0.0065702394713936,-0.46512662250971215
2017-05-17,38.647911071777344,-0.0143853617750431,-1.0157851119773522
2017-05-18,38.768516540527344,0.0031157616035576,0.20104471956224082
2017-05-19,39.39742660522461,0.0160920117082182,1.0969928159540563
2017-05-22,39.724796295166016,0.0082750849520522,0.5523975758005998
2017-05-23,39.67311477661133,-0.0013018359086807,-0.11268498961863345
2017-05-24,39.724796295166016,0.0013018359086808,0.0739843895900745
2017-05-25,40.08664321899414,0.0090676074840232,0.6126940192758914
2017-05-26,40.00910949707031,-0.0019360264062022,-0.15228973268832605
2017-05-30,39.94019317626953,-0.0017240009747593,-0.13449056703966267
2017-05-31,40.13833236694336,0.0049486324499989,0.32751119760345315
2017-06-01,40.44847106933594,0.0076970476637678,0.5190938759338425
2017-06-02,40.655242919921875,0.005098960045365,0.3380386058127804
2017-06-05,40.49155807495117,-0.0040342950053167,-0.29654035298179937
2017-06-06,40.3278694152832,-0.0040507310822118,-0.29727174128843425
2017-06-07,40.284793853759766,-0.0010687046892247,-0.0878373225896604
2017-06-08,39.966026306152344,-0.0079443231479113,-0.5665807355247574
2017-06-09,39.30265426635742,-0.0167376956934242,-1.1707539980327104
2017-06-12,39.087284088134766,-0.0054948562185555,-0.3888191803972934
2017-06-13,39.31988906860352,0.0059332750686995,0.3999806288318636
2017-06-14,39.39742660522461,0.0019700255536992,0.1221154045466765
2017-06-15,39.52664566040039,0.0032745185829533,0.2110175693402505
2017-06-16,38.93219757080078,-0.0151534088478931,-1.0660542868188483
2017-06-19,39.18204498291016,0.0063969963979158,0.43183197488630354
2017-06-20,38.79435729980469,-0.0099438000797714,-0.7015371454073104
2017-06-21,38.75128936767578,-0.0011107763854693,-0.08511990671085701
2017-06-22,38.63928985595703,-0.0028943985439147,-0.21040149064164598
2017-06-23,38.68235397338867,0.0011138956636614,0.07267263406130044
2017-06-26,38.68235397338867,0.0,-0.02222531167132912
2017-06-27,37.881134033203125,-0.0209303209817506,-1.5356817897051545
2017-06-28,38.10611343383789,0.0059215214534406,0.4093856803392183
2017-06-29,37.31008529663086,-0.0211110534512745,-1.5393320162720436
2017-06-30,37.37065124511719,0.0016219969049425,0.13257317078365016
2017-07-03,37.379295349121094,0.0002312805409576,0.025183137189897724
2017-07-05,37.31008529663086,-0.0018532774459002,-0.13276230754586252
2017-07-06,37.258155822753906,-0.0013928042687412,-0.09569689882709555
2017-07-07,37.396602630615234,0.0037089924190475,0.28765297737626705
2017-07-10,37.249507904052734,-0.0039411274319428,-0.2831494116101887
2017-07-11,37.19759368896485,-0.0013946607024799,-0.09151306881752294
2017-07-12,37.413909912109375,0.0057984846516545,0.45080093002501415
2017-07-13,37.4571647644043,0.0011554490781422,0.09793780209227412
2017-07-14,37.742698669433594,0.0075940371219761,0.5835023113734646
2017-07-17,37.80326843261719,0.0016035211007428,0.12769654077024625
2017-07-18,37.89844512939453,0.0025145202782779,0.19611417965109812
2017-07-19,38.192630767822266,0.0077324995283698,0.5896459669630345
2017-07-20,37.907108306884766,-0.0075039363918911,-0.5640950264309333
2017-07-21,38.09745788574219,0.0050089089739922,0.38162097441516235
2017-07-24,37.855186462402344,-0.0063795605037345,-0.4784783342745542
2017-07-25,38.2791633605957,0.0111377133182003,0.8481446963154505
2017-07-26,38.26185989379883,-0.0004521357660489,-0.03256412137194557
2017-07-27,38.2791633605957,0.000452135766049,0.02729022887511635
2017-07-28,38.01094055175781,-0.0070316830168474,-0.5418692870961896
2017-07-31,38.088809967041016,0.0020465097961577,0.15116627446352662
2017-08-01,37.742698669433594,-0.0091284930832677,-0.7056320550449193
2017-08-02,38.15802764892578,0.0109441146372517,0.8256960055152567
2017-08-03,37.561012268066406,-0.0157695542245028,-1.2120089220728163
2017-08-04,37.62157440185547,0.0016110684553657,0.11115766318423091
2017-08-07,38.0628547668457,0.0116611929400449,0.8844466968775868
2017-08-08,37.760013580322266,-0.0079881651407029,-0.6193405144980653
2017-08-09,37.612918853759766,-0.0039031230059246,-0.304174114401573
2017-08-10,37.43987274169922,-0.0046113253091374,-0.3573337031435631
2017-08-11,37.71674728393555,0.0073679682427735,0.5563805729980693
2017-08-14,37.81192398071289,0.0025202812537929,0.18420323719821932
2017-08-15,37.95037460327149,0.0036548726547621,0.26861742296974056
2017-08-16,38.23590850830078,0.0074957126211358,0.558848576262796
2017-08-17,37.561012268066406,-0.0178084827121101,-1.3687594774053538
2017-08-18,37.154335021972656,-0.0108861506251284,-0.8340753361984407
2017-08-21,37.30141830444336,0.0039508961289136,0.29594864188078485
2017-08-22,37.58695602416992,0.0076257257817018,0.5747868768155504
2017-08-23,37.29276657104492,-0.0078576938218828,-0.6034377058136215
2017-08-24,36.237152099609375,-0.0287144884955025,-2.1660758755240233
2017-08-25,35.89103317260742,-0.0095974016938378,-0.7180250202895706
2017-08-28,35.73529815673828,-0.004348547758608,-0.32074561146924335
2017-08-29,36.24579620361328,0.0141844635925917,1.0705264042850773
2017-08-30,36.02083206176758,-0.0062259683045831,-0.45997510653218165
2017-08-31,35.1815299987793,-0.0235762105258611,-1.7687751731994024
2017-09-01,35.37190246582031,0.005396560377194,0.43000355130530366
2017-09-05,35.242095947265625,-0.0036765136569337,-0.26209565074342317
2017-09-06,35.1209716796875,-0.0034428398677057,-0.24162830640402166
2017-09-07,35.441104888916016,0.009073865773474,0.7110155558411859
2017-09-08,35.155574798583984,-0.0080890956495291,-0.6046384322558528
2017-09-11,35.640106201171875,0.0136883765038345,1.0663733684363215
2017-09-12,35.458412170410156,-0.0051110608337533,-0.3896588513587742
2017-09-13,35.57954406738281,0.0034103462652786,0.2767019496195278
2017-09-14,35.19883346557617,-0.0107579259881464,-0.8431756571487196
2017-09-15,35.35458755493164,0.0044152172956857,0.3608112950668227
2017-09-18,35.22479248046875,-0.0036779926578008,-0.2804749627992306
2017-09-19,35.1123161315918,-0.0031982106449612,-0.24169999967416989
2017-09-20,34.96521759033203,-0.0041981716391458,-0.31980095797381153
2017-09-21,34.77485275268555,-0.0054592807121847,-0.41725188735386115
2017-09-22,34.653724670410156,-0.0034892895596341,-0.2571807658827379
2017-09-25,35.04309844970703,0.0111734742805824,0.8997125774371593
2017-09-26,35.155574798583984,0.0032045176902454,0.2644829325818925
2017-09-27,35.10366439819336,-0.0014776820936235,-0.10330913722370089
2017-09-28,35.251556396484375,0.0042041575437426,0.35009930801539824
2017-09-29,35.373348236083984,0.0034489805250461,0.2871547395864245
2017-10-02,35.756141662597656,0.0107633872426034,0.8730198790694788
2017-10-03,35.616939544677734,-0.0039006945494521,-0.2954972455005552
2017-10-04,35.68653869628906,0.001952195753482,0.16628987301473905
2017-10-05,35.756141662597656,0.0019484987959701,0.1644288239216101
2017-10-06,35.7822380065918,0.0007295760757335,0.06664999750712709
2017-10-09,35.50385284423828,-0.007810403802757,-0.6155939549928012
2017-10-10,36.06062316894531,0.0155602776559796,1.2465894648774356
2017-10-11,36.28683090209961,0.0062533913103368,0.49888479455871404
2017-10-12,36.37382507324219,0.0023945341957639,0.1901615340003934
2017-10-13,36.26071548461914,-0.0031144873825828,-0.2539125474149481
2017-10-16,36.14762496948242,-0.0031236900717134,-0.2523188862240766
2017-10-17,35.7822380065918,-0.0101596219050271,-0.812247603758467
2017-10-18,35.50385284423828,-0.007810403802757,-0.6203955400379323
2017-10-19,35.43424987792969,-0.0019623583370161,-0.15202232264062482
2017-10-20,35.68653869628906,0.0070946872680695,0.5693204478324412
2017-10-23,35.70394515991211,0.0004876410139771,0.04206850218965786
2017-10-24,35.747440338134766,0.001217476282427,0.10312090964851195
2017-10-25,35.73874282836914,-0.000243334010106,-0.01257282796215554
2017-10-26,35.59084701538086,-0.0041468351423264,-0.3174885781511018
2017-10-27,35.390743255615234,-0.0056382025000671,-0.44042111426744474
2017-10-30,34.1901741027832,-0.0345120001390465,-2.760265306899715
2017-10-31,36.043235778808594,0.0527809158438451,4.152067482731488
2017-11-01,35.9040412902832,-0.0038693517770976,-0.28638723001189914
2017-11-02,35.80834197998047,-0.0026689774554303,-0.1944949554728504
2017-11-03,35.64305114746094,-0.004626673326785,-0.352509755487246
2017-11-06,35.1645622253418,-0.01351538861238,-1.0539979022227628
2017-11-07,35.85184097290039,0.0193560973063711,1.5607467038371081
2017-11-08,36.19113540649414,0.0094192927401288,0.7928097149525689
2017-11-09,35.9736213684082,-0.0060282804658241,-0.48869269064179177
2017-11-10,36.495628356933594,0.0144065522677278,1.23386193564832
2017-11-13,36.58262634277344,0.0023809552457499,0.19254163963773271
2017-11-14,37.000213623046875,0.0113502486052624,0.9649497267235239
2017-11-15,36.495628356933594,-0.0137312038510123,-1.1944768045577203
2017-11-16,36.70441818237305,0.0057046518829344,0.49154616495283676
2017-11-17,36.80010986328125,0.0026036963303391,0.22548477135224765
2017-11-20,36.63481140136719,-0.0045019110321199,-0.3908233549155708
2017-11-21,36.81752395629883,0.0049750067413642,0.43102124497200933
2017-11-22,36.82621383666992,0.0002359978097759,0.022803700308571144
2017-11-24,36.66960906982422,-0.0042616028411986,-0.3764664376270742
2017-11-27,36.94801330566406,0.0075635575854519,0.6649075657002387
2017-11-28,37.06980514526367,0.0032908819001871,0.285606256512815
2017-11-29,37.356910705566406,0.0077151592986704,0.6710227112690057
2017-11-30,37.356910705566406,0.0,-0.02097796425418505
2017-12-01,37.339500427246094,-0.0004661610476743,-0.06634588854254073
2017-12-04,37.50479888916016,0.0044171361663221,0.37534701188222364
2017-12-05,37.40040588378906,-0.0027873382971318,-0.27468756321639826
2017-12-06,37.69620132446289,0.0078777718836187,0.6815291937253511
2017-12-07,37.130706787109375,-0.0151150252722133,-1.3934736602516318
2017-12-08,37.10460662841797,-0.0007031736936504,-0.08256872942542202
2017-12-11,37.29600143432617,0.0051449909642274,0.4585273827956306
2017-12-12,37.30470657348633,0.0002333795330403,0.012948205210739345
2017-12-13,37.356910705566406,0.0013984197634616,0.12386613995328422
2017-12-14,37.20900344848633,-0.0039671598676903,-0.3734646870212919
2017-12-15,37.739707946777344,0.0141620411711815,1.3538741305858157
2017-12-18,37.50479888916016,-0.0062439061848434,-0.5911866203377666
2017-12-19,37.6265983581543,0.0032423082801251,0.3137217716981252
2017-12-20,37.365604400634766,-0.0069605906127971,-0.6585492714588548
2017-12-21,37.49609375,0.0034861480501874,0.34145515906733953
2017-12-22,37.72229766845703,0.0060146088240187,0.5814091784135005
2017-12-26,37.77449417114258,0.0013827477891523,0.13873897628111204
2017-12-27,37.6265983581543,-0.0039229140505612,-0.36616270491691205
2017-12-28,37.652828216552734,0.0006968666115939,0.0735975513381377
2017-12-29,37.425479888916016,-0.0060563171515692,-0.567710201017236
2018-01-02,37.084449768066406,-0.009154014876387,-0.8649768776452096
2018-01-03,37.23310852050781,0.0040006414134154,0.39545496411477027
2018-01-04,37.32054901123047,0.0023457073391574,0.23567262995104846
2018-01-05,37.80147933959961,0.0128041510451987,1.2304406199790943
2018-01-08,37.60910415649414,-0.0051020849196706,-0.476582333598133
2018-01-09,37.59162521362305,-0.0004648610015423,-0.03700350611729784
2018-01-10,37.276824951171875,-0.0084094733351379,-0.7983452098751352
2018-01-11,37.17189025878906,-0.0028189811355869,-0.2566827027062168
2018-01-12,37.13692092895508,-0.0009411893921182,-0.07689069171630684
2018-01-16,37.59162521362305,0.0121696438628431,1.177540983466548
2018-01-17,38.35237503051758,0.0200351643804697,1.9165978034179083
2018-01-18,38.19497299194336,-0.0041125464039205,-0.38877464879178125
2018-01-19,38.59720230102539,0.0104758847126607,0.9974689186879827
2018-01-22,38.719627380371094,0.0031668443252507,0.30404702013506996
2018-01-23,38.91200256347656,0.004956113301276,0.4710731609152712
2018-01-24,38.99069595336914,0.0020203001476743,0.18932862699329334
2018-01-25,38.88576889038086,-0.0026947069744963,-0.26050290302362183
2018-01-26,38.842041015625,-0.0011251540323064,-0.11384688616261217
2018-01-29,38.94697570800781,0.002697932444778,0.24941969421003887
2018-01-30,38.77208709716797,-0.0045005407868497,-0.4398093414546769
2018-01-31,38.824554443359375,0.0013523099233559,0.1218243130942763
2018-02-01,40.10997009277344,0.0325720412068291,3.0576944819316307
2018-02-02,39.786434173583984,-0.0080989298735943,-0.7850330853985384
2018-02-05,38.42232894897461,-0.0348872306337707,-3.2340994255735516
2018-02-06,38.95572662353515,0.0137870128599886,1.2624545728163032
2018-02-07,38.518516540527344,-0.0112867117247321,-1.048740909682071
2018-02-08,37.32054901123047,-0.0315949879965992,-2.8643708117723543
2018-02-09,36.84836196899414,-0.0127329204517437,-1.1407319059394707
2018-02-12,37.18938446044922,0.0092121902575867,0.8483761894878904
2018-02-13,37.425479888916016,0.0063283963179711,0.5846201080512266
2018-02-14,37.56538772583008,0.0037313343261787,0.3476175415695676
2018-02-15,38.54473876953125,0.025736525369994,2.3119851713530606
2018-02-16,38.59720230102539,0.0013601819932091,0.11190562693876355
2018-02-20,38.26493453979492,-0.0086458650426146,-0.8280505386969181
2018-02-21,38.14250183105469,-0.0032047355425285,-0.31400017333680585
2018-02-22,38.04631423950195,-0.0025249806367258,-0.24849315858007326
2018-02-23,38.25618362426758,0.0055009972118516,0.5496305884065418
2018-02-26,39.148094177246094,0.0230465306466713,2.271278014627368
2018-02-27,38.4835319519043,-0.0171213329553799,-1.7330701806927344
2018-02-28,38.38734817504883,-0.0025024775803705,-0.25938592378501546
2018-03-01,38.14250183105469,-0.0063987366860466,-0.6474703715183477
2018-03-02,38.842041015625,0.0181739973525413,1.8040259565676067
2018-03-05,39.40168380737305,0.0143053602550748,1.4054892218954564
2018-03-06,39.84764099121094,0.0112546546562749,1.0939035723776178
2018-03-07,38.1075325012207,-0.0446512402387209,-4.289610757470282
2018-03-08,38.47479248046875,0.0095913200543339,0.9029870575660225
2018-03-09,38.71088409423828,0.0061175171492322,0.5760316355874662
2018-03-12,38.81582260131836,0.0027071592652793,0.24793528458877034
2018-03-13,38.509765625,-0.0079161007781035,-0.76592514090871
2018-03-14,38.36985397338867,-0.0036397632247194,-0.35730387726980933
2018-03-15,37.941383361816406,-0.0112296728302524,-1.078803321315561
2018-03-16,37.766510009765625,-0.004619694334868,-0.4378828571272677
2018-03-19,37.031986236572266,-0.0196406992711149,-1.8662284038062686
2018-03-20,37.031986236572266,0.0,0.01100361845585464
2018-03-21,36.75217056274414,-0.0075847452192925,-0.715624749076757
2018-03-22,35.895225524902344,-0.0235929939320412,-2.219062386670749
2018-03-23,35.42304992675781,-0.0132415567920085,-1.228292411483623
2018-03-26,36.14007568359375,0.0200396432174497,1.8967065863293657
2018-03-27,35.77281188964844,-0.0102142188804898,-0.9423340019948798
2018-03-28,35.68489456176758,-0.0024606827341135,-0.21258098098535297
2018-03-29,36.68712615966797,0.0276984299553608,2.5758343599605324
2018-04-02,35.79039764404297,-0.0247462724854688,-2.258454744166046
2018-04-03,36.20359802246094,0.0114788715830398,1.0615547951846005
2018-04-04,36.986045837402344,0.0213821952013188,1.9466598157635524
2018-04-05,37.100337982177734,0.0030853776240784,0.2844385905409822
2018-04-06,36.46735000610352,-0.0172087397180224,-1.550515586211902
2018-04-09,36.643165588378906,0.0048095932510455,0.4502691723307246
2018-04-10,36.69591522216797,0.0014385138810686,0.14392963334593256
2018-04-11,36.775054931640625,0.0021543131910383,0.2100750802566665
2018-04-12,36.95088195800781,0.0047697558588461,0.4436206947384938
2018-04-13,37.00362777709961,0.001426439799935,0.14178538087346254
2018-04-16,37.12670135498047,0.0033204679488367,0.3104349636574704
2018-04-17,36.84537887573242,-0.00760621668836,-0.6811428031851829
2018-04-18,36.915714263916016,0.0019071140762082,0.18981682658769888
2018-04-19,36.05413055419922,-0.0236158855570219,-2.1145716503986858
2018-04-20,35.26289749145508,-0.0221900870265844,-1.9616133311722068
2018-04-23,35.47390365600586,0.0059659692546373,0.567293785996294
2018-04-24,34.9639892578125,-0.0144786643927279,-1.2592985906735703
2018-04-25,34.884864807128906,-0.0022655914857209,-0.1617071267073868
2018-04-26,34.9639892578125,0.0022655914857208,0.2412683902777035
2018-04-27,35.10464859008789,0.0040149066841258,0.39592499162098527
2018-04-30,34.72661590576172,-0.0108271382457574,-0.9312255914742382
2018-05-01,34.278255462646484,-0.0129952203075898,-1.134136079061594
2018-05-02,33.311180114746094,-0.0286181217931409,-2.50375931094763
2018-05-03,33.029842376708984,-0.0084816125539321,-0.7072935354606324
2018-05-04,34.199127197265625,0.0347886559288729,3.1199504102183218
2018-05-07,34.01449966430664,-0.005413228772579,-0.4339682382847641
2018-05-08,33.91779327392578,-0.0028471423979672,-0.20806814873557544
2018-05-09,34.084835052490234,0.0049128134793713,0.47415318532866835
2018-05-10,34.37495422363281,0.0084756588057713,0.7849033733631339
2018-05-11,34.48925018310547,0.0033194622782019,0.3319455972704878
2018-05-14,34.48046112060547,-0.0002548673144033,0.01758777060001482
2018-05-15,34.647491455078125,0.0048325070627932,0.4764084936677684
2018-05-16,34.74420166015625,0.0027873730514955,0.29108055780345166
2018-05-17,34.74420166015625,0.0,0.03776314474797001
2018-05-18,34.858497619628906,0.0032842422317147,0.3312156257868603
2018-05-21,34.5859489440918,-0.0078494419184641,-0.657615788818882
2018-05-22,34.66507339477539,0.0022851499499355,0.25371256556160204
2018-05-23,34.68265914916992,0.0005071760568479,0.09343288358199556
2018-05-24,34.77936553955078,0.0027844409458406,0.29732951918892003
2018-05-25,34.79694747924805,0.0005054001659086,0.0959247439372228
2018-05-29,34.577171325683594,-0.0063359907870166,-0.5173165508533173
2018-05-30,34.884864807128906,0.0088593859642498,0.8431702264682421
2018-05-31,34.52440643310547,-0.0103865552285283,-0.8774413768193571
2018-06-01,34.77936553955078,0.0073577598853863,0.7133143291320213
2018-06-04,34.972774505615234,0.0055456208687638,0.5506572264638896
2018-06-05,34.5156135559082,-0.0131580990246897,-1.1200671874174652
2018-06-06,34.71782302856445,0.0058413985384295,0.5752834016117042
2018-06-07,34.56836700439453,-0.0043141715803972,-0.33127988017762844
2018-06-08,34.972774505615234,0.0116308720666573,1.0851368579641578
2018-06-11,35.368408203125,0.011249110529703,1.043265147307165
2018-06-12,35.54422378540039,0.0049586635722353,0.47707410359019076
2018-06-13,35.28927230834961,-0.0071986444856005,-0.6052091550001859
2018-06-14,35.51785659790039,0.00645655563687,0.6136049949941608
2018-06-15,35.88709259033203,0.0103421201955896,0.9567013432321476
2018-06-18,35.32444763183594,-0.0158024012720596,-1.3747135556173233
2018-06-19,35.46510314941406,0.0039739114354618,0.3897952975151103
2018-06-20,35.8343505859375,0.0103577438067927,0.9517641173403469
2018-06-21,35.816768646240234,-0.0004907652591769,-0.015898160671116213
2018-06-22,36.30910110473633,0.0136522473025021,1.235835743127606
2018-06-25,36.44096374511719,0.0036250905083491,0.3433146772470533
2018-06-26,36.20359802246094,-0.0065350127148642,-0.5572326410301507
2018-06-27,36.03655242919922,-0.0046247381809413,-0.39582426807735915
2018-06-28,36.151466369628906,0.0031837426600104,0.303496275552249
2018-06-29,36.2398567199707,0.0024420162664605,0.23037593864127245
2018-07-02,36.11610412597656,-0.0034206639844391,-0.29588422707203293
2018-07-03,36.07191467285156,-0.0012242878909782,-0.09754157944286578
2018-07-05,37.0000114440918,0.0254036462956019,2.2674012107967894
2018-07-06,37.43311309814453,0.0116374677172838,1.0335076641705443
2018-07-09,37.27401351928711,-0.004259294302635,-0.3776819985012935
2018-07-10,37.19446563720703,-0.0021364183406914,-0.1895334444490852
2018-07-11,37.34473419189453,0.0040319391300805,0.3572067934222106
2018-07-12,37.52151107788086,0.0047224811097846,0.41907783705771523
2018-07-13,37.857383728027344,0.0089116422800273,0.7880254861959982
2018-07-16,37.39776611328125,-0.0122150664926121,-1.080478865659499
2018-07-17,37.857383728027344,0.012215066492612,1.080720100210231
2018-07-18,37.238670349121094,-0.0164782926771931,-1.4464676064025128
2018-07-19,37.33588409423828,0.0026071573852092,0.23796354900999125
2018-07-20,37.52151107788086,0.0049594930119565,0.44134439601008885
2018-07-23,36.84089279174805,-0.0183059518606244,-1.5965134877217708
2018-07-24,36.69948196411133,-0.0038458058555617,-0.3271779952567885
2018-07-25,36.68180084228515,-0.0004818973310943,-0.027540253970167378
2018-07-26,38.24630355834961,0.0417661743948032,3.5823566352330083
2018-07-27,37.91926193237305,-0.0085877032166292,-0.7325532379663275
2018-07-30,38.00764846801758,0.0023282015586708,0.19962927717872872
2018-07-31,38.343536376953125,0.0087985556871172,0.7512412058988653
2018-08-01,37.857383728027344,-0.0127599310966542,-1.09251856644806
2018-08-02,38.149078369140625,0.0076755598180353,0.6572324563901264
2018-08-03,38.67941665649414,0.0138059898459884,1.1731025331590195
2018-08-06,38.24630355834961,-0.0112606725965284,-0.9687722480218047
2018-08-07,37.954620361328125,-0.0076556715228294,-0.6545902858291104
2018-08-08,37.46847915649414,-0.012891221398063,-1.0996065005446347
2018-08-09,37.26517105102539,-0.005440885235822,-0.46196374204515056
2018-08-10,37.07072067260742,-0.0052316806168793,-0.4438302785673643
2018-08-13,37.03536605834961,-0.0009541622962356,-0.07543524596331037
2018-08-14,37.008846282958984,-0.0007163227397804,-0.05399549573559694
2018-08-15,36.955810546875,-0.0014340834513819,-0.1136948271283195
2018-08-16,37.22098159790039,0.0071497343834138,0.6209730609158387
2018-08-17,37.751319885253906,0.0141478152038759,1.2110002768550303
2018-08-20,37.84854507446289,0.0025721009650444,0.21453349709375127
2018-08-21,37.61873626708984,-0.0060903086376957,-0.525626548702716
2018-08-22,37.35356521606445,-0.0070738699902203,-0.6051114308898128
2018-08-23,37.20330047607422,-0.0040308814501183,-0.3454297196825492
2018-08-24,37.46847915649414,0.0071025438657996,0.6056814597609098
2018-08-27,37.556861877441406,0.002356077576306,0.18935345843281887
2018-08-28,37.34473419189453,-0.0056641851127211,-0.5079894766136798
2018-08-29,37.60105895996094,0.0068402976800112,0.5837686261872425
2018-08-30,37.512672424316406,-0.0023534066224612,-0.21937277714785203
2018-08-31,37.760162353515625,0.0065758336789234,0.5536530429256734
2018-09-04,37.671775817871094,-0.0023434788562502,-0.22816073750311203
2018-09-05,38.440765380859375,0.0202073329281866,1.7372591390732797
2018-09-06,38.440765380859375,0.0,-0.031355018530566395
2018-09-07,37.5833740234375,-0.022556722578785,-1.980307916076769
2018-09-10,37.91926193237305,0.0088974410110536,0.7469974693420458
2018-09-11,37.8838996887207,-0.0009330018817504,-0.10239453037172418
2018-09-12,38.31700897216797,0.0113676845871565,0.9622182300469002
2018-09-13,38.776641845703125,0.0119241549657881,1.00579745293365
2018-09-14,38.71476745605469,-0.0015969357985696,-0.1717887786426449
2018-09-17,38.635215759277344,-0.0020569293364733,-0.20960398227543
2018-09-18,38.4230842590332,-0.0055057543719797,-0.508905133291722
2018-09-19,38.39657211303711,-0.0006902438334349,-0.0909190920318439
2018-09-20,38.776641845703125,0.0098498633404578,0.8203515730870979
2018-09-21,38.83851623535156,0.0015943896601044,0.10050106102855257
2018-09-24,38.40541076660156,-0.0112140856722699,-1.0087288542632389
2018-09-25,38.23746871948242,-0.0043824636296609,-0.4110012976514278
2018-09-26,38.21979904174805,-0.0004622105541132,-0.06900631060882209
2018-09-27,38.2998161315918,0.0020914145694228,0.15174276473440834
2018-09-28,38.20199966430664,-0.0025572339577291,-0.2500456909302492
2018-10-01,38.08639907836914,-0.0030306226457022,-0.28895951021665967
2018-10-02,38.442100524902344,0.0092959880274722,0.7834933387951731
2018-10-03,38.04194259643555,-0.0104639232802061,-0.9314291665749385
2018-10-04,37.67734909057617,-0.0096302095664254,-0.8538238071012401
2018-10-05,37.72180938720703,0.0011793315119555,0.08385888043064298
2018-10-08,38.16643524169922,0.0117180452488231,0.9920800485756192
2018-10-09,38.024147033691406,-0.0037350646018665,-0.34709196275381454
2018-10-10,37.58842849731445,-0.0115251558704094,-1.0140138717364693
2018-10-11,36.6280403137207,-0.0258821744286103,-2.2271550493157246
2018-10-12,36.565792083740234,-0.0017009150347542,-0.14795410035987916
2018-10-15,36.494651794433594,-0.0019474371633609,-0.16955050894705898
2018-10-16,36.70807647705078,0.0058310746712624,0.4956888560008094
2018-10-17,36.60136413574219,-0.0029112871626747,-0.2581817807221972
2018-10-18,36.494651794433594,-0.0029197875085876,-0.26078822569259563
2018-10-19,37.17047500610352,0.0183490398421255,1.55596077167391
2018-10-22,36.850341796875,-0.0086498695661569,-0.751746146113614
2018-10-23,36.690277099609375,-0.0043531031538669,-0.38198305949782857
2018-10-24,36.74363708496094,0.0014532793283739,0.11509348199357941
2018-10-25,36.459083557128906,-0.0077744367580926,-0.671836083178349
2018-10-26,35.66765213012695,-0.0219464581361742,-1.8655051619419347
2018-10-29,35.66765213012695,0.0,-0.0026291534861668307
2018-10-30,37.45503234863281,0.0488969008373377,4.058273868974137
2018-10-31,37.33053970336914,-0.0033293256129948,-0.3018015290246051
2018-11-01,37.67734909057617,0.0092473435576707,0.7871808204537372
2018-11-02,37.33053970336914,-0.0092473435576708,-0.8171773151575848
2018-11-05,37.97969436645508,0.0172399076752689,1.4689861498609456
2018-11-06,38.63774108886719,0.0171778890740398,1.4510778103860449
2018-11-07,38.824466705322266,0.0048210858802521,0.39100524417230675
2018-11-08,39.073463439941406,0.0063929190976825,0.5288379191506546
2018-11-09,39.393585205078125,0.0081594388143819,0.6771651081847035
2018-11-12,39.5269775390625,0.0033804234630859,0.2667755261524394
2018-11-13,39.197959899902344,-0.0083587123855226,-0.7508830612487422
2018-11-14,38.91339874267578,-0.0072860700681973,-0.6518085853425721
2018-11-15,39.073463439941406,0.0041049201762521,0.3347407549758823
2018-11-16,39.36691665649414,0.0074822326266902,0.6287721569527025
2018-11-19,39.50918960571289,0.0036075082875452,0.2902258078173871
2018-11-20,38.85115051269531,-0.0167956024930101,-1.4800735461531698
2018-11-21,38.66440963745117,-0.0048181613122079,-0.43564177541248283
2018-11-23,38.940086364746094,0.0071046885450584,0.597812024202074
2018-11-26,39.08235931396485,0.0036469789090136,0.29481950962165954
2018-11-27,39.60700988769531,0.0133349232173332,1.1323462070358221
2018-11-28,39.500301361083984,-0.002697818688249,-0.2557778925943706
2018-11-29,39.598121643066406,0.0024733826070398,0.19456641205722397
2018-11-30,39.9982795715332,0.0100547585977357,0.8477624966448947
2018-12-03,40.0427360534668,0.0011108426388135,0.07222159065718772
2018-12-04,39.54476547241211,-0.0125139518131492,-1.100165800242463
2018-12-06,39.34913635253906,-0.0049593065192942,-0.4461058742053356
2018-12-07,38.94896697998047,-0.0102217765135798,-0.8941419535517232
2018-12-10,39.064579010009766,0.0029638984665255,0.23941671756470262
2018-12-11,39.31355667114258,0.0063532641200408,0.5304508807048939
2018-12-12,39.18906784057617,-0.0031715865728836,-0.2918022881238281
2018-12-13,39.43805313110352,0.0063333394306643,0.5292919907990077
2018-12-14,38.726654052734375,-0.0182030675351567,-1.5806430704252445
2018-12-17,38.0686149597168,-0.0171379098567916,-1.4782380867308196
2018-12-18,37.47282791137695,-0.0157741070175612,-1.3500366288702783
2018-12-19,36.823673248291016,-0.0174751481649037,-1.486298214304764
2018-12-20,36.60136413574219,-0.0060554219588808,-0.5076355998194364
2018-12-21,36.17451858520508,-0.0117305466939347,-0.9892823834760353
2018-12-24,35.107425689697266,-0.0299422982795957,-2.499508833312352
2018-12-26,35.569828033447266,0.0130850851458439,1.1193686834356564
2018-12-27,35.77437210083008,0.0057340225955716,0.4998450853515716
2018-12-28,35.7027587890625,-0.0020038111445759,-0.1508641378014582
2018-12-31,35.82806396484375,0.0035035331380546,0.3108783067114229
2019-01-02,35.7027587890625,-0.0035035331380545,-0.27870095327956773
2019-01-03,35.56850814819336,-0.0037673190170394,-0.3029528394980892
2019-01-04,36.55304718017578,0.027303909115943,2.279300228316772
2019-01-07,36.80364608764648,0.0068323658322574,0.5731119345957589
2019-01-08,37.662879943847656,0.0230780737906901,1.9117760860968105
2019-01-09,37.52861785888672,-0.0035712076917536,-0.2949998498886889
2019-01-10,37.89558792114258,0.0097309067870829,0.8020625019818655
2019-01-11,37.797122955322266,-0.0026017041858189,-0.21989187000096497
2019-01-14,38.02088928222656,0.0059027392043598,0.4809755171487077
2019-01-15,38.4326057434082,0.0107704805666046,0.8785386166323427
2019-01-16,38.19093704223633,-0.0063079699457466,-0.527055685667521
2019-01-17,38.5221061706543,0.0086340255016379,0.7160388368130859
2019-01-18,38.80851745605469,0.0074074818384022,0.610002451360756
2019-01-22,38.602657318115234,-0.0053186280615786,-0.44229348524986073
2019-01-23,38.94276809692383,0.0087719670856741,0.7268295113183066
2019-01-24,38.51314926147461,-0.0110933613835826,-0.9169381260219288
2019-01-25,38.23569869995117,-0.0072301220807405,-0.5930069851972557
2019-01-28,38.59371566772461,0.009319856519908,0.774320458591467
2019-01-29,38.87117004394531,0.0071633891953807,0.592597407931256
2019-01-30,39.21127700805664,0.0087115383256554,0.7180774573081598
2019-01-31,41.40410232543945,0.0544155817068735,4.309388917163373
2019-02-01,40.786529541015625,-0.0150280973212186,-1.2079087066197207
2019-02-04,41.26984405517578,0.0117801965214142,0.9365277664387777
2019-02-05,41.15349578857422,-0.0028231892592707,-0.23756106186077014
2019-02-06,41.35040283203125,0.0047732875806926,0.3657748819868516
2019-02-07,41.61891174316406,0.0064725097441741,0.5077936718406687
2019-02-08,41.9769172668457,0.0085652051449819,0.6730619133920009
2019-02-11,42.46917343139648,0.0116586034051738,0.9233273844151608
2019-02-12,42.558685302734375,0.00210547238841,0.12736084397669356
2019-02-13,42.61240005493164,0.0012613379081235,0.05994638187975233
2019-02-14,42.35283279418945,-0.0061099830965935,-0.5486052853175224
2019-02-15,43.10466766357422,0.0175959807801176,1.4116194400632136
2019-02-19,43.05096054077149,-0.0012467468667772,-0.1407703748820266
2019-02-20,42.95250701904297,-0.002289525469824,-0.22663162404778556
2019-02-21,43.32842254638672,0.0087138121449542,0.6866564084871049
2019-02-22,42.71084976196289,-0.0143558487685085,-1.2330828366828712
2019-02-25,42.25438690185547,-0.010744800334897,-0.9281140860800466
2019-02-26,42.4512825012207,0.0046489439342789,0.3522917158582065
2019-02-27,42.18277359008789,-0.0063451954074749,-0.5559519884023437
2019-02-28,42.20963287353515,0.0006365332019708,0.022680933692000957
2019-03-01,42.27227020263672,0.0014828581814188,0.09250887869846262
2019-03-04,42.057472229003906,-0.0050942510190231,-0.46100502917532865
2019-03-05,42.0037727355957,-0.0012776280136093,-0.13415321575610367
2019-03-06,42.03956604003906,0.0008517821192947,0.05036922953883711
2019-03-07,41.89636993408203,-0.0034120366495983,-0.3063509080034676
2019-03-08,41.69050598144531,-0.0049257581796922,-0.46151885131521386
2019-03-11,42.17383575439453,0.0115265943616824,0.9746667905694597
2019-03-12,42.02165603637695,-0.0036149176280062,-0.34417319211296604
2019-03-13,42.31703186035156,0.0070045441546281,0.5815082012122199
2019-03-14,42.37968063354492,0.0014793675639674,0.09606229221407533
2019-03-15,42.78244400024414,0.0094588144984742,0.7879685450149779
2019-03-18,42.99726104736328,0.0050085855639978,0.39457171190719176
2019-03-19,43.17625045776367,0.0041541690637303,0.3168751371621995
2019-03-20,43.122562408447266,-0.0012442362637351,-0.16267985977345004
2019-03-21,43.749080657958984,0.0144242491585722,1.2077082837359963
2019-03-22,43.97283554077149,0.0051014701405686,0.3854901319303177
2019-03-25,44.22344970703125,0.0056831155661298,0.43014596774845576
2019-03-26,44.56354904174805,0.0076610540490553,0.5994705697683164
2019-03-27,44.42035675048828,-0.0032183890689902,-0.3605166207069933
2019-03-28,44.4023551940918,-0.0004053367939088,-0.11299642781527439
2019-03-29,44.91521072387695,0.0114839933415997,0.9443190420183168
2019-04-01,44.708282470703125,-0.0046177316571757,-0.4879865975509649
2019-04-02,44.66328811645508,-0.0010069053895759,-0.1721682237138793
2019-04-03,44.74427032470703,0.0018115298484847,0.08881953449828406
2019-04-04,44.67228317260742,-0.0016101530384874,-0.2173323774584138
2019-04-05,44.69928359985352,0.0006042285940069,-0.012453148683301931
2019-04-08,44.63629531860352,-0.0014101501876492,-0.2049024736192596
2019-04-09,44.66328811645508,0.0006045447836448,-0.01675723103657791
2019-04-10,44.71726608276367,0.0012078236335472,0.03921978102841813
2019-04-11,44.69026947021485,-0.0006039001791586,-0.12761778010163763
2019-04-12,44.79823684692383,0.0024129898584562,0.1527906263297484
2019-04-15,45.23911666870117,0.0097933430575859,0.8324903778197481
2019-04-16,45.095157623291016,-0.0031872546363353,-0.36629505842776694
2019-04-17,45.19413757324219,0.0021925077471516,0.12802458009173814
2019-04-18,45.068172454833984,-0.0027910918775157,-0.3318344393919624
2019-04-22,45.149147033691406,0.0017951010085599,0.08444675128369342
2019-04-23,45.31110000610352,0.0035806478700994,0.2442218532873694
2019-04-24,45.329097747802734,0.0003971249485712,-0.05439855390391168
2019-04-25,44.996185302734375,-0.0073714455424307,-0.7935182223890065
2019-04-26,45.24812316894531,0.0055834772296541,0.4312811101274157
2019-04-29,45.46405792236328,0.0047608856646451,0.35231620755744064
2019-04-30,45.75196838378906,0.006312737557262,0.49830469050998394
2019-05-01,46.4627685546875,0.0154165000593395,1.3491249396628158
2019-05-02,46.318809509277344,-0.0031031841436248,-0.40790445452231916
2019-05-03,46.57073593139648,0.0054242280680894,0.39486911471236674
2019-05-06,46.426780700683594,-0.0030958965552067,-0.4294651761698836
2019-05-07,45.89593124389648,-0.0114999937932922,-1.2458093746788585
2019-05-08,45.89593124389648,0.0,-0.11701562201800421
2019-05-09,46.201847076416016,0.0066433080839477,0.533028816105979
2019-05-10,46.669708251953125,0.0100755313473258,0.8676728592087125
2019-05-13,46.057884216308594,-0.013196350689291,-1.406871043395626
2019-05-14,46.44477462768555,0.0083650064162536,0.703322647011264
2019-05-15,46.63372802734375,0.0040600923700489,0.2801562566235014
2019-05-16,47.50647735595703,0.0185420103903941,1.6832724231947627
2019-05-17,46.993621826171875,-0.0108541804571907,-1.1702530537905655
2019-05-20,47.047607421875,0.0011481262434589,-0.00532479550239467
2019-05-21,46.948631286621094,-0.0021059602638217,-0.31917483473141506
2019-05-22,46.867652893066406,-0.0017263189300999,-0.2850682194643092
2019-05-23,46.82266616821289,-0.0009603282123831,-0.20933266495871794
2019-05-24,46.90364456176758,0.0017279761269478,0.05153676163947984
2019-05-28,45.85994720458984,-0.022503255440117,-2.2706524084126194
2019-05-29,46.0308952331543,0.0037206803472197,0.2511221170391546
2019-05-30,46.11187744140625,0.001757755421337,0.059260352952942866
2019-05-31,45.75196838378906,-0.0078357463893357,-0.8578762316785854
2019-06-03,46.39080047607422,0.0138663583948726,1.2212799800207539
2019-06-04,46.91263961791992,0.0111859666182895,0.9608429662030435
2019-06-05,47.6324348449707,0.0152267929015469,1.3410946716127674
2019-06-06,48.10029602050781,0.0097743978723148,0.8121301329084099
2019-06-07,48.60416412353515,0.0104208774249249,0.8714666026697049
2019-06-10,48.75712203979492,0.0031420711070786,0.17056546418163956
2019-06-11,48.57716751098633,-0.0036976636841552,-0.48069615627310874
2019-06-12,49.08102798461914,0.0103189484921169,0.8670640965049384
2019-06-13,49.17100143432617,0.0018314832861813,0.05228223274386691
2019-06-14,49.53090286254883,0.007292727042386,0.5723131099104078
2019-06-17,49.2609748840332,-0.0054645919559945,-0.6505203500995899
2019-06-18,49.09001159667969,-0.0034765987748595,-0.4545135371445732
2019-06-19,49.53989791870117,0.009122779172779,0.7524991009353088
2019-06-20,49.89979553222656,0.0072385417227609,0.5687204766410102
2019-06-21,49.71085739135742,-0.0037935373759054,-0.4927579001023471
2019-06-24,49.7828254699707,0.0014466866457328,0.013559616737352091
2019-06-25,49.91779708862305,0.0027075397854583,0.14016902467445908
2019-06-26,49.00004577636719,-0.0185563619320281,-1.901100742393841
2019-06-27,48.92771911621094,-0.0014771433492166,-0.2577252338021591
2019-06-28,48.72883987426758,-0.0040730396185155,-0.5083483466124219
2019-07-01,49.46111297607422,0.0149157150350721,1.3142224629935917
2019-07-02,49.678096771240234,0.0043773627446363,0.3004221009470745
2019-07-03,50.45558166503906,0.0155292511087094,1.3605087995959102
2019-07-05,50.17532730102539,-0.00556996039198,-0.6585233020100574
2019-07-08,50.12108612060547,-0.0010816176542614,-0.22117257517341296
2019-07-09,50.06684112548828,-0.001082865009964,-0.2168315935320888
2019-07-10,50.202449798583984,0.0027048910893244,0.14773551269364835
2019-07-11,49.3887939453125,-0.0163402710268039,-1.6846097935844255
2019-07-12,49.307430267333984,-0.0016487701947967,-0.2653940449129441
2019-07-15,49.45207977294922,0.0029293302283976,0.1769051086468154
2019-07-16,49.51536560058594,0.0012789222965984,0.020631598338222618
2019-07-17,49.62385177612305,0.0021885631480672,0.1033046992876156
2019-07-18,49.93123245239258,0.0061751070857485,0.492822776240389
2019-07-19,49.62385177612305,-0.0061751070857484,-0.7135126812031438
2019-07-22,49.39783477783203,-0.0045650079019947,-0.5533581391292114
2019-07-23,49.53343963623047,0.0027413968763066,0.15985366108468368
2019-07-24,49.19894027709961,-0.0067759055183927,-0.7773380924207383
2019-07-25,49.18989944458008,-0.0001837776026336,-0.13212182353981253
2019-07-26,49.55152893066406,0.007324810039795,0.6013689108130799
2019-07-29,49.59672546386719,0.0009116960577814,-0.012116969659213779
2019-07-30,49.55152893066406,-0.0009116960577813,-0.20035468144120966
2019-07-31,48.35816955566406,-0.02437794196902,-2.5387593704428193
2019-08-01,48.484737396240234,0.0026138809051291,0.1688249552958026
2019-08-02,48.602256774902344,0.0024209099697011,0.14395822636025313
2019-08-05,47.21001434326172,-0.029063927149479,-2.961503661686619
2019-08-06,47.76149368286133,0.0116137049856349,1.0681486055921285
2019-08-07,48.294883728027344,0.0111058847298355,1.0098662494233568
2019-08-08,49.678096771240234,0.0282384990418264,2.6607037176035253
2019-08-09,49.44303894042969,-0.0047428486316389,-0.5739901869835061
2019-08-12,49.04525375366211,-0.0080778606045785,-0.8998442494252876
2019-08-13,49.33454895019531,0.0058812077772372,0.4660924630063449
2019-08-14,48.09599304199219,-0.0254257567733655,-2.56406667368229
2019-08-15,48.6203498840332,0.0108432962591911,0.9440871601710658
2019-08-16,49.307430267333984,0.0140326198933825,1.242930957880684
2019-08-19,49.32550048828125,0.0003664135499372,-0.07246544675693856
2019-08-20,48.81019592285156,-0.0105019747229134,-1.1126146600683848
2019-08-21,49.090457916259766,0.0057254522420142,0.45307131139080103
2019-08-22,49.28030014038086,0.0038597335946853,0.2693715123147035
2019-08-23,48.484737396240234,-0.01627535416147,-1.6651292219854
2019-08-26,49.23509979248047,0.0153577240020651,1.3658660011186052
2019-08-27,49.19894027709961,-0.0007346953753356,-0.1741755734267759
2019-08-28,49.61481094360352,0.0084173127074556,0.7008565855374393
2019-08-29,49.976436614990234,0.0072622297560197,0.5853234301530409
2019-08-30,49.92219924926758,-0.0010858480815588,-0.21201291835598904
2019-09-03,50.3018913269043,0.0075768987664187,0.6147070296909976
2019-09-04,50.80816650390625,0.0100144222838847,0.8462939197417539
2019-09-05,50.75391387939453,-0.0010683638906824,-0.2156299146409754
2019-09-06,51.1969108581543,0.0086904596990814,0.7275678200015268
2019-09-09,51.061309814453125,-0.002652131482277,-0.3638981037298302
2019-09-10,49.11758041381836,-0.0388100399919915,-3.768491854356448
2019-09-11,49.28030014038086,0.0033073857683903,0.2145217489789921
2019-09-12,49.55152893066406,0.0054887069024206,0.41836711390992554
2019-09-13,48.891571044921875,-0.0134081062664129,-1.3572116355297847
2019-09-16,48.86444091796875,-0.0005550579878394,-0.13933042266432888
2019-09-17,49.45207977294922,0.0119541629165063,1.0369891109754925
2019-09-18,49.47016906738281,0.0003657275253501,-0.0581003647711001
2019-09-19,49.75945663452149,0.0058306858393392,0.453883973388816
2019-09-20,49.40687561035156,-0.0071109317423702,-0.7653960874389917
2019-09-23,49.37071228027344,-0.0007322173473985,-0.1597505260687516
2019-09-24,49.76850509643555,0.0080249766240942,0.6646996995053743
2019-09-25,49.89506912231445,0.0025398265094697,0.1420955486554382
2019-09-26,50.34709930419922,0.0090188241726376,0.749863582494377
2019-09-27,50.333465576171875,-0.0002708313789632,-0.12896866311277044
2019-09-30,50.26985549926758,-0.0012645722765633,-0.22169534890181614
2019-10-01,49.65193939208984,-0.0123681522089612,-1.264523641627894
2019-10-02,49.052188873291016,-0.0121526406358894,-1.2373450261333507
2019-10-03,49.54289627075195,0.0099540752663796,0.8413033704040612
2019-10-04,50.869598388671875,0.0264265783179502,2.355383285841652
2019-10-07,50.04269027709961,-0.0163890172619183,-1.6269746843409871
2019-10-08,49.5792350769043,-0.009304348255091,-0.9632309426570561
2019-10-09,49.933631896972656,0.0071226632118142,0.5622516618553507
2019-10-10,50.35163497924805,0.0083363292741189,0.6701431736751428
2019-10-11,49.81550598144531,-0.0107047902605453,-1.097397287994018
2019-10-14,49.2702751159668,-0.0110053402720884,-1.1422611941511074
2019-10-15,49.10670471191406,-0.0033253827281816,-0.42144439709067993
2019-10-16,49.315711975097656,0.0042471539390547,0.2861557141521232
2019-10-17,49.64285659790039,0.0066117733773818,0.5074731101559348
2019-10-18,49.50653839111328,-0.0027497554109289,-0.3700962631510246
2019-10-21,48.67961883544922,-0.0168443114754839,-1.6770855174480657
2019-10-22,47.89812088012695,-0.0161841644982038,-1.602774172917494
2019-10-23,47.84360122680664,-0.0011388902980544,-0.2030927471104626
2019-10-24,48.197998046875,0.0073801026074665,0.5879592583246237
2019-10-25,47.95263671875,-0.0051036971584198,-0.5747616767909103
2019-10-28,47.62550735473633,-0.0068453022304186,-0.7377996198470259
2019-10-29,48.00716018676758,0.0079816838327834,0.6402852084527346
2019-10-30,47.28019714355469,-0.0152586275486445,-1.5342121529930524
2019-10-31,47.661865234375,0.0080400643773968,0.6912495623763975
2019-11-01,47.28019714355469,-0.0080400643773969,-0.8750273326429923
2019-11-04,47.01667785644531,-0.0055891560162146,-0.6307326544880395
2019-11-05,46.980316162109375,-0.0007736778506456,-0.1647315206011961
2019-11-06,47.45286560058594,0.0100082063111091,0.8946295137707047
2019-11-07,47.01667785644531,-0.0092345284604635,-0.984912475695795
2019-11-08,47.00758361816406,-0.0001934445039393,-0.09370621976041496
2019-11-11,47.07119369506836,0.001352272816766,0.060379973858381404
2019-11-12,47.316551208496094,0.0051989390428778,0.4405355427830293
2019-11-13,47.889034271240234,0.0120263944577096,1.1071943760751863
2019-11-14,48.070777893066406,0.0037879156917136,0.29313993124907245
2019-11-15,47.998085021972656,-0.0015133495445164,-0.23118079953115836
2019-11-18,48.23434066772461,0.0049101146255067,0.4014486908475421
2019-11-19,47.89812088012695,-0.0069949557746157,-0.7656816040719272
2019-11-20,47.62550735473633,-0.0057077870794263,-0.6348393060075422
2019-11-21,47.316551208496094,-0.0065083323763713,-0.7212254456863382
2019-11-22,47.07119369506836,-0.0051989390428778,-0.5914922450824932
2019-11-25,47.28928756713867,0.0046225762630537,0.38118822780203643
2019-11-26,47.81633758544922,0.0110835802391673,1.0157505552263066
2019-11-27,47.916297912597656,0.0020883236517293,0.13202913668839686
2019-11-29,47.7436408996582,-0.0036098120607354,-0.4321146583460033
2019-12-02,48.016258239746094,0.005693783703615,0.48807266937483157
2019-12-03,48.27978515625,0.0054732793805078,0.46862609248694653
2019-12-04,48.470611572265625,0.003944721053752,0.31589590181030064
2019-12-05,48.897705078125,0.0087727971420624,0.7878761133571788
2019-12-06,48.92496490478515,0.0005573314932118,-0.03052140655794886
2019-12-09,49.2248420715332,0.0061106202670292,0.5160985873375271
2019-12-10,49.1248779296875,-0.0020328309276079,-0.29302608541805836
2019-12-11,49.00675582885742,-0.0024074226292935,-0.3269938232934247
2019-12-12,48.14347457885742,-0.0177725563702546,-1.8401095357236739
2019-12-13,48.379737854003906,0.0048954803936393,0.40443316558249237
2019-12-16,48.80683898925781,0.0087893595738819,0.7839982726414734
2019-12-17,49.15214538574219,0.0070500491388757,0.6046840991550546
2019-12-18,49.55197525024414,0.008101628359021,0.7038372077993387
2019-12-19,50.11537551879883,0.011305733830156,1.0198853673390735
2019-12-20,50.342552185058594,0.0045228297798381,0.32982572289833256
2019-12-23,49.73371124267578,-0.0121676895843441,-1.359411289411803
2019-12-24,49.96998596191406,0.0047395466397965,0.3447976277547736
2019-12-26,49.842769622802734,-0.0025491012096166,-0.40255667032326775
2019-12-27,50.23351287841797,0.007808947963762,0.66875262967076
2019-12-30,50.238075256347656,9.081926577509414e-05,-0.1308937087115845
2019-12-31,50.3111457824707,0.001453428246013,0.010996746536446188
2020-01-02,49.62608337402344,-0.0137100687080957,-1.547892474846981
2020-01-03,49.54388427734375,-0.0016577421058156,-0.3065406990633886
2020-01-06,49.461673736572266,-0.0016607261514495,-0.29927336146369465
2020-01-07,49.251583099365234,-0.0042565904753361,-0.5662525329816112
2020-01-08,49.37032699584961,0.0024080643692761,0.1410382192234587
2020-01-09,49.49820709228515,0.002586872940486,0.15742796629048128
2020-01-10,49.553016662597656,0.0011066915446136,0.004489416527038158
2020-01-13,49.86356735229492,0.0062474828091691,0.5452843742192043
2020-01-14,49.49820709228515,-0.0073541743537826,-0.8888923651618205
2020-01-15,50.000579833984375,0.0100981534797964,0.9582537531184833
2020-01-16,50.4116325378418,0.0081873507277682,0.7499955377504172
2020-01-17,50.38422393798828,-0.000543843794524,-0.17052566779458517
2020-01-21,50.73131561279297,0.0068652758934266,0.61497789216545
2020-01-22,50.66738510131836,-0.0012609731583432,-0.24823538897464958
2020-01-23,50.63998031616211,-0.000541022574455,-0.16816098729263862
2020-01-24,50.32028579711914,-0.0063330971654211,-0.7869932508061213
2020-01-27,49.95491027832031,-0.0072874878357137,-0.8885287858409485
2020-01-28,50.101070404052734,0.0029215690796069,0.20102788074773828
2020-01-29,49.8361701965332,-0.005301343649854,-0.6701269874502798
2020-01-30,53.70907211303711,0.0748408983353308,7.034241987586685
2020-01-31,52.41202163696289,-0.0244459423315613,-2.5290094058037136
2020-02-03,52.56730270385742,0.002958319290331,0.19541433535274746
2020-02-04,52.45768356323242,-0.0020874876413242,-0.30501788356885456
2020-02-05,52.90526580810547,0.0084960593806535,0.7519566523006141
2020-02-06,53.36197662353515,0.0085955674944732,0.7597530865218379
2020-02-07,53.58119201660156,0.004099667194982,0.3104064420731584
2020-02-10,53.864349365234375,0.0052707259978063,0.42942080979246755
2020-02-11,53.77301025390625,-0.0016971641366062,-0.26473188235536876
2020-02-12,53.8460807800293,0.0013579474914657,0.04266468076264198
2020-02-13,53.91915512084961,0.0013561767189462,0.0424487883295651
2020-02-14,54.51287841796875,0.0109511776440085,0.9991501725848507
2020-02-18,54.49460983276367,-0.0003351803746562,-0.12780273146151633
2020-02-19,54.16578674316406,-0.0060523263987842,-0.7025702725294416
2020-02-20,53.92829132080078,-0.0043942426592479,-0.5342491087644086
2020-02-21,53.66339492797851,-0.0049241151858666,-0.582558850410787
2020-02-24,52.7408447265625,-0.0173409127761023,-1.8306546676840838
2020-02-25,52.08318710327149,-0.0125480052796594,-1.3460296662013844
2020-02-26,51.93703079223633,-0.002810153836912,-0.3632801877378723
2020-02-27,49.74482727050781,-0.0431255547536321,-4.247560729403439
2020-02-28,48.228553771972656,-0.030955236172769,-2.999168513306251
2020-03-02,50.78612518310547,0.0516719433978703,4.639353862137322
2020-03-03,50.04625701904297,-0.0146754728314312,-1.3946455313798531
2020-03-04,52.98747253417969,0.057107800202947,4.8537582050227925
2020-03-05,51.93703079223633,-0.0200234798429848,-1.7906570066343699
2020-03-06,50.840938568115234,-0.0213301311256021,-1.8836994845717894
2020-03-09,49.26985168457031,-0.0313895410717831,-2.69357318539053
2020-03-10,50.15587615966797,0.0178233129292289,1.4364480196300609
2020-03-11,47.808380126953125,-0.0479347386274744,-3.934512346203657
2020-03-12,43.39655685424805,-0.0968208377911452,-7.049541765916271
2020-03-13,46.51131820678711,0.0693155824686901,4.78024766640139
2020-03-16,41.19522476196289,-0.1213733394700145,-7.426017361769387
2020-03-17,44.5931510925293,0.0792579384839882,4.634471132382277
2020-03-18,42.51969146728515,-0.0476129870174452,-2.7436589772839306
2020-03-19,41.5331916809082,-0.0234743901614094,-1.340987415679085
2020-03-20,39.569332122802734,-0.0484385302249371,-2.7243685795342367
2020-03-23,38.2996826171875,-0.0326127674876978,-1.8068365341747676
2020-03-24,42.62014389038086,0.10688539339345,5.636400172591372
2020-03-25,42.117774963378906,-0.011857143048388,-0.612359825006018
2020-03-26,44.66622543334961,0.0587477731363455,3.033990302385536
2020-03-27,43.74366760253906,-0.0208707710618542,-1.0727189877811216
2020-03-30,46.98274230957031,0.0714334875641048,3.579963183655823
2020-03-31,46.017913818359375,-0.0207495978639283,-1.0460749799281188
2020-04-01,44.73146438598633,-0.0283535962647667,-1.4161730445457754
2020-04-02,46.2935791015625,0.0343261159136383,1.6975296866546252
2020-04-03,46.67031478881836,0.008105033768511,0.39366515315030237
2020-04-06,47.80974960327149,0.0241212803628192,1.1806750270669628
2020-04-07,47.598392486572266,-0.0044305959180772,-0.2318911848980163
2020-04-08,47.58920669555664,-0.0001930039442756,-0.02201369481883276
2020-04-09,48.094600677490234,0.0105639333514179,0.5082551193531658
2020-04-13,47.800559997558594,-0.0061325639248737,-0.31649304116189986
2020-04-14,50.088584899902344,0.0467557809616895,2.266814001685287
2020-04-15,49.35346984863281,-0.0147850613969214,-0.7400705285674409
2020-04-16,49.09618377685547,-0.0052267661294331,-0.27212995848199995
2020-04-17,49.142127990722656,0.0009353625157079,0.029493274075026048
2020-04-20,49.15131759643555,0.0001869830828448,-0.007687531116326001
2020-04-21,46.93679428100586,-0.046101759772933,-2.239641636576596
2020-04-22,47.984336853027344,0.0220727479736164,1.0554160075567411
2020-04-23,47.166526794433594,-0.0171901791717074,-0.8369562714429626
2020-04-24,47.24003219604492,0.001557209949202,0.0658284533290705
2020-04-27,47.30435562133789,0.0013607034050895,0.05716149559142634
2020-04-28,47.019500732421875,-0.0060399514165335,-0.29793168521396324
2020-04-29,46.90924072265625,-0.0023477384813744,-0.1181039059668279
2020-04-30,47.26759719848633,0.0076103257089148,0.364343386443188
2020-05-01,46.587615966796875,-0.0144902580591813,-0.700441474978569
2020-05-04,45.999534606933594,-0.0127034748305208,-0.6103631780464532
2020-05-05,46.23844528198242,0.005180321807024,0.25061923081056114
2020-05-06,46.07304382324219,-0.0035835547091416,-0.17366417928236527
2020-05-07,46.0914192199707,0.0003987523252509,0.018428128585713768
2020-05-08,46.77140045166016,0.0146451160442701,0.703808242563385
2020-05-11,46.67031478881836,-0.002163609732874,-0.10437311868453175
2020-05-12,46.311954498291016,-0.0077081806592988,-0.37308759305189604
2020-05-13,45.54009246826172,-0.0168070331545928,-0.8066312280758741
2020-05-14,45.50333404541016,-0.0008074921223089,-0.03424280821830083
2020-05-15,45.90764236450195,0.0088460045271368,0.433655424462309
2020-05-18,46.835723876953125,0.0200146389162116,0.9656892633514345
2020-05-19,45.843318939208984,-0.0214167699656773,-1.0255328365225964
2020-05-20,45.71467971801758,-0.0028100069403895,-0.1301181074586799
2020-05-21,45.28279113769531,-0.0094923918042438,-0.44998147890995727
2020-05-22,45.66874313354492,0.008487032475201,0.41281628505849144
2020-05-26,45.56765365600586,-0.0022159910400642,-0.10103064517775005
2020-05-27,46.26601028442383,0.0152094572040301,0.730498831016322
2020-05-28,47.24003219604492,0.0208341005030725,0.9960802000762443
2020-05-29,47.89243698120117,0.0137159272467338,0.6512457744505137
2020-06-01,48.01189804077149,0.0024912559234733,0.11044302469769511
2020-06-02,47.984336853027344,-0.0005742139477016,-0.034038879459070914
2020-06-03,47.86487579345703,-0.0024926886330682,-0.1237009236597802
2020-06-04,47.12976837158203,-0.0154771272072647,-0.7421968494594203
2020-06-05,48.269187927246094,0.0238885997278595,1.1455137752668858
2020-06-08,49.26158905029297,0.0203512246217534,0.9725399634985278
2020-06-09,48.655120849609375,-0.0123875885252802,-0.5927411936709309
2020-06-10,48.80214309692383,0.0030171657379436,0.14359219362311715
2020-06-11,46.43140411376953,-0.0497981847209188,-2.3487340652566506
2020-06-12,46.61519241333008,0.0039504623584159,0.19717448232508625
2020-06-15,47.06544876098633,0.0096126544203347,0.46488294877355685
2020-06-16,48.31513977050781,0.0262058044747768,1.2411493800358404
2020-06-17,48.43458557128906,0.0024691721045368,0.11912327179509304
2020-06-18,48.78376007080078,0.0071833355867892,0.34215716578099165
2020-06-19,48.29676055908203,-0.0100329828001852,-0.46765215243342734
2020-06-22,48.10378646850586,-0.0040035944667886,-0.18289578411349938
2020-06-23,47.70866394042969,-0.0082478794002415,-0.3813917583124494
2020-06-24,46.53248596191406,-0.0249623238652768,-1.1621511605902815
2020-06-25,46.70708084106445,0.0037450856799183,0.18554176459118854
2020-06-26,46.017913818359375,-0.0148650256722686,-0.6887423589973958
2020-06-29,46.743370056152344,0.0156416771825305,0.7437863513319186
2020-06-30,47.25164794921875,0.0108151018666794,0.5176818603734615
2020-07-01,47.20543670654297,-0.0009784601447528,-0.036528608795052424
2020-07-02,47.58434295654297,0.0079947072248692,0.3876574931661908
2020-07-06,47.70447540283203,0.0025214398080315,0.1282618207841075
2020-07-07,47.59357452392578,-0.0023274543194617,-0.09999986352750527
2020-07-08,47.353302001953125,-0.0050612098820459,-0.2280546753887712
2020-07-09,46.4476318359375,-0.0193110723700968,-0.8939630933726576
2020-07-10,47.53813171386719,0.0232066810340342,1.097470421359097
2020-07-13,47.732208251953125,0.004074233525733,0.19746517835761698
2020-07-14,48.84117889404297,0.0229673913908489,1.0788752118887264
2020-07-15,48.58242416381836,-0.0053119640526949,-0.24542486522012585
2020-07-16,49.01676940917969,0.0089006496245649,0.41930922855078223
2020-07-17,49.9686393737793,0.0192331237209427,0.8996804323022922
2020-07-20,49.367942810058594,-0.0120943135471046,-0.5646052656539333
2020-07-21,49.94091796875,0.0115393835388443,0.5373236184671157
2020-07-22,50.4122314453125,0.009393166925082,0.4356239833296202
2020-07-23,50.71720123291016,0.0060312948268125,0.2761842625712492
2020-07-24,50.70795822143555,-0.0001822626959606,-0.014152260873455075
2020-07-27,51.364105224609375,0.0128567214017954,0.5938003362657774
2020-07-28,51.48424530029297,0.002336257795388,0.102188045708896
2020-07-29,52.48231887817383,0.0192004852319485,0.8846872606964722
2020-07-30,51.53968811035156,-0.0181241758041212,-0.8579215108234343
2020-07-31,51.28092956542969,-0.0050332140972677,-0.24533663689851923
2020-08-03,51.28092956542969,0.0,-0.009938038076282234
2020-08-04,51.364105224609375,0.0016206468740522,0.06025631870095018
2020-08-05,50.96671295166016,-0.0077668541641955,-0.3761044517138899
2020-08-06,51.28092956542969,0.0061462072901432,0.27700877413877156
2020-08-07,51.38258361816406,0.0019803352292106,0.08687197643640893
2020-08-10,51.28092956542969,-0.0019803352292106,-0.09999277799897313
2020-08-11,51.01292419433594,-0.0052399235038499,-0.25393518675935195
2020-08-12,51.77996826171875,0.0149243451831762,0.6927362372393256
2020-08-13,51.7614860534668,-0.0003570011368005,-0.03058027557537783
2020-08-14,51.86314392089844,0.0019620412650675,0.0804827619239006
2020-08-17,52.23279571533203,0.0071021665113445,0.32450312970870554
2020-08-18,52.92591857910156,0.0131826050941673,0.6087145917642384
2020-08-19,52.454593658447266,-0.0089452604376863,-0.4355430168555889
2020-08-20,52.898193359375,0.008421273609863,0.383288320125706
2020-08-21,53.110740661621094,0.0040099938561442,0.17515743702484887
2020-08-24,53.58205795288086,0.0088350922133501,0.3984403419042972
2020-08-25,53.49888229370117,-0.0015535103766576,-0.08900224233874693
2020-08-26,53.933223724365234,0.0080859216722868,0.36484564647840584
2020-08-27,53.72068405151367,-0.0039485784285871,-0.20152702231365496
2020-08-28,53.88702774047851,0.0030916710093245,0.13201137980569758
2020-08-31,53.988677978515625,0.0018845812863069,0.074394882998655
2020-09-01,53.78536605834961,-0.0037729336996144,-0.19093727457373488
2020-09-02,54.5339241027832,0.0138215448055568,0.6399202845005744
2020-09-03,53.44343566894531,-0.0201991512483164,-0.9624932464631492
2020-09-04,53.489646911621094,0.0008643021305905,0.03258039220860761
2020-09-08,52.112667083740234,-0.0260800700906447,-1.2307470119577757
2020-09-09,53.13846969604492,0.0194930929124768,0.9069740200923727
2020-09-10,52.768798828125,-0.0069810575685883,-0.3428688802685648
2020-09-11,53.18467330932617,0.0078501743927082,0.35780368843978544
2020-09-14,53.60977935791016,0.0079612429912237,0.3592537184518519
2020-09-15,53.683712005615234,0.0013781387569179,0.04752828580726841
2020-09-16,53.57281494140625,-0.0020678854123528,-0.11289210022084951
2020-09-17,52.870460510253906,-0.0131969750396208,-0.6365061064385662
2020-09-18,52.23279571533203,-0.0121342124288486,-0.5825662670092744
2020-09-21,51.613616943359375,-0.0119250360933204,-0.571540180267688
2020-09-22,51.576656341552734,-0.0007163582808852,-0.04203574906941055
2020-09-23,50.661746978759766,-0.0178980452835014,-0.8478656561052832
2020-09-24,51.39183044433594,0.0143080906967042,0.6690237301932226
2020-09-25,51.90010452270508,0.0098415850377462,0.4582658055347529
2020-09-28,52.68562316894531,0.0150218090911035,0.6989261666655295
2020-09-29,52.485836029052734,-0.003799269910947,-0.1869796252273792
2020-09-30,53.387245178222656,0.0170285198205836,0.7879357172698965
2020-10-01,53.8147087097168,0.0079749627977196,0.35820541155655866
2020-10-02,52.83896255493164,-0.0182979801386669,-0.8726624447973952
2020-10-05,53.04340744018555,0.0038617408986572,0.17434430406116783
2020-10-06,52.12342071533203,-0.0174962050204505,-0.8328707346693428
2020-10-07,52.216346740722656,0.0017812201852755,0.07434400320251916
2020-10-08,52.50441360473633,0.0055016329076072,0.2502187670741594
2020-10-09,53.24784851074219,0.014060165493501,0.6526563329411973
2020-10-12,54.50237655639648,0.0232869070386943,1.0795079103526313
2020-10-13,54.73469543457031,0.0042534869198121,0.18068928665534034
2020-10-14,54.44662094116211,-0.0052770047379184,-0.2678304377844603
2020-10-15,54.21430206298828,-0.0042760401023176,-0.21908703646987962
2020-10-16,53.8704719543457,-0.006362251696802,-0.31490812680057756
2020-10-19,53.12704086303711,-0.0138964548885196,-0.6670864210768163
2020-10-20,52.95048141479492,-0.0033288788707574,-0.17255984371911642
2020-10-21,52.80179977416992,-0.002811887118057,-0.15087834292763827
2020-10-22,52.80179977416992,0.0,-0.018457503686578072
2020-10-23,52.60664367675781,-0.0037028593537241,-0.19107281534869988
2020-10-26,51.3242301940918,-0.0246794532708827,-1.1739144725295125
2020-10-27,51.11979293823242,-0.0039912045816635,-0.20104462913711163
2020-10-28,49.39133071899414,-0.0343968422819142,-1.6159150696257276
2020-10-29,49.42850112915039,0.0007522864836761,0.026997036964224903
2020-10-30,49.36345291137695,-0.0013168729742313,-0.06826929957517529
2020-11-02,50.49717330932617,0.0227070298574122,1.0503757635525037
2020-11-03,50.57151412963867,0.0014710952640851,0.05531457137591414
2020-11-04,51.05474090576172,0.0095099522822294,0.42948916990540253
2020-11-05,51.70523834228515,0.0126606900944603,0.5762597554915287
2020-11-06,51.89109802246094,0.0035881554523536,0.1495756545110965
2020-11-09,51.96543884277344,0.0014316062378574,0.0483676769621386
2020-11-10,53.052696228027344,0.0207068280750354,0.944980608483032
2020-11-11,53.65673828125,0.0113213701830862,0.5052709517393306
2020-11-12,53.40582656860352,-0.0046872064455717,-0.23914618227927678
2020-11-13,53.95410919189453,0.010214003689006,0.4555217694804935
2020-11-16,54.5302619934082,0.0106219580257075,0.4721189662937688
2020-11-17,54.40016555786133,-0.0023886162999028,-0.13376824085375913
2020-11-18,53.675315856933594,-0.0134139688336113,-0.6467978032677897
2020-11-19,53.52663040161133,-0.002773933792295,-0.15103554515093673
2020-11-20,53.09916687011719,-0.0080180562778936,-0.3953667487668798
2020-11-23,53.294315338134766,0.003668433118578,0.14815309121756196
2020-11-24,53.73107147216797,0.0081617749129273,0.3570571077717356
2020-11-25,53.424415588378906,-0.0057235840992621,-0.28758834404713407
2020-11-27,53.39653396606445,-0.0005220253716881,-0.04440763992689443
2020-11-30,53.387245178222656,-0.0001739737615517,-0.02880605259597418
2020-12-01,54.32581329345703,0.0174276338223045,0.7894610450681514
2020-12-02,54.028446197509766,-0.0054888076188049,-0.27662641852693104
2020-12-03,54.41875076293945,0.0071980883155707,0.31403179100990974
2020-12-04,54.855506896972656,0.0079938032825419,0.3512755939901934
2020-12-07,54.27935791015625,-0.0105585752164045,-0.5110042067576004
2020-12-08,54.167842864990234,-0.0020565783841995,-0.11349329481719266
2020-12-09,53.638153076171875,-0.009826801314533,-0.47382237082456663
2020-12-10,53.13633346557617,-0.0093996856676431,-0.4524714001905488
2020-12-11,53.340782165527344,0.0038402421026819,0.1600352952774375
2020-12-14,53.238555908203125,-0.0019183134465004,-0.1071224992757561
2020-12-15,53.387245178222656,0.0027889941249863,0.11344516356134954
2020-12-16,53.15492248535156,-0.0043611476317709,-0.2178548472178305
2020-12-17,53.83329391479492,0.0126814062976844,0.5757901449389274
2020-12-18,54.19571304321289,0.0067096884123193,0.29838356259449966
2020-12-21,53.600975036621094,-0.0110345512807018,-0.5258861097122816
2020-12-22,53.11774826049805,-0.0090561442976875,-0.43438119662744773
2020-12-23,53.294315338134766,0.0033185568197314,0.14280425006293074
2020-12-24,53.75894927978515,0.0086804799619583,0.39060841820549513
2020-12-28,54.14924621582031,0.007233901674276,0.32330120846364724
2020-12-29,54.316524505615234,0.0030844462968072,0.12932960106223595
2020-12-30,54.19038772583008,-0.0023249548624989,-0.12210213087855129
2020-12-31,54.629520416259766,0.0080708591219762,0.35862265153155143
2021-01-04,54.11564254760742,-0.0094511181878927,-0.4569229833415813
2021-01-05,54.17169952392578,0.0010353376535686,0.03143906084535004
2021-01-06,54.06893157958984,-0.0018988798229979,-0.10579478546177475
2021-01-07,53.96614456176758,-0.0019028458628053,-0.10518170552275495
2021-01-08,54.36791229248047,0.0074172348812133,0.3283824028749674
2021-01-11,53.34016036987305,-0.0190846069600397,-0.9017459160358782
2021-01-12,53.555057525634766,0.00402071204862,0.17393997804197425
2021-01-13,53.601768493652344,0.0008718244597472,0.025872952231184708
2021-01-14,53.54570770263672,-0.00104642308193,-0.06139402446728366
2021-01-15,53.46162414550781,-0.0015715479113855,-0.0840683994435575
2021-01-19,53.38687896728515,-0.0013990872728692,-0.07587567085488962
2021-01-20,53.3494987487793,-0.0007004213714933,-0.04193840973508259
2021-01-21,52.43387222290039,-0.0173117832219085,-0.8118725753514403
2021-01-22,52.55533981323242,0.0023139071562265,0.100812743569502
2021-01-25,53.13460922241211,0.0109617842549032,0.49985228743176774
2021-01-26,53.807315826416016,0.0125809494581225,0.5712678699778241
2021-01-27,52.71416473388672,-0.02052523986522,-0.9619839981908277
2021-01-28,53.368194580078125,0.012330761445667,0.5594083569376693
2021-01-29,51.79854202270508,-0.0298529588176295,-1.4067994095343561
2021-02-01,51.62101364135742,-0.0034331718905589,-0.1601274334954197
2021-02-02,52.47125244140625,0.0163366163814,0.7750367123953735
2021-02-03,51.649044036865234,-0.0157937601687402,-0.7452120840258032
2021-02-04,52.321754455566406,0.0129405528472603,0.6148007753409797
2021-02-05,52.5179557800293,0.00374288622267,0.1802646254637323
2021-02-08,52.34044647216797,-0.0033856986872539,-0.1559526246253207
2021-02-09,51.85459518432617,-0.009325871968497,-0.4344441594134177
2021-02-10,51.62101364135742,-0.004514724626839,-0.20608691927690284
2021-02-11,52.02277374267578,0.007752748597411,0.3734449579501008
2021-02-12,51.56496047973633,-0.0088391979450509,-0.40988181842453714
2021-02-16,51.27532196044922,-0.0056327983204339,-0.25515147810989913
2021-02-17,51.31269454956055,0.0007285956398416,0.04579311949036703
2021-02-18,52.44321823120117,0.0217928481205607,1.0356558246100735
2021-02-19,50.74275970458984,-0.0329620849665339,-1.5386573773026968
2021-02-22,50.75210189819336,0.0001840919526835,0.019067063522670204
2021-02-23,51.2005729675293,0.0087976889774844,0.41967308912116774
2021-02-24,50.76145553588867,-0.0086134054599285,-0.4008057925934951
2021-02-25,50.49049377441406,-0.0053522408242365,-0.24673901266100792
2021-02-26,49.66829299926758,-0.0164183147777959,-0.7782637208381978
2021-03-01,50.13545227050781,0.0093616262955701,0.43835427396644866
2021-03-02,50.15414047241211,0.0003726847743514,0.020354435330272994
2021-03-03,49.462738037109375,-0.0138814535865925,-0.6667790862454872
2021-03-04,50.41574478149414,0.0190839035736559,0.942026152949929
2021-03-05,51.929344177246094,0.0295805060499728,1.4419266875625756
2021-03-08,51.52758026123047,-0.0077668254270513,-0.38190321976357405
2021-03-09,51.96671676635742,0.0084862480958957,0.4058952937597325
2021-03-10,52.49927520751953,0.01019591246248,0.4917395417225751
2021-03-11,52.57402420043945,0.001422797341493,0.05192981874808726
2021-03-12,53.13460922241211,0.0106063290958416,0.5109396545855778
2021-03-15,53.47096633911133,0.0063103309762098,0.307959109178093
2021-03-16,53.98483657836914,0.0095643816823764,0.49838529599111714
2021-03-17,54.11564254760742,0.0024200823925648,0.10132254607687925
2021-03-18,54.106300354003906,-0.0001726487877826,-0.07049049373064992
2021-03-19,54.2838249206543,0.0032756623343046,0.13883626293653245
2021-03-22,54.975215911865234,0.0126561649223651,0.7254462675887242
2021-03-23,54.750980377197266,-0.0040871889194777,-0.35509792129300466
2021-03-24,54.24645233154297,-0.0092576794971515,-0.7291069514785936
2021-03-25,54.7136116027832,0.0085749240017025,0.538534252316839
2021-03-26,55.535797119140625,0.0149152864977133,1.037764923065289
2021-03-29,56.227203369140625,0.0123728795301716,0.8434084478970614
2021-03-30,55.208133697509766,-0.018290393480822,-1.4803174634142002
2021-03-31,54.97332000732422,-0.0042623152587789,-0.39055130610529454
2021-04-01,54.8887939453125,-0.001538766653017,-0.18675312050585396
2021-04-05,55.245704650878906,0.0064813833912187,0.4656142831768924
2021-04-06,55.49929428100586,0.0045797115138365,0.31370742704667326
2021-04-07,55.59321594238281,0.0016908733732876,0.08867550816417794
2021-04-08,55.39598083496094,-0.0035541353711808,-0.3374310041828007
2021-04-09,55.27387619018555,-0.0022066477287414,-0.22736036822624525
2021-04-12,55.0484619140625,-0.0040864723080381,-0.3756326611353281
2021-04-13,55.12360763549805,0.0013641521557337,0.06492825978895583
2021-04-14,54.77608108520508,-0.0063244530120508,-0.5587685376759678
2021-04-15,55.14238739013672,0.0066650794185124,0.5221414803991062
2021-04-16,55.1987419128418,0.0010214600477809,0.04670309855266166
2021-04-19,55.12360763549805,-0.0013620864542426,-0.15254357778141892
2021-04-20,55.61200714111328,0.0088210585818106,0.6983943588246211
2021-04-21,55.95012664794922,0.0060615646300943,0.4638937778816867
2021-04-22,55.931339263916016,-0.0003358444413767,-0.08219285059285489
2021-04-23,55.89377212524414,-0.0006718909486153,-0.11772351803563588
2021-04-26,55.1987419128418,-0.0125128013676702,-1.14578564478234
2021-04-27,55.15178298950195,-0.0008510865936696,-0.12741111050497958
2021-04-28,57.180519104003906,0.0361241902764271,3.029291153561405
2021-04-29,57.20869827270508,0.000492689257212,-0.025282781337473723
2021-04-30,57.114776611328125,-0.0016430865594753,-0.2053197114491964
2021-05-03,57.678314208984375,0.0098183979671833,0.7711049259960131
2021-05-04,57.04902648925781,-0.0109702539417429,-1.0170412196041043
2021-05-05,57.42472076416016,0.0065638739500885,0.49051535716372674
2021-05-06,57.969482421875,0.0094418209875618,0.7329806474611387
2021-05-07,58.09158706665039,0.0021041455220822,0.10189937770337987
2021-05-10,58.29821014404297,0.0035505396419197,0.23058124086434678
2021-05-11,58.18550109863281,-0.0019351904121529,-0.2421279208336965
2021-05-12,57.8192024230957,-0.0063152593269911,-0.6201806040563662
2021-05-13,58.59876251220703,0.013392636463121,1.070558202515315
2021-05-14,58.57998275756836,-0.0003205317612204,-0.1142915352593807
2021-05-17,58.67390441894531,0.0016020224783314,0.0543346536945134
2021-05-18,58.40153121948242,-0.0046529605358291,-0.4804660418156966
2021-05-19,58.55179977416992,0.0025697196668416,0.1399867669020933
2021-05-20,59.27500915527344,0.0122759577366865,0.982931393697483
2021-05-21,59.50981521606445,0.003953474155772,0.2511970780438348
2021-05-24,59.81038284301758,0.0050380114612886,0.34755116513434314
2021-05-25,59.83855056762695,0.0004708395524608,-0.05347203610099851
2021-05-26,59.7634162902832,-0.0012564055458493,-0.19967379561340134
2021-05-27,59.462860107421875,-0.0050417882468687,-0.5262063852534722
2021-05-28,59.66948699951172,0.0034688664213092,0.22999530183517944
2021-06-01,59.48164367675781,-0.0031530288854084,-0.35453080548873106
2021-06-02,59.75402069091797,0.0045687251274562,0.3274711601799457
2021-06-03,59.86673355102539,0.0018845039755626,0.0882655064601361
2021-06-04,60.12971115112305,0.0043830968786999,0.30378965090345916
2021-06-07,59.80098342895508,-0.0054819751784773,-0.5674216475565654
2021-06-08,59.444068908691406,-0.0059862540056664,-0.6065164595916458
2021-06-09,59.462860107421875,0.000316065666524,-0.04336285264096301
2021-06-10,59.7634162902832,0.0050417882468687,0.3827965589468149
2021-06-11,59.904296875,0.0023545306595248,0.12677031565702038
2021-06-14,59.91368865966797,0.0001567675277679,-0.0791928862314615
2021-06-15,59.79159164428711,-0.0020399611013391,-0.282462113064775
2021-06-16,58.9275016784668,-0.014557139895756,-1.4603242248246129
2021-06-17,59.35015106201172,0.007146763106895,0.6029658511285915
2021-06-18,58.363956451416016,-0.0167561510798269,-1.6533064116491256
2021-06-21,58.85235977172851,0.0083334157310224,0.7152609549543153
2021-06-22,59.049598693847656,0.0033458156028113,0.23999953233314286
2021-06-23,58.54241943359375,-0.0086261365910776,-0.894411187017503
2021-06-24,58.84296798706055,0.0051207261281007,0.4016920741115072
2021-06-25,59.34075164794922,0.008423945465615,0.716011530743636
2021-06-28,59.35015106201172,0.0001583847433551,-0.08192498322980613
2021-06-29,58.84514236450195,-0.0085453786862519,-0.9124695565108393
2021-06-30,58.939544677734375,0.0016029644568724,0.07015007306500003
2021-07-01,58.96785736083984,0.0004802528621635,-0.03891183130710692
2021-07-02,59.09056854248047,0.0020788219882329,0.11796224128788756
2021-07-06,58.84514236450195,-0.0041620393072688,-0.48298635480916363
2021-07-07,59.51533889770508,0.0113247882876529,1.007421548930759
2021-07-08,59.420955657958984,-0.0015871229200639,-0.24026147006159476
2021-07-09,59.48702621459961,0.0011112889546976,0.012593693997856814
2021-07-12,59.420955657958984,-0.0011112889546977,-0.19613210606279377
2021-07-13,59.53422546386719,0.0019044120495427,0.10096329407327556
2021-07-14,59.94954681396485,0.0069519569875502,0.6084263192263667
2021-07-15,60.525360107421875,0.0095591304917828,0.8603398313429886
2021-07-16,60.65750503540039,0.0021809185679951,0.13241515748403526
2021-07-19,60.43095779418945,-0.0037418512094285,-0.4486637961723083
2021-07-20,60.79909896850586,0.0060734493701524,0.5250163447072244
2021-07-21,60.43095779418945,-0.0060734493701525,-0.6843542376608038
2021-07-22,60.26105499267578,-0.0028154790002143,-0.3535004367324561
2021-07-23,61.25218200683594,0.0163134324966984,1.554795629013041
2021-07-26,61.20499038696289,-0.0007707449271727,-0.15157005623710804
2021-07-27,61.57313537597656,0.0059969329232139,0.5284330810108675
2021-07-28,59.8457145690918,-0.0284558348029733,-2.8611655950104504
2021-07-29,59.77964401245117,-0.0011046247073748,-0.16073609285972873
2021-07-30,59.713565826416016,-0.0011059740191047,-0.1687121668344103
2021-08-02,59.90235137939453,0.0031565315743682,0.25366274352201845
2021-08-03,59.82683944702149,-0.0012613789814153,-0.18705140681547308
2021-08-04,58.25990676879883,-0.0265402291821509,-2.661895646312088
2021-08-05,58.39205551147461,0.0022656935489681,0.17012556952073177
2021-08-06,58.30710220336914,-0.0014559372111275,-0.1938361162378508
2021-08-09,58.54308319091797,0.0040390403757703,0.34720490734895715
2021-08-10,58.56196594238281,0.0003224925273206,-0.020152311086387445
2021-08-11,58.96785736083984,0.0069070644491987,0.6243321502984404
2021-08-12,58.892337799072266,-0.0012815110648749,-0.17741581209090906
2021-08-13,59.80795669555664,0.015427713320839,1.4641375589852945
2021-08-16,60.11946487426758,0.0051949566696905,0.45409695431735636
2021-08-17,60.46871566772461,0.0057924710102256,0.5136343545367954
2021-08-18,59.4398307800293,-0.0171615813935963,-1.7317216790724024
2021-08-19,60.11003112792969,0.0112121813988714,1.048176755764685
2021-08-20,59.93067169189453,-0.0029883125522488,-0.34249649273473093
2021-08-23,59.56254196166992,-0.0061615364358216,-0.6501121987891292
2021-08-24,58.76018905639648,-0.0135623171782344,-1.3652943487888038
2021-08-25,58.4014892578125,-0.0061231782350923,-0.63384950979179
2021-08-26,57.99559783935547,-0.0069742821545141,-0.7114592035287137
2021-08-27,58.420372009277344,0.0072975564359625,0.6818949405932216
2021-08-30,58.675235748291016,0.0043530948146496,0.39305862965168237
2021-08-31,58.59028244018555,-0.0014489054289767,-0.17360515116223402
2021-09-01,58.83571243286133,0.0041801706738692,0.3743466145444703
2021-09-02,58.44868850708008,-0.0065997750336721,-0.6747399924753416
2021-09-03,58.25990676879883,-0.0032350985372062,-0.3539000067123227
2021-09-07,56.67408752441406,-0.0275970551477766,-2.711915315798494
2021-09-08,57.4481201171875,0.0135651855699714,1.2971777802579625
2021-09-09,57.21213150024414,-0.0041163166281513,-0.43696640804127673
2021-09-10,56.85342788696289,-0.0062894496401787,-0.652714223193964
2021-09-13,57.363162994384766,0.0089258222069695,0.8546596028668495
2021-09-14,56.966705322265625,-0.0069353576114932,-0.711156740021135
2021-09-15,57.117733001708984,0.0026476488798648,0.2379701331224786
2021-09-16,57.30652618408203,0.0032998833470125,0.3004656064167245
2021-09-17,57.52362823486328,0.0037812769748129,0.3426285297482103
2021-09-20,57.04221725463867,-0.0084041419439305,-0.871579276404145
2021-09-21,56.843990325927734,-0.0034811437329283,-0.38578551438469166
2021-09-22,57.16493225097656,0.0056301343013045,0.5210661779251445
2021-09-23,57.325401306152344,0.0028031914183323,0.23231460828350886
2021-09-24,56.97614669799805,-0.0061111279976042,-0.6569272152649783
2021-09-27,56.136043548583984,-0.0148546075463329,-1.523590151823503
2021-09-28,55.409210205078125,-0.013032264594452,-1.3304410293728557
2021-09-29,56.07392501831055,0.0119250806710895,1.16978936089014
2021-09-30,55.247779846191406,-0.0148427539844671,-1.5041112528306377
2021-10-01,55.276268005371094,0.0005155106126558,0.04113878376397124
2021-10-04,55.1433219909668,-0.0024080161618021,-0.26089278383453524
2021-10-05,55.865020751953125,0.0130027872033372,1.291395064285596
2021-10-06,57.16596984863281,0.0230203511615294,2.2768239329484956
2021-10-07,56.87160110473633,-0.0051626739373295,-0.5526176571482971
2021-10-08,56.53923416137695,-0.0058613075922732,-0.6181242114958445
2021-10-11,56.4252815246582,-0.0020174950457382,-0.22654821949899
2021-10-12,56.66268157958984,0.0041985087916564,0.4119992020106346
2021-10-13,56.93806838989258,0.0048483368256259,0.4779067793422774
2021-10-14,57.574310302734375,0.0111123088560776,1.1072955145988954
2021-10-15,57.11848831176758,-0.0079486139738689,-0.8284281760705516
2021-10-18,56.73865509033203,-0.006672126476737,-0.6985820363849521
2021-10-19,56.77663040161133,0.0006690783982335,0.041348845763387924
2021-10-20,57.251434326171875,0.0083278913802709,0.8168579360961425
2021-10-21,57.127986907958984,-0.0021585607762888,-0.2517656918079808
2021-10-22,57.46984100341797,0.00596617083795,0.5732414594369232
2021-10-25,57.29891586303711,-0.0029786027385734,-0.3378370121265594
2021-10-26,57.76422119140625,0.0080878703070538,0.785125747932352
2021-10-27,57.34639358520508,-0.0072596161881434,-0.7944453097452052
2021-10-28,57.878173828125,0.0092303929708589,0.9078452355940829
2021-10-29,57.67875289916992,-0.003451478549544,-0.4287965450303068
2021-11-01,57.84018325805664,0.002794874491383,0.2285316515316855
2021-11-02,58.26751327514648,0.0073609581341206,0.7238624924189387
2021-11-03,59.19811248779297,0.0158449533879339,1.613404824024973
2021-11-04,58.960716247558594,-0.0040182618971473,-0.4871571354690069
2021-11-05,59.12214660644531,0.0027341894590516,0.2345046129871777
2021-11-08,58.76130676269531,-0.0061219952491069,-0.7038821136298343
2021-11-09,59.1031608581543,0.00580081615706,0.562522785285299
2021-11-10,59.56846237182617,0.0078418729849676,0.7913373963894106
2021-11-11,59.321563720703125,-0.0041534014949732,-0.4890137260740906
2021-11-12,59.61594009399414,0.0049501118647374,0.4849832698843469
2021-11-15,59.68241500854492,0.001114431483545,0.07689017608550543
2021-11-16,59.321563720703125,-0.0060645433482824,-0.6900735783479025
2021-11-17,59.03668212890625,-0.0048138959798855,-0.5539146447182192
2021-11-18,59.19811248779297,0.0027306760200339,0.2535485455505915
2021-11-19,57.46984100341797,-0.0296293518150891,-3.173070185400559
2021-11-22,57.89716339111328,0.00740808594649,0.7497705091145377
2021-11-23,58.31498718261719,0.0071907384864271,0.7246390442254912
2021-11-24,58.22951889038086,-0.0014667067618719,-0.1896125409033194
2021-11-26,57.21345138549805,-0.0176033887643285,-1.8860091802186858
2021-11-29,57.583797454833984,0.0064521991231574,0.6486203377476474
2021-11-30,55.969478607177734,-0.0284347166610263,-2.9639288438763285
2021-12-01,55.60862731933594,-0.0064681604500351,-0.6831263277846794
2021-12-02,56.4632682800293,0.0152519509626643,1.5632279831525688
2021-12-03,57.22294235229492,0.0133646002498081,1.361380609104109
2021-12-06,58.324485778808594,0.0190670933429911,1.9344096004508164
2021-12-07,58.31498718261719,-0.0001628710413591,-0.04609590173907493
2021-12-08,57.81169891357422,-0.0086679718007755,-0.9181267623633195
2021-12-09,57.91615676879883,0.0018052331995013,0.15468475297494377
2021-12-10,59.12214660644531,0.0206091935453502,2.0668830424432594
2021-12-13,59.98627853393555,0.0145102596758052,1.432490576013396
2021-12-14,60.1952018737793,0.0034768010777187,0.30489777584457894
2021-12-15,61.52464294433594,0.0218451467912918,2.150653622282375
2021-12-16,62.37928009033203,0.0137953775639667,1.3258826919876252
2021-12-17,61.68606185913086,-0.0111751668054252,-1.1805041359570774
2021-12-20,61.51513671875,-0.0027747335580928,-0.33043186294040605
2021-12-21,61.07832717895508,-0.0071261774392434,-0.7718814883099475
2021-12-22,61.56262969970703,0.007897933129915,0.7389391045956024
2021-12-23,61.66707229614258,0.0016950884365068,0.11279266465581286
2021-12-27,62.21784591674805,0.0088917562747585,0.8399810430484411
2021-12-28,62.68315124511719,0.0074508209149448,0.6942345345979745
2021-12-29,63.02500534057617,0.0054388664578342,0.48980594998807264
2021-12-30,62.76724624633789,-0.0040981769821742,-0.47275192192336124
2021-12-31,63.30185317993164,0.0084812240366223,0.7973597899389088
2022-01-03,62.97727966308594,-0.0051405837891377,-0.5806435047261209
2022-01-04,63.43550109863281,0.0072496378877022,0.6691104904067058
2022-01-05,64.3519515991211,0.0143436024985078,1.3742293166300856
2022-01-06,64.32330322265625,-0.0004452818372557,-0.11495889880026916
2022-01-07,64.485595703125,0.00251989680372,0.1856512102747088
2022-01-10,63.98919296264648,-0.0077276672868135,-0.8569285073284637
2022-01-11,64.20875549316406,0.0034253706528461,0.27438091113187685
2022-01-12,64.31376647949219,0.0016341261918068,0.09240594011332685
2022-01-13,64.57150268554688,0.0039994725740489,0.33021209073932545
2022-01-14,65.01065063476562,0.0067779338309161,0.6082103647812173
2022-01-18,64.31376647949219,-0.0107774064049652,-1.1639892400080571
2022-01-19,64.53333282470703,0.0034081723055329,0.2681137238352839
2022-01-20,64.68607330322266,0.0023640497078257,0.15573543487994249
2022-01-21,65.25885009765625,0.0088157426853556,0.8084733138535538
2022-01-24,64.54287719726562,-0.0110319049927942,-1.1984551008940898
2022-01-25,63.94147109985352,-0.0093616148213744,-1.0208378608052853
2022-01-26,63.59779357910156,-0.005389373279975,-0.628685999905234
2022-01-27,64.40922546386719,0.0126780978033649,1.2226769599591258
2022-01-28,63.4068489074707,-0.0156849928547575,-1.7135668731769176
2022-01-31,63.98919296264648,0.0091423266021692,0.860651481534037
2022-02-01,63.655067443847656,-0.0052352731079245,-0.6258696158398177
2022-02-02,64.81971740722656,0.0181309020152295,1.7957634638066695
2022-02-03,64.85791015625,0.0005890414691469,-0.027528004143976045
2022-02-04,63.979644775390625,-0.0136338971326271,-1.500870174414805
2022-02-07,64.41877746582031,0.0068401837802324,0.6260480859252422
2022-02-08,64.96292114257812,0.0084114970036103,0.7830233837337321
2022-02-09,64.87699890136719,-0.0013235105770892,-0.2324633457957757
2022-02-10,63.74098587036133,-0.0176653766642525,-1.912904117381869
2022-02-11,63.67416000366211,-0.0010489470834591,-0.1956891305887134
2022-02-14,63.13956451416016,-0.0084312428860373,-0.9596112895779668
2022-02-15,62.88181686401367,-0.0040905441080809,-0.5074054387977367
2022-02-16,62.72907257080078,-0.002432024312336,-0.3286619389160702
2022-02-17,63.06318283081055,0.005312108358607,0.4770991630395111
2022-02-18,63.00590896606445,-0.0009086107922263,-0.18943762327566935
2022-02-22,63.4546012878418,0.0070961947526018,0.6699151673877404
2022-02-23,63.27320861816406,-0.0028627148798736,-0.401596584465358
2022-02-24,61.7171630859375,-0.0248999327984767,-2.7226678162005706
2022-02-25,63.7314453125,0.0321160255729344,3.249304058065448
2022-02-28,62.50950622558594,-0.0193594429667958,-2.096852259003084
2022-03-01,61.42122268676758,-0.0175632229903115,-1.8897095023416408
2022-03-02,61.764892578125,0.0055796999887906,0.48537139560764064
2022-03-03,61.96537399291992,0.0032406232654222,0.2519773936142527
2022-03-04,60.934356689453125,-0.0167785801540691,-1.8324537831821865
2022-03-07,59.693328857421875,-0.0205768951727022,-2.208442895850128
2022-03-08,58.041805267333984,-0.0280567383426831,-2.926546174487783
2022-03-09,58.50958633422851,0.0080270783937256,0.7808413797738684
2022-03-10,57.43084335327149,-0.0186091101148718,-1.9341534363097146
2022-03-11,56.43802261352539,-0.0174384084844113,-1.7956411784839266
2022-03-14,56.648040771484375,0.0037143109084383,0.3542014749670644
2022-03-15,58.395023345947266,0.030373267440963,3.004848069086277
2022-03-16,59.13964080810547,0.0126707712955254,1.2276997810117434
2022-03-17,59.445125579833984,0.0051521870269139,0.47605381410043207
2022-03-18,58.7196044921875,-0.0122799790501815,-1.2506445827008636
2022-03-21,58.58595275878906,-0.0022786949631747,-0.25212652047020095
2022-03-22,58.776878356933594,0.0032535985159204,0.29610476066891467
2022-03-23,58.02272033691406,-0.0129138885619828,-1.3110681263759016
2022-03-24,58.089542388916016,0.0011509905639644,0.09097582969489312
2022-03-25,58.72915267944336,0.0109505876903071,1.0707303240087853
2022-03-28,58.776878356933594,0.0008123103077111,0.06369268332570506
2022-03-29,60.19928741455078,0.0239119629280708,2.3490007827749855
2022-03-30,60.23768615722656,0.0006376570722112,0.027395937271014983
2022-03-31,60.26648712158203,0.0004780077589051,0.010680284465248796
2022-04-01,60.98645782470703,0.0118756565451308,1.1429266418022146
2022-04-04,60.51607894897461,-0.0077427391749209,-0.8040444531014723
2022-04-05,60.487281799316406,-0.0004759727337123,-0.08062180060828156
2022-04-06,60.67926788330078,0.0031689644568233,0.27920722719940433
2022-04-07,60.37208557128906,-0.0050752505051138,-0.5393151943356397
2022-04-08,60.861663818359375,0.0080766438534935,0.7626779177604245
2022-04-11,60.87126159667969,0.0001576858242333,-0.023431991385432584
2022-04-12,61.120849609375,0.0040918770644249,0.36347752409770356
2022-04-13,61.293643951416016,0.0028231045487807,0.2390413564686513
2022-04-14,61.168853759765625,-0.0020380155096586,-0.24320301380063927
2022-04-18,61.02485656738281,-0.002356868592564,-0.2744951443267981
2022-04-19,62.59920120239258,0.025471251794316,2.4593115399570107
2022-04-20,63.09837341308594,0.0079424736128703,0.7339909524340356
2022-04-21,63.203975677490234,0.0016722141713537,0.11671607551101186
2022-04-22,62.455196380615234,-0.0119177636969889,-1.2114983633105048
2022-04-25,63.14637756347656,0.0110060429692498,1.0277617714381209
2022-04-26,61.47603988647461,-0.0268079811773441,-2.6359394299285226
2022-04-27,61.48564147949219,0.000156172116881,-0.01307861377658455
2022-04-28,63.56876754760742,0.0333185977576472,3.1953008323491914
2022-04-29,61.89842224121094,-0.0266275829008631,-2.582162582595129
2022-05-02,61.23604965209961,-0.0107586278309155,-1.0531083589648773
2022-05-03,62.10001754760742,0.0140102088081976,1.3080548079967484
2022-05-04,63.53996276855469,0.0229227713787682,2.1362110595830077
2022-05-05,62.618404388427734,-0.0146098081766135,-1.411255338806443
2022-05-06,63.09837341308594,0.0076357565806272,0.6907888889536774
2022-05-09,63.6263542175293,0.0083327677137888,0.754163636941978
2022-05-10,63.280765533447266,-0.005446338062271,-0.5455318391998075
2022-05-11,62.9351806640625,-0.0054761025592038,-0.5487575338389654
2022-05-12,63.05038070678711,0.0018287821807164,0.14565953594086975
2022-05-13,63.72234725952149,0.0106012208903076,0.9704201806022799
2022-05-16,63.48236083984375,-0.0037732361953193,-0.3860673504949444
2022-05-17,63.08878326416016,-0.0062190927798909,-0.6163916963050002
2022-05-18,58.500152587890625,-0.0755136299060506,-6.502231278140601
2022-05-19,58.66334533691406,0.0027857286176848,0.24394265900983103
2022-05-20,58.740142822265625,0.0013082660065613,0.117377497324876
2022-05-23,59.55611038208008,0.013795542609538,1.1892591890160145
2022-05-24,60.47767639160156,0.0153554118739951,1.3139235567192107
2022-05-25,59.872901916503906,-0.0100502976255497,-0.8617081393905873
2022-05-26,59.99769973754883,0.002082209723023,0.17540931981988103
2022-05-27,61.20724868774414,0.0199594013350341,1.6924707389260705
2022-05-31,61.015254974365234,-0.0031417106596019,-0.27636760557149426
2022-06-01,60.39127731323242,-0.0102792352870692,-0.878550972604243
2022-06-02,60.51607894897461,0.0020644183104141,0.1720774284840705
2022-06-03,59.91130065917969,-0.0100439513999569,-0.8526931748983179
2022-06-06,59.94969940185547,0.0006407212349281,0.053658032075722874
2022-06-07,60.70806884765625,0.0125707518625433,1.0602608843007144
2022-06-08,60.11288833618164,-0.0098523524361497,-0.8390181134703139
2022-06-09,58.77854537963867,-0.0224473529140694,-1.8848185156738624
2022-06-10,58.36575698852539,-0.0070475488998827,-0.5844531003747263
2022-06-13,56.82981491088867,-0.0266682665130615,-2.2050734623918373
2022-06-14,56.12904357910156,-0.0124077089927552,-1.0111342567337893
2022-06-15,56.67622375488281,0.0097013992394679,0.8209822381747021
2022-06-16,56.2634391784668,-0.0073098573832191,-0.5912655155177423
2022-06-17,56.445831298828125,0.0032365089189537,0.28167927404182885
2022-06-21,57.42499542236328,0.0171982286648615,1.4414491433632013
2022-06-22,57.866580963134766,0.0076603636451155,0.6446902934914194
2022-06-23,58.59614944458008,0.0125289527819435,1.0419728750215922
2022-06-24,60.141693115234375,0.0260343447740756,2.139497049211641
2022-06-27,60.12248992919922,-0.0003193500460775,-0.030642942070155825
2022-06-28,59.248924255371094,-0.0146363561922405,-1.2039045751268402
2022-06-29,59.90542221069336,0.0110193982483288,0.900409484200556
2022-06-30,59.94403839111328,0.0006444114401909,0.04748276300851807
2022-07-01,61.15083694458008,0.01993211527509,1.6188536099810455
2022-07-05,60.320560455322266,-0.0136705337619246,-1.1222988628574342
2022-07-06,60.25298309326172,-0.0011209319581647,-0.09915556757936475
2022-07-07,60.21436309814453,-0.0006411695394845,-0.05621268638958364
2022-07-08,60.28194046020508,0.0011216504930002,0.08704397428219345
2022-07-11,60.127471923828125,-0.0025657233609333,-0.213244306211175
2022-07-12,60.397804260253906,0.004485910313889,0.36138363691071834
2022-07-13,59.82818984985352,-0.0094757989199653,-0.7752389818362295
2022-07-14,58.7758674621582,-0.0177455987028404,-1.4373665788065735
2022-07-15,58.64070129394531,-0.0023023365331094,-0.17730811628494392
2022-07-18,57.98420333862305,-0.0112583995969135,-0.9010620460362709
2022-07-19,59.29719543457031,0.022391393138531,1.815352172756668
2022-07-20,59.32616424560547,0.0004884166438909,0.047352091061991605
2022-07-21,59.229610443115234,-0.0016288337550993,-0.12529107631537237
2022-07-22,59.84749603271485,0.0103780004998235,0.8404466452689362
2022-07-25,60.59088516235352,0.0123448781531832,1.0020707719314088
2022-07-26,60.76466751098633,0.0028640216882336,0.23396650557046494
2022-07-27,61.43081283569336,0.0109030534008866,0.8816541336448843
2022-07-28,61.98111343383789,0.0089181696139639,0.7161813804094364
2022-07-29,61.82664489746094,-0.0024952978490025,-0.21444695025976862
2022-08-01,62.64727020263672,0.0131856894537128,1.0577143909922795
2022-08-02,62.52176284790039,-0.0020054065089394,-0.17705618861433883
2022-08-03,62.87897491455078,0.0056971440392843,0.44748606500405497
2022-08-04,62.02938461303711,-0.0136036275985333,-1.1349976386019969
2022-08-05,61.565975189208984,-0.0074988510269919,-0.6311589267032665
2022-08-08,61.73009490966797,0.0026622067882365,0.19942290150303263
2022-08-09,61.72044372558594,-0.0001563570999104,-0.029977699834611595
2022-08-10,62.24178695678711,0.0084113734019265,0.6683776567503409
2022-08-11,62.0680046081543,-0.0027959577384091,-0.24549788343238813
2022-08-12,61.98111343383789,-0.0014009158613734,-0.13127124438007315
2022-08-15,62.927242279052734,0.0151494579356021,1.2236336413921687
2022-08-16,63.68028259277344,0.0118958046877645,0.9536895601257589
2022-08-17,63.245845794677734,-0.006845532911738,-0.5739725374741668
2022-08-18,63.28446578979492,0.0006104465536022,0.02968004386546401
2022-08-19,63.10102081298828,-0.0029029457505488,-0.2543741963491545
2022-08-22,62.2804069519043,-0.013090065942773,-1.0857522916130826
2022-08-23,61.517704010009766,-0.0123218777081212,-1.0191887465029068
2022-08-24,62.36729049682617,0.0137159437160961,1.103549460575282
2022-08-25,62.23212814331055,-0.0021695511585473,-0.19834928017901285
2022-08-26,60.561920166015625,-0.0272050805618431,-2.221658590077746
2022-08-29,60.320560455322266,-0.0039933004383848,-0.33451617762982816
2022-08-30,59.71233367919922,-0.0101344216722721,-0.8274874274693161
2022-08-31,59.72198867797851,0.0001616787973468,0.006954940591125873
2022-09-01,59.82818984985352,0.0017766799032661,0.13872600977391455
2022-09-02,58.63104248046875,-0.0202126605685413,-1.6326802323486482
2022-09-06,57.926273345947266,-0.0120932387412542,-0.9726843280863948
2022-09-07,59.29719543457031,0.0233909576154631,1.8758730679040134
2022-09-08,58.84344100952149,-0.0076816355480724,-0.6294784541297598
2022-09-09,59.21030807495117,0.0062152748094711,0.491928902056261
2022-09-12,59.7606086730957,0.00925107644544,0.7322119482273011
2022-09-13,57.8104248046875,-0.0331776067073352,-2.650501280544727
2022-09-14,58.15798568725586,0.0059940792793349,0.4719388176205829
2022-09-15,57.511138916015625,-0.0111845493169709,-0.893658022491226
2022-09-16,58.21590805053711,0.0121800022695863,0.964185452287417
2022-09-19,58.29314041137695,0.0013257746616574,0.10131097716179042
2022-09-20,57.68491744995117,-0.010488682922281,-0.837828255257965
2022-09-21,57.68491744995117,0.0,-0.004636025304413415
2022-09-22,57.733184814453125,0.0008363916295411,0.06344055089364754
2022-09-23,56.91256332397461,-0.0143160216437637,-1.1342417720507518
2022-09-26,56.33330154418945,-0.010230251364752,-0.8079040651331788
2022-09-27,55.58991622924805,-0.0132840399254654,-1.051209252734435
2022-09-28,56.13056182861328,0.0096786162966645,0.7648039985055919
2022-09-29,55.076080322265625,-0.0189649303510117,-1.4968627595052217
2022-09-30,53.2878303527832,-0.0330075264562196,-2.5759645119862773
2022-10-03,54.765079498291016,0.0273447738860876,2.1267388809666556
2022-10-04,55.911888122558594,0.0207242698164824,1.5972886858919226
2022-10-05,55.63005065917969,-0.0050534904852557,-0.38989498597368333
2022-10-06,54.43463516235352,-0.0217229076833408,-1.6678713153699347
2022-10-07,53.70573425292969,-0.0134808481259474,-1.0249274598257592
2022-10-10,54.05561065673828,0.006493564710417,0.5158682878275163
2022-10-11,54.69704818725586,0.011796400669047,0.9201226648002597
2022-10-12,55.23158264160156,0.0097251946704844,0.7578450559891918
2022-10-13,56.05767059326172,0.0148460538720481,1.147016170340497
2022-10-14,55.33848571777344,-0.0129123821095525,-0.9809489560233366
2022-10-17,55.82442092895508,0.0087428139676042,0.6792272022488182
2022-10-18,56.70882797241211,0.0157184700742704,1.205850988110211
2022-10-19,56.077110290527344,-0.0112021817210342,-0.8542489522306144
2022-10-20,55.309329986572266,-0.0137861029071667,-1.0440182415687382
2022-10-21,55.73695373535156,0.0077017590904922,0.5961909273050314
2022-10-24,57.08786392211914,0.0239481840644039,1.821180588141209
2022-10-25,57.64182662963867,0.009656907638665,0.7310577689347347
2022-10-26,58.215232849121094,0.0098985923519574,0.7485749278054471
2022-10-27,58.61370468139648,0.0068214842291539,0.5109496350748464
2022-10-28,59.964603424072266,0.0227859076819106,1.7096266504435953
2022-10-31,59.75079345703125,-0.0035719748661376,-0.28023911473327207
2022-11-01,60.12981796264648,0.0063233873113294,0.46558827490281235
2022-11-02,60.81985092163086,0.0114103734552879,0.8475631953870371
2022-11-03,60.25616455078125,-0.009311347773291,-0.7086884795518777
2022-11-04,61.44184875488281,0.0194862954658547,1.4537313750468133
2022-11-07,62.57894515991211,0.018337703434563,1.357727898127679
2022-11-08,62.122161865234375,-0.0073260831213622,-0.5656169193992269
2022-11-09,61.60707092285156,-0.0083261474509157,-0.6360755779168422
2022-11-10,63.15235137939453,0.0247734312709029,1.8273861842088974
2022-11-11,62.9774169921875,-0.0027738812436384,-0.22424130023919064
2022-11-14,62.297096252441406,-0.0108613860906835,-0.8209324611128254
2022-11-15,62.83163070678711,0.008543804751018,0.6198988188935838
2022-11-16,63.171783447265625,0.0053991166677912,0.38282496024558477
2022-11-17,62.63725280761719,-0.0084975431338862,-0.648818415573623
2022-11-18,63.16205596923828,0.008343546736856,0.6004199046266803
2022-11-21,63.99787139892578,0.0131460827959229,0.9521196368950925
2022-11-22,64.44493865966797,0.0069613716169754,0.4893149562537727
2022-11-23,64.79481506347656,0.0054143906726228,0.3741194165426221
2022-11-25,64.81424713134766,0.0002998566255727,-0.009380887452323546
2022-11-28,64.28944396972656,-0.0081299929969815,-0.6452662897554811
2022-11-29,64.19225311279297,-0.0015129139430589,-0.14603896452315857
2022-11-30,65.70838165283203,0.0233439565882386,1.711965367796396
2022-12-01,66.17486572265625,0.0070742270080028,0.4813514079194225
2022-12-02,66.38868713378906,0.0032259484897237,0.19524273394489317
2022-12-05,65.53343963623047,-0.012966126312748,-1.0203782030609152
2022-12-06,65.39737701416016,-0.002078390321399,-0.19210302582426583
2022-12-07,66.1165542602539,0.0109370073268546,0.7908146935866581
2022-12-08,65.68893432617188,-0.0064886741668109,-0.5301814676709504
2022-12-09,65.17383575439453,-0.0078723877189059,-0.6316476027556607
2022-12-12,65.48484802246094,0.0047606916965527,0.33127897330960876
2022-12-13,65.69866180419922,0.0032597690266794,0.22099182686645244
2022-12-14,65.36821746826172,-0.0050423880986419,-0.4092588167715387
2022-12-15,64.5226821899414,-0.0130193450647139,-1.0100980630162966
2022-12-16,64.29916381835938,-0.0034701970638312,-0.2751387913203008
2022-12-19,63.852088928222656,-0.0069773286534966,-0.5456599510345089
2022-12-20,63.99787139892578,0.002280525289365,0.1628796688420698
2022-12-21,65.00862884521484,0.0156701891350035,1.1804022509727516
2022-12-22,64.85313415527344,-0.0023947736525578,-0.19922325970873273
2022-12-23,65.21272277832031,0.0055293456359079,0.40634104368129664
2022-12-27,65.59175872802734,0.0057954743789816,0.4278770469976327
2022-12-28,64.95030975341797,-0.0098275467011377,-0.7631621640174441
2022-12-29,65.46350860595703,0.0078703546611862,0.5907805222223792
2022-12-30,65.15071105957031,-0.004789649169461,-0.37783644103497355
2023-01-03,64.75970458984375,-0.0060196505181927,-0.46773255325030927
2023-01-04,65.2289047241211,0.0072191274986369,0.5418223184271715
2023-01-05,64.70105743408203,-0.0081251496609769,-0.6277061145423385
2023-01-06,66.48988342285156,0.0272722620871746,2.0640076541836927
2023-01-09,65.72743225097656,-0.0115334306969285,-0.8821822736835176
2023-01-10,65.79586029052734,0.0010405464218942,0.07294726964566886
2023-01-11,66.05000305175781,0.0038551543377734,0.2833225466582259
2023-01-12,65.25823211669922,-0.0120598762190934,-0.9196403914781262
2023-01-13,65.55148315429688,0.0044836353058092,0.3342878081310675
2023-01-17,65.51237487792969,-0.0005967820284715,-0.04961991036674283
2023-01-18,63.11749267578125,-0.0372411016157057,-2.7736153067662612
2023-01-19,62.4039192199707,-0.0113698711992312,-0.8404130981729195
2023-01-20,62.59941482543945,0.0031278488105388,0.24268025222420045
2023-01-23,62.9122200012207,0.0049844912601772,0.3805168133444195
2023-01-24,63.38141632080078,0.0074302790211617,0.5637385759461847
2023-01-25,63.5378303527832,0.0024647815877952,0.18902413726844045
2023-01-26,63.06861877441406,-0.0074121615417584,-0.5505491938491324
2023-01-27,63.264122009277344,0.0030950550065941,0.2332049221804683
2023-01-30,63.38141632080078,0.0018523249473689,0.14366457672942404
2023-01-31,63.96792221069336,0.0092110417440308,0.6892188947104401
2023-02-01,65.2289047241211,0.0195209524318473,1.4556669880190591
2023-02-02,65.16048431396484,-0.0010494782886994,-0.08553507440900147
2023-02-03,64.42736053466797,-0.0113148204858378,-0.8473782952216223
2023-02-06,64.68150329589844,0.0039368805818175,0.29622649464721496
2023-02-07,63.616024017333984,-0.016609887920331,-1.2434216694738358
2023-02-08,63.33255386352539,-0.004465912571478,-0.32981974539254255
2023-02-09,62.84379577636719,-0.0077472606103699,-0.5711552465254521
2023-02-10,64.02657318115234,0.0186459877527875,1.3968687970575542
2023-02-13,64.77925872802734,0.0116872676226178,0.8700150137972896
2023-02-14,64.18297576904297,-0.0092474701698551,-0.6938954479228846
2023-02-15,64.2123031616211,0.0004568297733751,0.029186042158738015
2023-02-16,64.20252227783203,-0.000152332626307,-0.017577077123862847
2023-02-17,65.34620666503906,0.017656894202967,1.3051907979940738
2023-02-21,65.1018295288086,-0.003746739763088,-0.28898142942309163
2023-02-22,64.74015808105469,-0.00557096190227,-0.4235674060893863
2023-02-23,64.58375549316406,-0.002418774066147,-0.185721867641572
2023-02-24,64.07544708251953,-0.0079016664989129,-0.5930246393712875
2023-02-27,64.1634292602539,0.0013721609865605,0.0914641370797846
2023-02-28,63.713775634765625,-0.0070326134996506,-0.5339488314846669
2023-03-01,62.74604415893555,-0.0153052624674829,-1.1652502590369456
2023-03-02,63.88972473144531,0.0180630113957658,1.3617868580174817
2023-03-03,64.23184967041016,0.0053406423352004,0.39434420269622555
2023-03-06,64.20252227783203,-0.0004566907229424,-0.04544036980292521
2023-03-07,63.35209274291992,-0.0133345569034086,-1.0272044901810675
2023-03-08,63.625789642333984,0.0043109448376905,0.31049759105103586
2023-03-09,63.303226470947266,-0.0050825867189896,-0.4190693710404127
2023-03-10,63.44007873535156,0.002159519469151,0.14206153276999461
2023-03-13,64.065673828125,0.0098128923631449,0.7270872086576569
2023-03-14,64.7988052368164,0.011378454696346,0.8416356621815811
2023-03-15,64.90633392333984,0.0016580485839473,0.08689199189774623
2023-03-16,65.4341812133789,0.0080995563838484,0.6004558969875734
2023-03-17,64.90633392333984,-0.0080995563838485,-0.665540831328186
2023-03-20,66.2064208984375,0.0198322365942795,1.5183549880246756
2023-03-21,66.30415344238281,0.0014750907563835,0.07785442078613151
2023-03-22,65.8447265625,-0.0069531990109346,-0.5811370370050303
2023-03-23,65.68832397460938,-0.0023781499929403,-0.22090700995818063
2023-03-24,67.4869384765625,0.0270128826876966,2.056539693399194
2023-03-27,67.604248046875,0.0017367469013795,0.08835622585757082
2023-03-28,68.02457427978516,0.0061982043545607,0.4375908235327282
2023-03-29,68.78703308105469,0.0111462281578313,0.8188973711954808
2023-03-30,68.38896179199219,-0.0058038202212757,-0.49409709627964965
2023-03-31,68.52655792236328,0.0020099427293661,0.11732322212745748
2023-04-03,69.01800537109375,0.0071460409384662,0.5171412339989712
2023-04-04,69.31285858154297,0.0042630205373273,0.2942927335142334
2023-04-05,70.17780303955078,0.0124016265125796,0.925038836662068
2023-04-06,69.83379364013672,-0.0049140228355726,-0.4292677652964088
2023-04-10,69.32270050048828,-0.0073456210712886,-0.6159147997964268
2023-04-11,69.10645294189453,-0.003124309137506,-0.2863899418667184
2023-04-12,69.00816345214844,-0.0014233034693231,-0.15045548016737378
2023-04-13,69.23423767089844,0.0032706957988028,0.2160451137051979
2023-04-14,68.61502075195312,-0.0089840321365568,-0.7385220252858646
2023-04-17,69.05731964111328,0.0064254070152407,0.4653386684099039
2023-04-18,69.293212890625,0.0034100841361253,0.22790463087439256
2023-04-19,69.15560913085938,-0.0019877930785715,-0.19420886696152098
2023-04-20,69.81414031982422,0.0094774023948364,0.7118300099389249
2023-04-21,70.09917449951172,0.0040744453003483,0.287963559948573
2023-04-24,70.58078002929688,0.0068468519604549,0.5044121968005371
2023-04-25,71.25897216796875,0.0095628664948666,0.71209681620989
2023-04-26,71.09188842773438,-0.0023474928955752,-0.2222552199375364
2023-04-27,72.5563735961914,0.0203905830664167,1.5633618258223831
2023-04-28,75.40673065185547,0.0385327104135041,2.936633086362483
2023-05-01,75.89818572998047,0.0064962437204044,0.4566541849884518
2023-05-02,76.27166748046875,0.0049087581088731,0.3246049951026466
2023-05-03,75.70159912109375,-0.0075022541256419,-0.6643490383404288
2023-05-04,75.96697998046875,0.0034994872606738,0.2154081068917383
2023-05-05,76.23235321044922,0.0034871834631363,0.22194595942515843
2023-05-08,76.77294921875,0.0070663989969748,0.5036689901981437
2023-05-09,76.55671691894531,-0.0028204906277888,-0.2888928769710469
2023-05-10,76.55671691894531,0.0,-0.05915902878522799
2023-05-11,77.01866912841797,0.0060159849128438,0.4220172458976403
2023-05-12,76.546875,-0.0061445504002437,-0.5577677637622983
2023-05-15,76.39945220947266,-0.0019277721652133,-0.216742269555435
2023-05-16,76.46825408935547,0.0009001493669825,0.014246113810589708
2023-05-17,75.90801239013672,-0.0073534315632492,-0.6501238448045069
2023-05-18,75.94731903076172,0.0005176853671853,-0.01762223510379217
2023-05-19,75.74091339111328,-0.0027214473231619,-0.3280559838878908
2023-05-22,74.5712890625,-0.0155629139452577,-1.4402072667506334
2023-05-23,74.35505676269531,-0.0029038844746451,-0.33473570645259265
2023-05-24,74.17813873291016,-0.0023822030201492,-0.28432498401701445
2023-05-25,73.89309692382812,-0.0038500679745954,-0.4071167259255199
2023-05-26,73.84395599365234,-0.0006652485753256,-0.13148196822122413
2023-05-30,71.1312026977539,-0.0374280669231367,-3.273116102300563
2023-05-31,72.15339660644531,0.014268264075865,1.1728004559388752
2023-06-01,72.34996795654297,0.0027206490581412,0.17613525658011828
2023-06-02,72.99867248535156,0.0089262456685267,0.7047448696172891
2023-06-05,73.0183334350586,0.0002692967124195,-0.04103667316811519
2023-06-06,72.02561950683594,-0.0136886703546308,-1.2415723398293528
2023-06-07,70.95428466796875,-0.0149860904616831,-1.3430744389228044
2023-06-08,71.83887481689453,0.0123899697759634,1.005719237299066
2023-06-09,71.72093200683594,-0.0016431177946474,-0.20140130234233042
2023-06-12,71.56366729736328,-0.0021951385338887,-0.25775698397813096
2023-06-13,71.47520446777344,-0.0012369063007382,-0.17691506781717625
2023-06-14,71.87818908691406,0.0056222691444268,0.41109886489200875
2023-06-15,72.2025375366211,0.0045023231796662,0.3078353048118657
2023-06-16,72.31065368652344,0.0014962809852669,0.046589344240544145
2023-06-20,72.00596618652344,-0.004222492918261,-0.4579169323521356
2023-06-21,71.88801574707031,-0.0016394079069282,-0.22880333925632707
2023-06-22,72.47774505615234,0.0081699786167478,0.6400053006902391
2023-06-23,71.84870147705078,-0.0087170103252654,-0.845157990485035
2023-06-26,71.97648620605469,0.0017769455362601,0.08497836382066033
2023-06-27,72.66449737548828,0.0095134358389083,0.7819097142776653
2023-06-28,71.9666519165039,-0.0096500771501142,-0.9231887232624513
2023-06-29,71.41825866699219,-0.0076492836132044,-0.7493963240395345
2023-06-30,72.07039642333984,0.0090898091720357,0.7467503399091231
2023-07-03,72.63360595703125,0.0077843372462371,0.6270610847319238
2023-07-05,72.34706115722656,-0.0039528742503178,-0.41484389378343967
2023-07-06,72.01111602783203,-0.004654336074419,-0.48241990117146805
2023-07-07,71.1416015625,-0.0121482172809829,-1.1503021990853708
2023-07-10,71.24040985107422,0.0013879324144238,0.06472868550022608
2023-07-11,70.04483795166016,-0.0169246323517828,-1.5658875306489928
2023-07-12,70.54875946044922,0.0071685151529851,0.5836975518411992
2023-07-13,70.97364044189453,0.0060044524156333,0.4790680685077188
2023-07-14,71.41825866699219,0.0062450135561876,0.4955473728290522
2023-07-17,71.08232116699219,-0.0047149018302064,-0.4914627569363356
2023-07-18,71.24040985107422,0.0022215530571831,0.1302388149887918
2023-07-19,72.3371810913086,0.0152780467601305,1.292842297690672
2023-07-20,72.99919128417969,0.009110104519844,0.7485991004730852
2023-07-21,73.0979995727539,0.0013526379673678,0.047369223267929646
2023-07-24,73.43394470214844,0.004585289844577,0.3371807081726887
2023-07-25,73.51299285888672,0.0010758735864139,0.023501434030962148
2023-07-26,72.79169464111328,-0.0098603000920714,-0.9583174854186004
2023-07-27,71.497314453125,-0.0179419751959949,-1.6729760972476102
2023-07-28,74.1453628540039,0.0363676403598452,3.1473231822069954
2023-07-31,73.24620819091797,-0.0122010480126487,-1.1348337428644175
2023-08-01,73.46359252929688,0.0029634625144716,0.20107764215321075
2023-08-02,74.45166015625,0.013360114063565,1.1181973571630648
2023-08-03,74.39237976074219,-0.0007965438008164,-0.13113900832101516
2023-08-04,73.03871154785156,-0.018363918255185,-1.6639946758648676
2023-08-07,73.37466430664062,0.0045891073328872,0.34528043502127376
2023-08-08,72.52490997314453,-0.0116486144155206,-1.0811680558491312
2023-08-09,72.92015075683594,0.0054349285511268,0.4195430491499455
2023-08-10,72.84110260009766,-0.0010846252027505,-0.15309016351564828
2023-08-11,73.08811950683594,0.0033854376676226,0.24169020565997798
2023-08-14,72.3371810913086,-0.0103275714327337,-0.9601670744396316
2023-08-15,71.41825866699219,-0.0127846979871072,-1.1688164252049902
2023-08-16,71.10208129882812,-0.0044369510617612,-0.43224260154382776
2023-08-17,70.35114288330078,-0.0106175801150498,-0.96734469615255
2023-08-18,70.28197479248047,-0.0009836672547789,-0.12326695747724857
2023-08-21,69.88674926757812,-0.005639297567342,-0.5300459105121219
2023-08-22,69.37294006347656,-0.0073791854351916,-0.6808279763653182
2023-08-23,70.6278076171875,0.017927063701079,1.5271155695569645
2023-08-24,70.00531768798828,-0.0088527364128462,-0.8216255847281346
2023-08-25,70.64756774902344,0.0091324756372309,0.7589397717185092
2023-08-28,70.69697570800781,0.0006991138078391,0.01696260615266639
2023-08-29,70.6278076171875,-0.0009788530322236,-0.14130965395187764
2023-08-30,70.71672821044922,0.0012582107185376,0.055797089114468484
2023-08-31,70.41043090820312,-0.0043407347685031,-0.4449660669018102
2023-09-01,68.8591537475586,-0.0222782501265742,-2.0183982414705373
2023-09-05,68.73069763183594,-0.0018672329646018,-0.21361114381896468
2023-09-06,68.8591537475586,0.0018672329646019,0.10933399184545321
2023-09-07,69.16544342041016,0.0044381969866249,0.3329711781680867
2023-09-08,68.98759460449219,-0.0025746652655019,-0.28541286911303043
2023-09-11,70.51911926269531,0.0219571681742786,1.8973635723274214
2023-09-12,70.21281433105469,-0.0043530335652627,-0.44933028993675805
2023-09-13,70.44007110595703,0.0032314583800198,0.23065919123085543
2023-09-14,71.5170669555664,0.0151738268134742,1.301287052514527
2023-09-15,71.08232116699219,-0.006097461444255,-0.6258200654702031
2023-09-18,71.00328063964844,-0.0011125762848865,-0.17732827164502588
2023-09-19,70.65745544433594,-0.004882452143955,-0.5150143344609937
2023-09-20,70.78589630126953,0.0018161460493182,0.09529153502877523
2023-09-21,69.86698913574219,-0.0130664968108178,-1.2587592996578376
2023-09-22,69.59032440185547,-0.0039677387987541,-0.42884297906870583
2023-09-25,68.87890625,-0.010275559533504,-0.9968861812236944
2023-09-26,69.72865295410156,0.012261342092745,1.0420473795012013
2023-09-27,69.15556335449219,-0.0082528147193233,-0.8252886174914768
2023-09-28,68.98159790039062,-0.0025187363703062,-0.30818985948000854
2023-09-29,68.99153900146484,0.0001441019797716,-0.06167332752620959
2023-10-02,68.0868911743164,-0.0131991730543005,-1.2878919737385153
2023-10-03,67.20213317871094,-0.0130797101008475,-1.3052161825444815
2023-10-04,68.2757797241211,0.015850096884427,1.4077366078767863
2023-10-05,64.68702697753906,-0.0539944166320915,-4.910754285387236
2023-10-06,62.98708724975586,-0.0266309299145429,-2.41338220889462
2023-10-09,63.394676208496094,0.006450145348661,0.5239339127335846
2023-10-10,63.25550079345703,-0.0021977935499996,-0.25598498435149963
2023-10-11,62.5297966003418,-0.0115389041518091,-1.0873959841242213
2023-10-12,60.68074417114258,-0.0300167704736728,-2.69623688743843
2023-10-13,61.1678581237793,0.0079954392326095,0.6728736926839393
2023-10-16,62.251441955566406,0.0175598415216972,1.5177564031417865
2023-10-17,63.16603088378906,0.014584971618049,1.2443400592141147
2023-10-18,63.77244186401367,0.0095544806907828,0.7986707466996927
2023-10-19,63.83208465576172,0.000934806902514,0.04131689979788788
2023-10-20,63.72273254394531,-0.0017145904953919,-0.19771363876220996
2023-10-23,63.613380432128906,-0.0017175353659285,-0.2028783137474318
2023-10-24,65.16419982910156,0.0240864033845285,2.07836497737677
2023-10-25,65.30337524414062,0.0021334874623388,0.14292394314809156
2023-10-26,65.26361083984375,-0.0006091035217845,-0.09856280629751249
2023-10-27,64.62738037109375,-0.0097964539509727,-0.913127538344558
2023-10-30,65.5916748046875,0.0148106136858389,1.2811418156441006
2023-10-31,65.8203125,0.003479711869592,0.2795622033577263
2023-11-01,66.42672729492188,0.009171003694036,0.7858442403264343
2023-11-02,67.56995391845703,0.0170639205865846,1.4850736716436947
2023-11-03,68.41495513916016,0.012428027533558,1.0696022989009533
2023-11-06,67.83836364746094,-0.0084635726850499,-0.7991044147513723
2023-11-07,68.0868911743164,0.0036568304268731,0.2922857588043543
2023-11-08,68.61376953125,0.007708535762804,0.6634218319689648
2023-11-09,68.53424835205078,-0.0011596403555511,-0.14011456728168487
2023-11-10,68.71318817138672,0.0026075521009032,0.196854370213223
2023-11-13,68.89212799072266,0.0026007704526129,0.20620126775374428
2023-11-14,69.68741607666016,0.0114778385548863,1.0106567527424928
2023-11-15,69.57806396484375,-0.0015704126285632,-0.1836947117796697
2023-11-16,70.20436096191406,0.0089610863228241,0.7790009172373905
2023-11-17,70.21429443359375,0.0001414836464326,-0.025420436709933082
2023-11-20,70.4926528930664,0.0039565753914947,0.31935128298642873
2023-11-21,70.55229949951172,0.0008457815609729,0.03727709567534385
2023-11-22,71.0692367553711,0.0073002957790995,0.632232240140456
2023-11-24,71.19847869873047,0.001816884153933,0.13062550285412386
2023-11-27,71.0593032836914,-0.0019566656741419,-0.21354230564403928
2023-11-28,71.00959014892578,-0.0006998454847297,-0.097636938700985
2023-11-29,70.02542114257812,-0.013956605137213,-1.311247661165941
2023-11-30,70.64176940917969,0.0087632689406103,0.7680822406182551
2023-12-01,70.40318298339844,-0.0033831292690311,-0.33798191063743593
2023-12-04,70.80082702636719,0.0056322068205366,0.4959003135828844
2023-12-05,70.26400756835938,-0.0076109974668306,-0.723787016159658
2023-12-06,70.87041473388672,0.0085933805143901,0.7664140154969076
2023-12-07,71.18852996826172,0.0044786446468156,0.38318668497727065
2023-12-08,70.67159271240234,-0.0072880177204308,-0.6993640823016011
2023-12-11,71.32770538330078,0.0092411349766937,0.8250020817090518
2023-12-12,71.84464263916016,0.0072212198703045,0.6327425546295045
2023-12-13,72.67970275878906,0.0115561071788652,1.0297193899751576
2023-12-14,70.28388214111328,-0.0335196537953755,-3.063679850058024
2023-12-15,70.28388214111328,0.0,-0.026101488766242204
2023-12-18,70.64176940917969,0.0050791042440623,0.42924071532418545
2023-12-19,70.63182830810547,-0.0001407354417422,-0.046712711158212496
2023-12-20,68.92195129394531,-0.0245061450942184,-2.2362434931997015
2023-12-21,70.04530334472656,0.0161674996434021,1.4193333536675758
2023-12-22,70.79088592529297,0.0105880391937656,0.9221512295136823
2023-12-26,71.2879409790039,0.0069969198422475,0.595366218783224
2023-12-27,71.78499603271484,0.0069483029266642,0.5903304981864613
2023-12-28,72.26000213623047,0.0065952699691637,0.5582275993354362
2023-12-29,72.43000030517578,0.0023498271380181,0.17260027639214987
