Date,log_returns_zscore
2000-01-03,0.0
2000-01-04,0.7071067811865476
2000-01-05,-0.6504027062137111
2000-01-06,-1.3086091053539752
2000-01-07,1.265441233945473
2000-01-10,-0.8020601629627855
2000-01-11,0.9210868124760888
2000-01-12,-0.7858179296847883
2000-01-13,-0.09190333822214754
2000-01-14,-0.39846508730252805
2000-01-18,-1.387392358924514
2000-01-19,-1.7044109595103782
2000-01-20,0.5113487790535878
2000-01-21,1.6658960662870685
2000-01-24,-2.604660121605858
2000-01-25,-0.6088083640074171
2000-01-26,0.36879420535431234
2000-01-27,1.8542584511280171
2000-01-28,0.16901321591264382
2000-01-31,0.2640000762427381
2000-02-01,0.10447484622162227
2000-02-02,-0.10796987664980309
2000-02-03,0.05576545180182168
2000-02-04,1.5885503062116946
2000-02-07,-1.461885077470378
2000-02-08,-0.26830848437013005
2000-02-09,-0.799668407028411
2000-02-10,-0.7964725454158009
2000-02-11,-0.22823138494935657
2000-02-14,-0.11082353986118867
2000-02-15,-1.120140784407106
2000-02-16,1.2221799813619245
2000-02-17,0.242777570516368
2000-02-18,-1.082449205515691
2000-02-22,1.1064929687916107
2000-02-23,-0.0637411867585948
2000-02-24,0.8153887852118232
2000-02-25,-0.3947950299689663
2000-02-28,-0.33260388373063937
2000-02-29,0.6298785617512362
2000-03-01,-1.3667497439482803
2000-03-02,-0.062297243345634974
2000-03-03,1.053985021558382
2000-03-06,3.305233162831413
2000-03-07,-1.0314477258893613
2000-03-08,0.5877682998155164
2000-03-09,0.30751198742268565
2000-03-10,-0.2953392976296344
2000-03-13,0.03810408410506584
2000-03-14,1.6408239312871533
2000-03-15,2.8139433339020057
2000-03-16,1.4842355745661209
2000-03-17,0.3569030518882291
2000-03-20,-1.7926582989682998
2000-03-21,0.9512446321654701
2000-03-22,-0.32371747787280897
2000-03-23,-1.0727360708335723
2000-03-24,1.01898265017534
2000-03-27,-0.18933131534629735
2000-03-28,-0.4569429694008221
2000-03-29,-0.2298115177166896
2000-03-30,0.5025829954600065
2000-03-31,-0.05267937490416237
2000-04-03,-0.3762531603541514
2000-04-04,1.9883733473656497
2000-04-05,-0.031126507011789768
2000-04-06,0.7030165076532126
2000-04-07,-1.0800699741282864
2000-04-10,0.6301398421948667
2000-04-11,0.5276074537862084
2000-04-12,0.34457171953120097
2000-04-13,1.8791563388107737
2000-04-14,-0.47707556669385426
2000-04-17,2.568881043967525
2000-04-18,0.48042105611264874
2000-04-19,-0.6511892741870979
2000-04-20,1.6695570707724436
2000-04-24,1.7095582018090123
2000-04-25,0.9471060020399046
2000-04-26,-1.54736652080526
2000-04-27,1.5049372984247813
2000-04-28,-1.2345070518609425
2000-05-01,1.1671459605823735
2000-05-02,-0.4219429799613782
2000-05-03,-1.074921158857915
2000-05-04,1.0197092486337258
2000-05-05,-0.4491049887562159
2000-05-08,0.1733972084871999
2000-05-09,0.3842724474484485
2000-05-10,-0.14434607613669026
2000-05-11,0.3172001233500806
2000-05-12,0.0053485400717290235
2000-05-15,-0.27174907000925946
2000-05-16,0.25424109820465696
2000-05-17,1.2895501761101256
2000-05-18,-0.45923112665703125
2000-05-19,0.10925951113371282
2000-05-22,-0.8506690614345594
2000-05-23,-0.5495131198469041
2000-05-24,-0.14739259766113424
2000-05-25,-1.2008337361792578
2000-05-26,-0.5841774221761104
2000-05-30,0.546542865314044
2000-05-31,0.7498261698962949
2000-06-01,0.8155023453410967
2000-06-02,0.12444306952623932
2000-06-05,-0.4281568792437429
2000-06-06,0.6755840301523292
2000-06-07,-0.24666041658139468
2000-06-08,-1.3524176728413062
2000-06-09,0.8478786461578081
2000-06-12,-2.237377624944985
2000-06-13,-0.9891650393259387
2000-06-14,0.3348338513457121
2000-06-15,-0.18520181097297564
2000-06-16,-0.07099799877080656
2000-06-19,-1.0530311902478828
2000-06-20,-1.352476848950701
2000-06-21,-1.7224374247038836
2000-06-22,-0.04768756629322376
2000-06-23,1.3391156498567822
2000-06-26,-0.6091244497286841
2000-06-27,-0.8934683545687462
2000-06-28,-0.7606213689187845
2000-06-29,-0.11212010181748225
2000-06-30,-0.22108707255040477
2000-07-03,-0.4417756563277669
2000-07-05,0.04060416494092976
2000-07-06,0.2985895037613785
2000-07-07,-0.036845646278151414
2000-07-10,-0.3339172168671248
2000-07-11,0.07797367684127435
2000-07-12,0.26305376837225586
2000-07-13,1.6915922022354588
2000-07-14,0.6135215765032187
2000-07-17,-0.47608593203682137
2000-07-18,-0.5843863012954982
2000-07-19,-0.4074523621037673
2000-07-20,1.9379838956587805
2000-07-21,-1.0553808059119472
2000-07-24,0.7057563209257426
2000-07-25,0.21473856050341525
2000-07-26,-0.8491588431115198
2000-07-27,-0.4723006486777383
2000-07-28,-0.43860029398914663
2000-07-31,0.3780337210727077
2000-08-01,1.463126726632546
2000-08-02,0.10775514048531154
2000-08-03,-0.6052917001959797
2000-08-04,-0.3672200598150155
2000-08-07,1.6568344461522737
2000-08-08,0.455843050208719
2000-08-09,0.7337157102027672
2000-08-10,-1.916350767657922
2000-08-11,0.7887277375229137
2000-08-14,-0.7865774764162734
2000-08-15,-0.4273261569489743
2000-08-16,-0.5970408027493193
2000-08-17,-0.08932904358808602
2000-08-18,-0.08904897943146986
2000-08-21,0.42003976437492097
2000-08-22,-0.15927112387542566
2000-08-23,-0.534505098629643
2000-08-24,1.2473991829338436
2000-08-25,0.8932521134566339
2000-08-28,-0.23157175953148967
2000-08-29,-0.9600488556567086
2000-08-30,0.9632750214911923
2000-08-31,-0.25530113024660517
2000-09-01,0.18852736546738444
2000-09-05,0.7745649355318345
2000-09-06,-0.16883170535781866
2000-09-07,-0.0715924150105517
2000-09-08,-0.20087615199204975
2000-09-11,0.12406304745187113
2000-09-12,0.283363266042331
2000-09-13,-0.36413104256948264
2000-09-14,0.5404235892638471
2000-09-15,-0.3321412529269998
2000-09-18,-0.4297879557830486
2000-09-19,-0.5295261423612644
2000-09-20,0.6839009144170316
2000-09-21,2.2026411003055193
2000-09-22,0.6368499498096314
2000-09-25,0.29722682597617156
2000-09-26,0.02698107026516333
2000-09-27,0.3501272090951102
2000-09-28,0.8338012084685877
2000-09-29,-0.5615758066514457
2000-10-02,-0.2422244778599342
2000-10-03,0.2830377436686724
2000-10-04,-0.15551611615831096
2000-10-05,-0.3597080399055191
2000-10-06,-1.489038895477251
2000-10-09,0.3348201703400604
2000-10-10,0.2994889728288245
2000-10-11,0.47091380875031474
2000-10-12,0.17045919911149132
2000-10-13,0.2261446357418851
2000-10-16,-1.3008349678905153
2000-10-17,-1.5676771711698914
2000-10-18,-2.1045379567092173
2000-10-19,0.0288548312863796
2000-10-20,1.6442188867345329
2000-10-23,0.4695392281637006
2000-10-24,-1.4524679349390637
2000-10-25,-0.10213791922676688
2000-10-26,-1.6784681088683913
2000-10-27,-1.133653035073602
2000-10-30,0.5990872969576445
2000-10-31,1.2487431129789957
2000-11-01,-0.9526955202852557
2000-11-02,-0.12430515630699786
2000-11-03,-1.1319443105904055
2000-11-06,0.045329923514625885
2000-11-07,0.044833595297652566
2000-11-08,-0.9839552728692005
2000-11-09,-0.21750117335173982
2000-11-10,-0.2853456064879621
2000-11-13,-0.9390839116198605
2000-11-14,1.7484910130287878
2000-11-15,-0.7177360672270868
2000-11-16,-1.032146346879166
2000-11-17,0.26666305859805645
2000-11-20,0.8688641102359675
2000-11-21,2.8713726533932658
2000-11-22,-2.0824191092421493
2000-11-24,0.36421670301333947
2000-11-27,0.010586843132096988
2000-11-28,-0.7904433369346178
2000-11-29,1.6540977199059939
2000-11-30,-0.05758746254045067
2000-12-01,-2.006806072510802
2000-12-04,0.9076171251765615
2000-12-05,1.185950281557674
2000-12-06,-1.0746472463245267
2000-12-07,0.041290200737832995
2000-12-08,0.4128474044051605
2000-12-11,-0.14772429758993613
2000-12-12,-0.39676786984846524
2000-12-13,-1.7983132088878804
2000-12-14,-0.3366778015371758
2000-12-15,-0.3046300251977069
2000-12-18,1.1586594300407214
2000-12-19,0.049531452668873856
2000-12-20,0.08089667169774781
2000-12-21,-0.1750760155301887
2000-12-22,-4.138631709691199
2000-12-26,0.787221201786131
2000-12-27,1.1256717297405288
2000-12-28,0.25755662782526867
2000-12-29,2.1488046219247896
2001-01-02,0.04495683583786853
2001-01-03,-1.3625253965919069
2001-01-04,-0.476546802118793
2001-01-05,0.27407073446561087
2001-01-08,0.7358314810144723
2001-01-09,0.23156037207968788
2001-01-10,1.502913814741949
2001-01-11,0.8694428968550134
2001-01-12,-0.6555942501715967
2001-01-16,0.119257253252144
2001-01-17,-0.23014076983698128
2001-01-18,-0.9373002325576075
2001-01-19,-1.039581190478187
2001-01-22,1.797640929876065
2001-01-23,0.9628180232941793
2001-01-24,-1.714333737782082
2001-01-25,1.1405221449675236
2001-01-26,0.15953095170618806
2001-01-29,-0.1696616387315284
2001-01-30,-0.9112170426619172
2001-01-31,-0.38518330517121446
2001-02-01,-0.13437422912942226
2001-02-02,0.05190370211401125
2001-02-05,-0.050337568216824974
2001-02-06,-0.3007343756203471
2001-02-07,-0.024234763130151302
2001-02-08,0.13129511248596498
2001-02-09,-0.4473886656668151
2001-02-12,-0.31717094762468984
2001-02-13,1.13494328610587
2001-02-14,-0.7416634693549582
2001-02-15,0.9652371051534877
2001-02-16,0.06154103627722744
2001-02-20,0.6500368716439137
2001-02-21,1.222282703702223
2001-02-22,-0.4479996332668989
2001-02-23,-0.010522521574140523
2001-02-26,0.8222586916122085
2001-02-27,-0.6178203850793147
2001-02-28,-0.7066332513416963
2001-03-01,0.15261759788036364
2001-03-02,1.0753110809856703
2001-03-05,-0.21555030713398357
2001-03-06,-0.0769368241990899
2001-03-07,-0.37703612512783097
2001-03-08,0.4055346322547185
2001-03-09,-0.14927289912538685
2001-03-12,-0.635447262604035
2001-03-13,-1.5103980915010184
2001-03-14,-1.178830334263336
2001-03-15,-1.0653003212541734
2001-03-16,-0.9290048563556584
2001-03-19,1.2459028006466029
2001-03-20,-0.6803042863701103
2001-03-21,-1.410782000553608
2001-03-22,0.12989256905933969
2001-03-23,-0.4389045204096135
2001-03-26,0.37564423704062927
2001-03-27,0.0673148289666404
2001-03-28,-0.3922168189404283
2001-03-29,0.30824598489851085
2001-03-30,-0.08828206800425889
2001-04-02,-0.4357819866358226
2001-04-03,-0.023996985426796114
2001-04-04,1.4290608791830346
2001-04-05,1.6106525663917448
2001-04-06,-0.624471662413257
2001-04-09,-1.0394957395245426
2001-04-10,1.024265217494885
2001-04-11,0.4592979387756486
2001-04-12,0.351857142856972
2001-04-16,-0.35356188723901255
2001-04-17,-0.013062683202745536
2001-04-18,0.5679137202195464
2001-04-19,-0.2434344662720424
2001-04-20,-0.9189066706245419
2001-04-23,-2.1574510574412726
2001-04-24,0.25014256065136853
2001-04-25,0.3621918084067615
2001-04-26,0.759558141267397
2001-04-27,-0.3713685394569213
2001-04-30,-0.555176397984547
2001-05-01,1.3889762776135612
2001-05-02,0.2978445723365277
2001-05-03,-1.1542483597213775
2001-05-04,0.274338326488077
2001-05-07,-0.1411066864495125
2001-05-08,-0.31898739194650105
2001-05-09,-1.8142005195294806
2001-05-10,0.9658815360200236
2001-05-11,0.03505569951062715
2001-05-14,-0.7708952853417353
2001-05-15,0.04400252136814759
2001-05-16,0.3453837173068946
2001-05-17,0.4557356595867311
2001-05-18,-0.3021891846880213
2001-05-21,-0.25558008919761516
2001-05-22,0.3267622369268691
2001-05-23,-0.40385219048917687
2001-05-24,-1.311584435498482
2001-05-25,0.1900803020818314
2001-05-29,0.2644068261428983
2001-05-30,0.18690534402140951
2001-05-31,0.36030484257235257
2001-06-01,-0.07760696226706834
2001-06-04,0.8071068417761091
2001-06-05,-0.049263149945649475
2001-06-06,-0.27541859971934135
2001-06-07,-0.12700512953499113
2001-06-08,-0.47535695759388125
2001-06-11,-0.411136478108364
2001-06-12,0.004970278516245242
2001-06-13,-0.595304238303399
2001-06-14,-1.9372441657874382
2001-06-15,1.0010689769546226
2001-06-18,-0.8861699089153321
2001-06-19,0.23648181711414853
2001-06-20,-0.6292793753605478
2001-06-21,-1.1702400245454554
2001-06-22,-1.7438840795336632
2001-06-25,-0.47064131110467683
2001-06-26,0.29528840094979014
2001-06-27,1.3100054423471321
2001-06-28,0.732672334202292
2001-06-29,-0.9817247550768976
2001-07-02,-0.21513643814513383
2001-07-03,0.177090202111698
2001-07-05,-0.08144962416114708
2001-07-06,0.3235182667942398
2001-07-09,0.18074352412422726
2001-07-10,-0.2043055666209063
2001-07-11,-1.2196184145654838
2001-07-12,0.019303885167311716
2001-07-13,0.5978858195183546
2001-07-16,-0.05499046224597504
2001-07-17,-0.05675321954323015
2001-07-18,-0.041242667738095096
2001-07-19,-0.2865538173031238
2001-07-20,0.11807237511307224
2001-07-23,-0.5591016470318356
2001-07-24,-0.8561362055922854
2001-07-25,-0.2575344409073963
2001-07-26,1.2423700395524322
2001-07-27,0.8344846970971374
2001-07-30,-0.05934849530074228
2001-07-31,-0.14665308119600598
2001-08-01,-0.18824622025123008
2001-08-02,0.480564447072785
2001-08-03,0.09116760980869702
2001-08-06,-0.263278134204518
2001-08-07,-0.33638351018542917
2001-08-08,-0.7713885005838077
2001-08-09,0.02720295184860732
2001-08-10,0.09327072322077187
2001-08-13,-0.7136729276468926
2001-08-14,-0.29591923496332684
2001-08-15,0.6866906392557112
2001-08-16,0.8814707746224404
2001-08-17,0.8244291784646224
2001-08-20,0.17733435734769443
2001-08-21,-0.17774204471168967
2001-08-22,-0.22658593251801382
2001-08-23,0.40456911170918786
2001-08-24,0.28678807877465917
2001-08-27,1.3297203490306257
2001-08-28,-0.43306645108613256
2001-08-29,-0.2902094112526266
2001-08-30,-1.1049063644666768
2001-08-31,0.47487376195668723
2001-09-04,0.7321862718552785
2001-09-05,0.18537993382122145
2001-09-06,-0.5085171346639364
2001-09-07,-0.6991554486955076
2001-09-10,0.19840221721235463
2001-09-17,6.576250143817412
2001-09-18,-0.05545826073216667
2001-09-19,1.025535760600735
2001-09-20,2.173350587428295
2001-09-21,-1.177530773683385
2001-09-24,-0.8133510141684187
2001-09-25,0.18409752928220327
2001-09-26,0.17659682498199014
2001-09-27,1.9156899685721267
2001-09-28,-0.897503645232142
2001-10-01,0.17218444148334858
2001-10-02,1.59118667248672
2001-10-03,0.9397480800623929
2001-10-04,-0.6658626712064175
2001-10-05,0.5955344123001345
2001-10-08,0.007845408125045597
2001-10-09,0.5315923784356628
2001-10-10,-0.8376436859861195
2001-10-11,-0.7732371150549578
2001-10-12,-0.4608366478665274
2001-10-15,0.9325181799478286
2001-10-16,-0.6775077412344619
2001-10-17,-1.22901663148534
2001-10-18,0.7525060128179126
2001-10-19,1.471879620407569
2001-10-22,-0.8988571631222416
2001-10-23,-2.390728439100656
2001-10-24,1.5844645571303706
2001-10-25,-0.2081280671809789
2001-10-26,-0.1848766846887108
2001-10-29,-0.33423451078907224
2001-10-30,-0.8930604658706198
2001-10-31,-0.2102322171125437
2001-11-01,-0.19561396012743826
2001-11-02,0.052253297950983164
2001-11-05,-0.12555545762728618
2001-11-06,-0.5347870155161248
2001-11-07,-1.165804926956186
2001-11-08,0.836345595705085
2001-11-09,-0.2006367769920265
2001-11-12,-0.3812412033243154
2001-11-13,-2.147180043763793
2001-11-14,-0.45939097109939214
2001-11-15,-1.2607111520535088
2001-11-16,1.1969140950392387
2001-11-19,2.064614778959016
2001-11-20,0.3344527688553552
2001-11-21,-1.1780298540277743
2001-11-23,-0.15662169388038166
2001-11-26,-1.1116679669749643
2001-11-27,0.20847625540570203
2001-11-28,0.5589131337983371
2001-11-29,0.10428105364379707
2001-11-30,0.2372836856744859
2001-12-03,0.5634192510666152
2001-12-04,0.46049478540225897
2001-12-05,-0.538802966359613
2001-12-06,-0.059324017367382624
2001-12-07,-0.12727262264251443
2001-12-10,-0.004739244832910162
2001-12-11,-0.6496353103849752
2001-12-12,0.4924370152990169
2001-12-13,-0.2956118531919941
2001-12-14,0.13025010287248628
2001-12-17,0.034702170183783895
2001-12-18,-0.04147490724104029
2001-12-19,0.22008357161322042
2001-12-20,1.4519745898939993
2001-12-21,0.32973049343900845
2001-12-24,0.26552647831044857
2001-12-26,-0.3022512017107163
2001-12-27,0.06656259314160712
2001-12-28,0.1984782045724656
2001-12-31,0.5117696315181683
2002-01-02,-1.2031599639336037
2002-01-03,0.07103265759600338
2002-01-04,0.16719184997781553
2002-01-07,-0.4121090873453392
2002-01-08,-0.0014655220016766785
2002-01-09,0.1255001692244859
2002-01-10,-0.3197249020570298
2002-01-11,-1.2524935674988142
2002-01-14,0.8122966339982561
2002-01-15,0.27848970671791773
2002-01-16,-0.5891226253115999
2002-01-17,0.3017392152160314
2002-01-18,0.3061367177815023
2002-01-22,-0.25218887807193247
2002-01-23,-0.6106247745202171
2002-01-24,2.60961408181135
2002-01-25,1.2945025513591488
2002-01-28,1.6571495312721436
2002-01-29,-0.9097210800382959
2002-01-30,0.08252181585756646
2002-01-31,2.205160374988522
2002-02-01,-0.8835706052031944
2002-02-04,0.03743774731002119
2002-02-05,-0.9405592775914388
2002-02-06,0.5339047874635107
2002-02-07,-0.08378490853600666
2002-02-08,-0.05021586582933233
2002-02-11,0.2992372423793664
2002-02-12,-0.24773315174514168
2002-02-13,0.3523101119237935
2002-02-14,-0.2694251165001402
2002-02-15,2.41917277485589
2002-02-19,-0.32573564659776216
2002-02-20,0.010099267723033236
2002-02-21,1.1364719441927067
2002-02-22,-3.4742152968125146
2002-02-25,-0.7274893563735266
2002-02-26,-0.36681042865163044
2002-02-27,0.5636126090668855
2002-02-28,-0.7572004919653778
2002-03-01,0.29928386020035785
2002-03-04,-2.016189516530644
2002-03-05,0.19411781995119257
2002-03-06,2.4326848605787728
2002-03-07,-1.0302973076603177
2002-03-08,-0.5612274422168914
2002-03-11,1.137743544094105
2002-03-12,0.427710568966688
2002-03-13,0.16335379917565387
2002-03-14,-0.8829293800708838
2002-03-15,0.4982821735184463
2002-03-18,-0.20708784599338156
2002-03-19,1.3290799098844137
2002-03-20,-0.08808207600672836
2002-03-21,-1.1689639663060054
2002-03-22,-0.08400839872373132
2002-03-25,-0.5515624044101304
2002-03-26,-0.2720322719203476
2002-03-27,1.7567743631395878
2002-03-28,0.6275373410478935
2002-04-01,1.2607967247517455
2002-04-02,-0.9666752540657134
2002-04-03,-0.2770706268914418
2002-04-04,0.0768031066322698
2002-04-05,0.39548379747088563
2002-04-08,0.6681312401904816
2002-04-09,-0.8300844502555473
2002-04-10,1.1626782138303704
2002-04-11,0.45453423392134523
2002-04-12,-0.2897111974850524
2002-04-15,-1.5005784469081478
2002-04-16,0.7378798570351559
2002-04-17,-1.2752580397049247
2002-04-18,-0.03361682258222107
2002-04-19,-0.7657132451476278
2002-04-22,0.7985945574737267
2002-04-23,1.3348878948136385
2002-04-24,-0.42705627604318097
2002-04-25,0.08740779838610682
2002-04-26,-0.11956581372570783
2002-04-29,-0.3318704515971515
2002-04-30,1.8999896746675087
2002-05-01,1.5551666074284394
2002-05-02,-0.5723823093197512
2002-05-03,-0.472087668365701
2002-05-06,-1.181815119465642
2002-05-07,-0.11892705775173962
2002-05-08,0.8258230289159276
2002-05-09,0.005792272272965704
2002-05-10,-0.4789424004957743
2002-05-13,1.459615574072935
2002-05-14,-0.4336309805473653
2002-05-15,-0.7746364203062089
2002-05-16,0.46426261815183295
2002-05-17,-0.17449835146486178
2002-05-20,0.0006566264130380001
2002-05-21,0.3349008299583657
2002-05-22,0.10824466272255755
2002-05-23,-0.5992353281675994
2002-05-24,-0.9523139359088739
2002-05-28,-0.15391978999630768
2002-05-29,0.6072210748166044
2002-05-30,0.3644888664213206
2002-05-31,-0.7871279066904813
2002-06-03,-0.39068388286257816
2002-06-04,-0.5984136996294751
2002-06-05,0.4558142665672751
2002-06-06,-0.687198378136674
2002-06-07,-0.6119788846827594
2002-06-10,1.1983911984354543
2002-06-11,-0.3288128282411219
2002-06-12,0.657367805552018
2002-06-13,0.5430107928498449
2002-06-14,-0.5410866258366789
2002-06-17,1.4926120725314964
2002-06-18,1.331300753575309
2002-06-19,0.9687007459134636
2002-06-20,-1.0560877406247924
2002-06-21,-0.5690801161678027
2002-06-24,-0.21943616569585098
2002-06-25,-1.7872398382518164
2002-06-26,-0.7827470339285311
2002-06-27,2.102534207818689
2002-06-28,-1.1982786919115855
2002-07-01,-2.8127374203901243
2002-07-02,-0.013388940338873652
2002-07-03,0.3476235295155089
2002-07-05,1.7926578523766947
2002-07-08,-1.588397844625314
2002-07-09,0.2139688158226547
2002-07-10,-1.6663696575130593
2002-07-11,-1.3960375214469698
2002-07-12,-1.301868536152845
2002-07-15,-1.6953618198658489
2002-07-16,0.49251795334631787
2002-07-17,0.6014491928988996
2002-07-18,-0.07891131574552335
2002-07-19,-4.590677545167774
2002-07-22,-1.6979793661109104
2002-07-23,1.802414178543982
2002-07-24,2.3891706376708854
2002-07-25,0.08096419675810464
2002-07-26,-1.1110139993456194
2002-07-29,1.8119406982062147
2002-07-30,-0.26598597506840055
2002-07-31,1.2608750871463723
2002-08-01,-0.6463369589210043
2002-08-02,-0.6203252858954592
2002-08-05,-1.9668701580009613
2002-08-06,1.20973150558265
2002-08-07,1.7328771084531576
2002-08-08,1.82895845525768
2002-08-09,0.26582117378406667
2002-08-12,-0.9820090284187084
2002-08-13,-1.0321370320995873
2002-08-14,1.3736817866784754
2002-08-15,-0.015700933778742796
2002-08-16,0.5349927000566072
2002-08-19,-0.03577323299624219
2002-08-20,-0.9748630016232519
2002-08-21,0.007045303039733268
2002-08-22,-0.07949330699550101
2002-08-23,0.22403761797000304
2002-08-26,1.2414407564869328
2002-08-27,1.0626052865201305
2002-08-28,-0.966352189860522
2002-08-29,1.042227161084451
2002-08-30,-0.05352797989005056
2002-09-03,-1.3832927404825612
2002-09-04,0.5170256247211898
2002-09-05,0.44695812838607213
2002-09-06,0.25025085890851934
2002-09-09,0.5750361132151259
2002-09-10,0.023829572418375605
2002-09-11,0.12512813800431197
2002-09-12,0.2525722062390699
2002-09-13,-0.3457934185488693
2002-09-16,0.5930922113306797
2002-09-17,-1.6957054416999082
2002-09-18,0.4172214473448001
2002-09-19,-0.6882805169954697
2002-09-20,0.5229963793428416
2002-09-23,0.9306760785183097
2002-09-24,-0.36609872385472836
2002-09-25,-0.38809459390417206
2002-09-26,0.4490377162627871
2002-09-27,-0.04137417730872139
2002-09-30,-1.0574692297898878
2002-10-01,-0.5088119585988754
2002-10-02,-0.14638257589223397
2002-10-03,-0.31193193247663986
2002-10-04,-0.986990934684271
2002-10-07,0.7967524336745812
2002-10-08,-2.651533230772395
2002-10-09,-1.0670822458235263
2002-10-10,1.0469882493082636
2002-10-11,1.089454707300686
2002-10-14,-0.8392849106118343
2002-10-15,-0.03742497864370858
2002-10-16,-0.17239986105375074
2002-10-17,-5.457580691115943
2002-10-18,-0.3341033284098597
2002-10-21,1.3837836495273983
2002-10-22,-0.0629544419833591
2002-10-23,0.7857835637028697
2002-10-24,0.20315543796888824
2002-10-25,-0.4808588538714292
2002-10-28,-1.3184952790931908
2002-10-29,0.933735150858457
2002-10-30,-0.648276231419296
2002-10-31,0.1897425247708698
2002-11-01,-1.0266981035416411
2002-11-04,-2.9979684440091567
2002-11-05,1.119894333858322
2002-11-06,1.7072811854902423
2002-11-07,-0.6385182135723232
2002-11-08,-0.1782430675614532
2002-11-11,-0.5038321022294296
2002-11-12,-0.056355870974841245
2002-11-13,-1.8224369641638656
2002-11-14,-1.2989433096381306
2002-11-15,0.612430786407115
2002-11-18,-2.0771315867866793
2002-11-19,1.4368888442940542
2002-11-20,0.7565755108288436
2002-11-21,1.8187250743689092
2002-11-22,0.4890263378929583
2002-11-25,-0.1267153482874447
2002-11-26,0.7499521154500796
2002-11-27,-0.07257419549878875
2002-11-29,-0.5148376947342908
2002-12-02,-0.11378863600115602
2002-12-03,-0.5255235178859989
2002-12-04,0.28856544875090967
2002-12-05,-0.8745723533373118
2002-12-06,0.9826276068098264
2002-12-09,-0.4761558446604783
2002-12-10,0.5599215083941853
2002-12-11,-0.06074446404524972
2002-12-12,-0.7174682176157072
2002-12-13,-1.6735303123681695
2002-12-16,0.6247448623365514
2002-12-17,-0.6059407026382942
2002-12-18,1.40996606810933
2002-12-19,0.21681076600922358
2002-12-20,0.26962101561072793
2002-12-23,1.1148722660824788
2002-12-24,0.3214544759099815
2002-12-26,-0.32770474490783347
2002-12-27,-0.030548965190727837
2002-12-30,-0.2368729943371399
2002-12-31,-0.15708596776066755
2003-01-02,1.1988960635722066
2003-01-03,-0.1733151293176878
2003-01-06,0.431329362007962
2003-01-07,-0.8602494283615391
2003-01-08,-0.07489811435054938
2003-01-09,0.2589220198906039
2003-01-10,-0.016062458793019863
2003-01-13,-0.3368387425317949
2003-01-14,-0.15824194191192265
2003-01-15,-0.38739169506957444
2003-01-16,0.033078335486196354
2003-01-17,-0.6939152609195326
2003-01-21,-0.3077143555886149
2003-01-22,-2.2070233986150853
2003-01-23,1.1008857488857458
2003-01-24,-0.8374176472422119
2003-01-27,-0.8529598062109991
2003-01-28,1.6486413435436442
2003-01-29,0.4049202330422789
2003-01-30,-0.43884637080108085
2003-01-31,-0.09864354588524275
2003-02-03,0.4522983271141238
2003-02-04,0.36939540392198666
2003-02-05,-0.2694053703162816
2003-02-06,-0.41162077166843536
2003-02-07,0.11999169407600546
2003-02-10,0.08255999118834989
2003-02-11,-0.1615166265022412
2003-02-12,-0.0413530890000338
2003-02-13,0.09939535794531026
2003-02-14,0.3842000241457603
2003-02-18,-0.1405975777433641
2003-02-19,0.727918186136469
2003-02-20,-0.9000516119464728
2003-02-21,0.02694403049397926
2003-02-24,-1.150342201867478
2003-02-25,0.012550060060213693
2003-02-26,-0.3568611518556449
2003-02-27,-0.24382454785615373
2003-02-28,-0.11678203649738034
2003-03-03,-0.005098045597273705
2003-03-04,0.34992789120594997
2003-03-05,-1.7550100025798243
2003-03-06,0.2058751067149895
2003-03-07,-0.6601455050211682
2003-03-10,-0.7509697209199324
2003-03-11,-1.1830209477476181
2003-03-12,0.44646118997823603
2003-03-13,0.7885903147625647
2003-03-14,1.8050578342123278
2003-03-17,0.9443653147782894
2003-03-18,0.03264435209841704
2003-03-19,0.690252622475705
2003-03-20,-1.220406579642553
2003-03-21,-1.3076296980093267
2003-03-24,1.1251921147864747
2003-03-25,-0.2997706983990643
2003-03-26,-0.0009632838515096083
2003-03-27,1.0771812709543458
2003-03-28,0.42873703352171233
2003-03-31,-0.2851821889489868
2003-04-01,0.7814082386819282
2003-04-02,-0.08696989367560914
2003-04-03,-0.21707918693802547
2003-04-04,-1.598128636353488
2003-04-07,0.4391968112460601
2003-04-08,-0.10395684602233116
2003-04-09,0.030386981479763663
2003-04-10,-1.1364003812869923
2003-04-11,-0.5609234389065599
2003-04-14,0.6090910952159356
2003-04-15,0.2687442822230203
2003-04-16,0.22056256711035624
2003-04-17,1.0315355627748195
2003-04-21,0.5131303803502388
2003-04-22,1.0141376104649504
2003-04-23,0.1911467448449617
2003-04-24,-0.3249281927996986
2003-04-25,-0.3057201424347327
2003-04-28,0.6041228411897857
2003-04-29,1.4116399665427335
2003-04-30,-0.610562093401989
2003-05-01,-0.1265962433384903
2003-05-02,1.1670473061507232
2003-05-05,-0.6010978582903553
2003-05-06,0.3114879525785968
2003-05-07,0.08310149003828718
2003-05-08,-0.46804490796875536
2003-05-09,0.42568626477219806
2003-05-12,0.905012575878956
2003-05-13,0.535370103399449
2003-05-14,0.21741463960065652
2003-05-15,-0.38565139271650933
2003-05-16,0.0019560921779039437
2003-05-19,-1.029531332478261
2003-05-20,-0.20832741382689277
2003-05-21,-0.5691190158413755
2003-05-22,0.15586139017763168
2003-05-23,1.0366356128732357
2003-05-27,-0.4983950562810273
2003-05-28,-0.17696311072556375
2003-05-29,-0.4172709179484359
2003-05-30,0.8346155686085442
2003-06-02,0.058712033932382
2003-06-03,-0.15265023398905012
2003-06-04,-0.4530377764184298
2003-06-05,-0.10228580817637682
2003-06-06,-0.24796973157171626
2003-06-09,-0.9318290493216799
2003-06-10,0.903473277137422
2003-06-11,1.042463441591135
2003-06-12,0.27128707456406104
2003-06-13,-0.6895596710431732
2003-06-16,0.6189463531404579
2003-06-17,-0.4094106800771311
2003-06-18,0.5564161772034649
2003-06-19,0.2928238672235517
2003-06-20,0.6470199098090818
2003-06-23,-0.2319747706388325
2003-06-24,0.15815564943698396
2003-06-25,-0.3512366292896506
2003-06-26,-0.3611409355845047
2003-06-27,-0.4000954869197392
2003-06-30,0.30856234826503076
2003-07-01,1.0434212987390876
2003-07-02,-0.05262976656462257
2003-07-03,-0.949264794794751
2003-07-07,0.026267869830754752
2003-07-08,0.4170698209789826
2003-07-09,-0.22203432760233385
2003-07-10,0.8682881406963308
2003-07-11,0.2898497153104816
2003-07-14,-0.049574467053991225
2003-07-15,-0.09806696789416995
2003-07-16,-0.2281279146714872
2003-07-17,-0.4344895112331523
2003-07-18,1.4539627846280891
2003-07-21,-0.6339174930831755
2003-07-22,0.7019143844591091
2003-07-23,-0.37037888776380173
2003-07-24,-1.2384907534766016
2003-07-25,0.5772973107670724
2003-07-28,2.876503190918055
2003-07-29,0.04831756378546255
2003-07-30,0.11085723943767353
2003-07-31,-0.13852116523808305
2003-08-01,-0.17331412321790488
2003-08-04,-0.030769236479673664
2003-08-05,-0.38791652960292444
2003-08-06,0.03301257756613397
2003-08-07,0.3558390325090747
2003-08-08,-0.30708633215321385
2003-08-11,0.2534135441646472
2003-08-12,0.20902968061188212
2003-08-13,-0.22050499164903273
2003-08-14,1.0423077339436646
2003-08-15,0.05205560298331923
2003-08-18,1.2679999826073345
2003-08-19,0.4938063939748608
2003-08-20,-0.9678491925071964
2003-08-21,1.5760930271282847
2003-08-22,-1.1708206094621258
2003-08-25,-0.2962738277509052
2003-08-26,0.6796226561641939
2003-08-27,-0.334896298952916
2003-08-28,0.3906318695045964
2003-08-29,0.34661935508022246
2003-09-02,0.1396095217792625
2003-09-03,0.2196946804148642
2003-09-04,-0.3408580160712848
2003-09-05,-0.49344778848795257
2003-09-08,0.44552675878048914
2003-09-09,-0.4405586002150902
2003-09-10,-0.665438848061011
2003-09-11,0.13179567181943433
2003-09-12,0.1442084212066535
2003-09-15,0.49142597375923114
2003-09-16,0.5992184232901351
2003-09-17,0.001746689268411427
2003-09-18,-0.07333085657321972
2003-09-19,-0.6611192171269996
2003-09-22,-0.9325831300837724
2003-09-23,-1.9790850692468838
2003-09-24,-1.0966269213875772
2003-09-25,-0.5803229512071766
2003-09-26,0.8234479827572493
2003-09-29,0.38147598051143444
2003-09-30,-0.1934945287120876
2003-10-01,0.7087142773664542
2003-10-02,-0.4706196582752986
2003-10-03,0.10322814671724888
2003-10-06,-0.2985461351207478
2003-10-07,0.33398779135165996
2003-10-08,-0.31270656863531054
2003-10-09,0.3922093358740976
2003-10-10,-0.35792638401770493
2003-10-13,-0.04242471785146172
2003-10-14,0.5212393778803361
2003-10-15,-0.3397378251209722
2003-10-16,-0.41098758724848516
2003-10-17,1.1216730961265269
2003-10-20,0.09989518394885885
2003-10-21,0.12138372309808518
2003-10-22,-0.42051999838274895
2003-10-23,0.5936683143609138
2003-10-24,0.20743535056336573
2003-10-27,-0.0002999650852424086
2003-10-28,0.47127226661613264
2003-10-29,1.944959761497179
2003-10-30,-0.21761571549937936
2003-10-31,-0.3625556792805394
2003-11-03,-0.049120397146509585
2003-11-04,-0.3799351444724877
2003-11-05,0.14906280205061637
2003-11-06,-0.6982228701875031
2003-11-07,0.841334191637864
2003-11-10,-0.04956717081106025
2003-11-11,0.32847017335402356
2003-11-12,0.5693775645115262
2003-11-13,0.8657604066144146
2003-11-14,-0.16842874092741944
2003-11-17,-0.3272692228148949
2003-11-18,-0.10798194639887795
2003-11-19,0.9205226202449096
2003-11-20,0.647254525585851
2003-11-21,0.34376090341721
2003-11-24,-0.1309014585841041
2003-11-25,-0.17482582621070275
2003-11-26,0.38980748552292643
2003-11-28,-0.2082560640096754
2003-12-01,-0.14578696340068814
2003-12-02,-0.6157786113642211
2003-12-03,0.23470817640995745
2003-12-04,1.7948965442416873
2003-12-05,-0.9380807933773981
2003-12-08,0.8977385788501645
2003-12-09,-0.800481293380031
2003-12-10,0.0991497360757063
2003-12-11,0.08384766343417643
2003-12-12,0.02113168560072133
2003-12-15,-1.2913232208664547
2003-12-16,0.836922387377314
2003-12-17,-0.03918403665318366
2003-12-18,0.27577117738497203
2003-12-19,-0.13424662926325664
2003-12-22,0.32995551730523187
2003-12-23,-0.6676380255637006
2003-12-24,1.20749691235428
2003-12-26,0.2426878928305135
2003-12-29,0.424256779065765
2003-12-30,-0.0495542400411618
2003-12-31,0.46174556949219286
2004-01-02,-0.6716132551711272
2004-01-05,0.311872577984999
2004-01-06,0.3934104412655401
2004-01-07,0.6705284560577375
2004-01-08,0.26230354493670244
2004-01-09,0.01521692685610822
2004-01-12,0.07322390413492827
2004-01-13,0.39666409657098267
2004-01-14,0.8562142546949129
2004-01-15,-0.024826134221663586
2004-01-16,1.091830222105313
2004-01-20,-0.22343194259456708
2004-01-21,0.4851342707886245
2004-01-22,-0.3273000039978138
2004-01-23,-0.5415467282849142
2004-01-26,1.031382908469669
2004-01-27,-0.7825314721071579
2004-01-28,-0.9375776172090512
2004-01-29,-0.14522643979675684
2004-01-30,-1.5415734237027356
2004-02-02,1.1047995437805485
2004-02-03,-0.16728267623911125
2004-02-04,0.8078661178425341
2004-02-05,1.4589006236118562
2004-02-06,1.0603588658928553
2004-02-09,-0.06714368951937667
2004-02-10,0.31406067640042334
2004-02-11,0.5728393519451505
2004-02-12,-0.2425829038972086
2004-02-13,-0.04220067629890593
2004-02-17,0.3581881251288006
2004-02-18,-0.3479277860875603
2004-02-19,0.26237862336666223
2004-02-20,-0.03025229476097579
2004-02-23,-1.682029458256866
2004-02-24,-1.223954693114962
2004-02-25,1.1476612351001698
2004-02-26,-0.13685232174480166
2004-02-27,-0.2928405312654725
2004-03-01,0.7242326049680478
2004-03-02,-1.7787170243908461
2004-03-03,-0.2742999324551149
2004-03-04,-1.4255250134819493
2004-03-05,0.04966075552723763
2004-03-08,-0.8658575975325705
2004-03-09,0.23008440404532962
2004-03-10,0.5251312361762502
2004-03-11,-1.090836374895471
2004-03-12,-0.17684732159835878
2004-03-15,0.474733427186221
2004-03-16,-0.4851892543890813
2004-03-17,0.06420159337212718
2004-03-18,0.1007340916090231
2004-03-19,-0.3816583838383857
2004-03-22,0.7929630593442241
2004-03-23,-0.24992048017371693
2004-03-24,-0.020212600792304487
2004-03-25,-0.3108255436877098
2004-03-26,-0.020345146525125517
2004-03-29,-0.20187108009853608
2004-03-30,0.6651987390251981
2004-03-31,0.5973957745856046
2004-04-01,-0.09520153837573891
2004-04-02,0.7431280091663858
2004-04-05,1.33246497701601
2004-04-06,0.17089884146068773
2004-04-07,-0.4536630431606017
2004-04-08,-0.26459822292005764
2004-04-12,0.13146668089338745
2004-04-13,-0.38258251881970023
2004-04-14,0.1487753567899903
2004-04-15,-0.4779487154219878
2004-04-16,0.3282813915230037
2004-04-19,-1.5441544663094153
2004-04-20,-1.1704343090584288
2004-04-21,0.3513841934283907
2004-04-22,1.9340292147300666
2004-04-23,-0.7798950568655356
2004-04-26,-0.48891322177192087
2004-04-27,0.27108994828648847
2004-04-28,-0.9992682177514596
2004-04-29,0.3116914560102547
2004-04-30,0.3332783323382368
2004-05-03,0.5664963860117034
2004-05-04,-0.36038093971991786
2004-05-05,0.4842103715842039
2004-05-06,-0.13284168272124083
2004-05-07,-0.2499154254314122
2004-05-10,-1.2425720005022884
2004-05-11,-0.9665444049975324
2004-05-12,1.3154026933075424
2004-05-13,0.7531162081254085
2004-05-14,-0.1859811440962608
2004-05-17,-0.7014848882179415
2004-05-18,0.8265948965002315
2004-05-19,-0.16354371681586213
2004-05-20,0.04284587031353391
2004-05-21,0.4739125443720558
2004-05-24,0.10148925044859711
2004-05-25,1.917495760350023
2004-05-26,-0.26943830744461494
2004-05-27,1.424915687034191
2004-05-28,-0.8061524588084386
2004-06-01,0.12491012455202592
2004-06-02,0.7153504398877123
2004-06-03,-0.3862277045742105
2004-06-04,-0.004587879816017989
2004-06-07,0.7863395418473107
2004-06-08,0.022853375981007115
2004-06-09,-0.2944275533673197
2004-06-10,0.28732907004694097
2004-06-14,-0.3557582662584267
2004-06-15,-0.103985206735284
2004-06-16,0.9917581383863809
2004-06-17,-0.7165376233798129
2004-06-18,0.5005548706184083
2004-06-21,-0.9951314431701993
2004-06-22,0.0711996359537786
2004-06-23,0.926618587768878
2004-06-24,-0.3814589183601858
2004-06-25,-0.041290431552041006
2004-06-28,-0.4581786446452968
2004-06-29,1.033730317599388
2004-06-30,0.34128246568783754
2004-07-01,-0.09534921844944748
2004-07-02,-0.8509191765451175
2004-07-06,0.279585854571679
2004-07-07,1.1147344425566101
2004-07-08,-0.24189391157747162
2004-07-09,0.6588914731100294
2004-07-12,0.23634622612797718
2004-07-13,-1.1927885035353833
2004-07-14,-0.9239425968895173
2004-07-15,-0.35625816891957685
2004-07-16,0.5920800628188259
2004-07-19,0.0847798234964416
2004-07-20,0.8934865677441152
2004-07-21,0.016828267292158156
2004-07-22,-1.994878712742912
2004-07-23,-0.27092833057844984
2004-07-26,-0.230021555916104
2004-07-27,0.024860096513987347
2004-07-28,0.7522067005259088
2004-07-29,-1.8684411220523147
2004-07-30,-0.34672834338004765
2004-08-02,1.9941716840101342
2004-08-03,-1.3596333421919071
2004-08-04,0.6109257702567313
2004-08-05,-0.6516412041303924
2004-08-06,-2.251021510728166
2004-08-09,-0.43748595701149734
2004-08-10,0.5339906841119498
2004-08-11,-0.21013874983728267
2004-08-12,-2.1911502204784115
2004-08-13,0.4319691265862531
2004-08-16,0.7828450926906793
2004-08-17,-0.12330039957048683
2004-08-18,-0.3864684526571424
2004-08-19,-0.14929083293119555
2004-08-20,0.37108377203352694
2004-08-23,-0.14973908969282035
2004-08-24,0.2823374892053715
2004-08-25,0.836852020413469
2004-08-26,-0.1629321139592401
2004-08-27,-0.10550921860520338
2004-08-30,-0.6279027740025093
2004-08-31,0.5888428188084849
2004-09-01,-0.3414880866728821
2004-09-02,0.18550128219250925
2004-09-03,-0.5660053066967065
2004-09-07,0.058749272402587434
2004-09-08,-1.5879191647447184
2004-09-09,-0.3877599914666558
2004-09-10,-0.5611854609057014
2004-09-13,0.7680482420980533
2004-09-14,2.1619064882532544
2004-09-15,0.1530477792849053
2004-09-16,0.93167240599286
2004-09-17,1.6907601199511808
2004-09-20,-0.6378333852738002
2004-09-21,0.931623690353368
2004-09-22,-1.497067873860322
2004-09-23,-0.4315243121486866
2004-09-24,1.5229690544968015
2004-09-27,-0.10577204138967318
2004-09-28,0.2680773068133552
2004-09-29,-0.385164412234967
2004-09-30,-0.07953766336701362
2004-10-01,0.6620445980514544
2004-10-04,-1.6795327938778752
2004-10-05,0.17226004165901715
2004-10-06,-0.40935937472718115
2004-10-07,-0.8834879896964841
2004-10-08,-0.8889472396658068
2004-10-11,-0.46793620564756094
2004-10-12,-0.029223439225328964
2004-10-13,-0.8102985836839821
2004-10-14,-1.2757611123054575
2004-10-15,0.49047180910255
2004-10-18,-1.67060603591181
2004-10-19,-1.0540817449980981
2004-10-20,-0.4221181113144678
2004-10-21,0.8429326808091062
2004-10-22,-0.5992282236199388
2004-10-25,-0.6400595597484677
2004-10-26,1.5986598366074274
2004-10-27,2.117125993386836
2004-10-28,0.9368428717937392
2004-10-29,-1.1095323628022313
2004-11-01,1.3648295509084787
2004-11-02,-1.7153738457242549
2004-11-03,4.136332190618294
2004-11-04,-0.04875875879751265
2004-11-05,-0.028373569891453385
2004-11-08,1.2926527017971088
2004-11-09,-0.30679729247204535
2004-11-10,0.47093709844550025
2004-11-11,0.525380657529528
2004-11-12,0.15894336419233032
2004-11-15,0.009674964486516923
2004-11-16,0.6607465293672299
2004-11-17,1.5339309713451124
2004-11-18,-0.25046780101728505
2004-11-19,-0.5665848784323689
2004-11-22,0.3286195537632451
2004-11-23,0.7778294976560154
2004-11-24,-0.12947300095031103
2004-11-26,-0.6019023407018236
2004-11-29,0.27028961173456834
2004-11-30,-0.3365083231576483
2004-12-01,0.885508165460085
2004-12-02,0.38686773306014366
2004-12-03,0.587847700442978
2004-12-06,0.4139500404344137
2004-12-07,-1.3629946880326183
2004-12-08,-3.826052689701478
2004-12-09,0.1331666623032493
2004-12-10,1.3439613016820005
2004-12-13,1.4987643500990713
2004-12-14,0.1878546417322064
2004-12-15,0.03154467762172522
2004-12-16,1.2513488765587093
2004-12-17,-1.6579853837179375
2004-12-20,-0.7205056651796333
2004-12-21,-1.2993443839316654
2004-12-22,1.070915440010525
2004-12-23,-0.03510684886835493
2004-12-27,-1.2048379069955892
2004-12-28,0.12830833577302558
2004-12-29,-2.78772433168083
2004-12-30,0.20022373641663044
2004-12-31,-0.8215627943351339
2005-01-03,-1.4217221774800168
2005-01-04,-2.2713848772003624
2005-01-05,1.4950395959778873
2005-01-06,-0.31547472038051705
2005-01-07,-0.2559634201036512
2005-01-10,-0.2940057316426302
2005-01-11,-0.370357767997772
2005-01-12,0.7310574389715216
2005-01-13,-1.3864799621282085
2005-01-14,0.3365059303855925
2005-01-18,0.08983539188478352
2005-01-19,-1.449278548189916
2005-01-20,-1.2004753861407007
2005-01-21,0.2602142780706496
2005-01-24,-0.456105098623801
2005-01-25,-0.09266247566323338
2005-01-26,0.7391244320508208
2005-01-27,0.9040262162227463
2005-01-28,-0.6797566207644349
2005-01-31,0.1842138820005964
2005-02-01,0.20995316801711736
2005-02-02,0.644488430826882
2005-02-03,-0.34809239804719433
2005-02-04,0.14032678268244428
2005-02-07,1.65617774280009
2005-02-08,-0.4168468595808984
2005-02-09,-1.4283978533309922
2005-02-10,1.0056383896417427
2005-02-11,1.9706291318006208
2005-02-14,0.9925640484745316
2005-02-15,-0.5582193701622286
2005-02-16,0.015077274581772274
2005-02-17,-1.3274723564875006
2005-02-18,-0.5197507552404362
2005-02-22,-1.9297806731607232
2005-02-23,0.15683199339353468
2005-02-24,0.8033944044229697
2005-02-25,1.0868898132879834
2005-02-28,-0.045849825393105656
2005-03-01,1.6514075013984606
2005-03-02,-0.3514403948298127
2005-03-03,-0.3524620240400279
2005-03-04,0.8409667750470071
2005-03-07,0.2846573994916268
2005-03-08,1.6667256660404353
2005-03-09,-1.4047932312614972
2005-03-10,-0.06972872965004197
2005-03-11,0.04104075958207661
2005-03-14,0.1565681567913423
2005-03-15,-0.7949094276683365
2005-03-16,-2.050503398716368
2005-03-17,-1.3530457257972557
2005-03-18,0.04008989043327367
2005-03-21,0.19719971443505582
2005-03-22,-0.21779469416043554
2005-03-23,0.6967373742670031
2005-03-24,1.001014715016471
2005-03-28,0.6743726116599112
2005-03-29,-1.159326142233594
2005-03-30,1.9745379980797126
2005-03-31,-0.39372596059654263
2005-04-01,0.37517520953519984
2005-04-04,0.46625493064941187
2005-04-05,1.531862852446131
2005-04-06,0.6828642231846458
2005-04-07,1.0789970850638446
2005-04-08,-0.8440219324662727
2005-04-11,0.6303358262487232
2005-04-12,0.05784229475595029
2005-04-13,-0.6234123330530458
2005-04-14,-1.3247694861190336
2005-04-15,-1.4267034980821829
2005-04-18,-0.6418983697902121
2005-04-19,-1.1497765091554504
2005-04-20,-0.2768418412870785
2005-04-21,1.2744931737147598
2005-04-22,-0.5580685903136664
2005-04-25,0.6326202943535282
2005-04-26,-0.8720727648309216
2005-04-27,-0.7952024946213365
2005-04-28,1.3654639412248983
2005-04-29,1.1133414227325569
2005-05-02,0.8161836098754732
2005-05-03,-0.5369398431240168
2005-05-04,0.8124712670912081
2005-05-05,-0.7411478085119799
2005-05-06,0.9222267348216077
2005-05-09,0.3740024021610735
2005-05-10,-1.5656405468336885
2005-05-11,-0.37731783925757023
2005-05-12,-0.8282401321092457
2005-05-13,-1.4585185388996835
2005-05-16,0.17336114842083325
2005-05-17,0.8569437967509286
2005-05-18,0.07266093260941614
2005-05-19,0.22370987617918558
2005-05-20,1.3679747275975112
2005-05-23,0.28957071939309714
2005-05-24,0.695073830709929
2005-05-25,-1.221112091150859
2005-05-26,0.6788304403696691
2005-05-27,0.15540436265026136
2005-05-31,0.4709712824946659
2005-06-01,-0.7167955816360119
2005-06-02,0.4771250525358031
2005-06-03,-0.11128149882988
2005-06-06,0.2469725619953572
2005-06-07,-0.37179608012161774
2005-06-08,-0.37092117866467966
2005-06-09,1.8349404512691512
2005-06-10,0.38847379437314994
2005-06-13,0.25543956245336796
2005-06-14,-0.8312642496992472
2005-06-15,0.13447436424378942
2005-06-16,-0.1652989583218966
2005-06-17,0.041620893882755514
2005-06-20,-0.5397985571073308
2005-06-21,-0.7640335789992639
2005-06-22,0.40479892819953167
2005-06-23,-1.2328704533824821
2005-06-24,-1.0864329019132768
2005-06-27,-0.3469243785535651
2005-06-28,1.9993417846823687
2005-06-29,0.08970079848511019
2005-06-30,-0.9198872358400968
2005-07-01,0.10894238483433498
2005-07-05,-0.56734111743713
2005-07-06,-0.9254652425436307
2005-07-07,0.4644749677256757
2005-07-08,0.29407196277611825
2005-07-11,0.6324179065067064
2005-07-12,-0.4329464365751288
2005-07-13,0.3976100661730772
2005-07-14,0.07250199922834696
2005-07-15,0.6211209867047371
2005-07-18,-1.4708814203416722
2005-07-19,-0.23932304737432245
2005-07-20,1.1987846910642879
2005-07-21,1.6040387157072673
2005-07-22,-0.10452959017299011
2005-07-25,0.5247903855924203
2005-07-26,0.4097167312822159
2005-07-27,-0.23340780545347517
2005-07-28,-1.0059750483106582
2005-07-29,-1.4042385191441307
2005-08-01,0.03622348755618345
2005-08-02,-0.39065131957753707
2005-08-03,0.4752965638163248
2005-08-04,0.37365852159739227
2005-08-05,-0.6944492569498699
2005-08-08,-0.3281778816194101
2005-08-09,-0.1697039359325028
2005-08-10,-0.5794314079798794
2005-08-11,0.07715229432880007
2005-08-12,0.37420973485068115
2005-08-15,1.0576292530140254
2005-08-16,0.26846636184557404
2005-08-17,-0.6674539636169278
2005-08-18,0.22955983069203278
2005-08-19,-0.10086806347468895
2005-08-22,1.1547667937271815
2005-08-23,-0.3153622383620345
2005-08-24,-0.9304317379914908
2005-08-25,0.42858457643759623
2005-08-26,-0.33188903457220126
2005-08-29,0.7723154776682196
2005-08-30,-0.19695619304126272
2005-08-31,0.3433200037817207
2005-09-01,-0.13999310001720053
2005-09-02,1.5943960742021484
2005-09-06,0.2132600308962609
2005-09-07,0.4896514781723852
2005-09-08,0.5582012179137308
2005-09-09,0.32619904877543954
2005-09-12,-1.3227125021656518
2005-09-13,-2.036188169762409
2005-09-14,-0.3510429947788816
2005-09-15,-0.1340965994313159
2005-09-16,0.6883659933679326
2005-09-19,-0.9278906270000723
2005-09-20,-0.18379358731838785
2005-09-21,-2.7558912462617515
2005-09-22,-1.0975216673773034
2005-09-23,-0.233647138041383
2005-09-26,-0.07183620739797465
2005-09-27,-0.0903684468022775
2005-09-28,0.6126081935169467
2005-09-29,-0.2737421396602937
2005-09-30,0.9900840178561234
2005-10-03,-0.9608853125093697
2005-10-04,-0.05461111844710153
2005-10-05,0.20583430801356614
2005-10-06,0.3220289905893506
2005-10-07,-0.20481288921380097
2005-10-10,-1.1743561503595337
2005-10-11,-1.9687478532258786
2005-10-12,0.1492236297358076
2005-10-13,0.8173883643017791
2005-10-14,0.6682614171307965
2005-10-17,1.3179266221483128
2005-10-18,-0.8628358589842712
2005-10-19,3.2652663786707947
2005-10-20,-2.889529280998301
2005-10-21,-2.148225976490029
2005-10-24,2.215271091612398
2005-10-25,-1.9039903357276038
2005-10-26,-0.34743925380772395
2005-10-27,-0.8339533932501236
2005-10-28,3.340719792574015
2005-10-31,-0.8631928710197522
2005-11-01,0.8610265082622149
2005-11-02,0.14443506755026797
2005-11-03,0.6052947708604712
2005-11-04,1.1863113514748287
2005-11-07,0.23429564833375602
2005-11-08,-0.7360172749055159
2005-11-09,1.5916447487770193
2005-11-10,0.08051861570981961
2005-11-11,-0.5365408783292865
2005-11-14,1.18107996047095
2005-11-15,-0.06729912128048723
2005-11-16,1.0856236912192956
2005-11-17,-0.19419309528842496
2005-11-18,-0.9720633739547305
2005-11-21,0.9903775357168038
2005-11-22,0.48865242724880764
2005-11-23,-0.3027890914881176
2005-11-25,0.7245977048063391
2005-11-28,-0.2670338069161474
2005-11-29,0.9003611871802958
2005-11-30,0.2072855250140446
2005-12-01,0.7129044911783189
2005-12-02,-0.4788822681634643
2005-12-05,-0.005899318713885901
2005-12-06,0.7479600900589889
2005-12-07,-0.251862176994463
2005-12-08,0.5089864413355218
2005-12-09,0.9884564940599121
2005-12-12,-0.27981709229485585
2005-12-13,0.970823325471382
2005-12-14,0.4867820550686174
2005-12-15,0.28982656783512517
2005-12-16,-0.6863984283502572
2005-12-19,-1.427403976295991
2005-12-20,0.7510786173793432
2005-12-21,0.7850674144793168
2005-12-22,0.246765535746033
2005-12-23,0.07616144701588702
2005-12-27,0.05822354809966202
2005-12-28,0.2703191407946472
2005-12-29,0.3247454067151159
2005-12-30,0.3931195011256549
2006-01-03,-0.9506096736270541
2006-01-04,0.7431860357580199
2006-01-05,0.12606889712294142
2006-01-06,0.8526717885316798
2006-01-09,0.4888138116050586
2006-01-10,0.3905536057182924
2006-01-11,0.3486061683415017
2006-01-12,-0.2208975025377923
2006-01-13,-0.8403265461660117
2006-01-17,-0.5408717131968277
2006-01-18,-0.6714131687946853
2006-01-19,0.39455260854181595
2006-01-20,-0.6130569190873333
2006-01-23,0.7119077874925341
2006-01-24,2.344677281336178
2006-01-25,-0.5321392807316355
2006-01-26,1.661472647635345
2006-01-27,-0.34356711550087005
2006-01-30,-1.2479590029255174
2006-01-31,0.09285568290585709
2006-02-01,1.4693019933874107
2006-02-02,-0.9818980077761741
2006-02-03,0.2508891156086434
2006-02-06,0.8864483260176802
2006-02-07,0.445042503149996
2006-02-08,-1.0822860745642644
2006-02-09,1.6035655886223208
2006-02-10,0.518074640214804
2006-02-13,-0.17738901283004013
2006-02-14,1.5557634140590424
2006-02-15,-0.2319893542775566
2006-02-16,0.6336166337138794
2006-02-17,0.22688456101924442
2006-02-21,-0.8145710715663503
2006-02-22,0.8821066966621715
2006-02-23,-0.6728869174237477
2006-02-24,1.004662554871553
2006-02-27,-0.820946705386355
2006-02-28,-2.574148422220425
2006-03-01,0.6875694257741017
2006-03-02,1.2311549445106769
2006-03-03,0.7459104918648842
2006-03-06,-1.8348677518581689
2006-03-07,0.32627346384636324
2006-03-08,0.4189086498831549
2006-03-09,0.4107230265578616
2006-03-10,2.1958306903849096
2006-03-13,0.4671604055537966
2006-03-14,0.9253947659569323
2006-03-15,1.1365277292085263
2006-03-16,0.6628785136825379
2006-03-17,0.9758889227288471
2006-03-20,-0.7723020446067314
2006-03-21,-0.166912688996947
2006-03-22,0.5157427177130921
2006-03-23,-1.2885902396460893
2006-03-24,-0.8468605529018008
2006-03-27,-0.3663850856921754
2006-03-28,-1.0855370268990108
2006-03-29,1.1069773334057424
2006-03-30,-0.93243472971086
2006-03-31,0.07136294121535494
2006-04-03,-0.5783750969732744
2006-04-04,1.8532883446289703
2006-04-05,0.2874653746206648
2006-04-06,-0.3827320709514558
2006-04-07,-0.08938505495547669
2006-04-10,0.292342185226304
2006-04-11,-1.108762518720903
2006-04-12,-1.5950506480093005
2006-04-13,0.45010420887601804
2006-04-17,0.7574509772602787
2006-04-18,1.3995464298672684
2006-04-19,0.6736413541711824
2006-04-20,0.32344486774990966
2006-04-21,-0.2752934939704108
2006-04-24,1.1335584324919692
2006-04-25,-3.589075261629159
2006-04-26,-1.7590032057240987
2006-04-27,-0.7223587188482603
2006-04-28,-1.3983345457601204
2006-05-01,0.5030393250098661
2006-05-02,-0.028765031395024725
2006-05-03,0.532303460506484
2006-05-04,-0.11313272608496011
2006-05-05,0.725539430706365
2006-05-08,0.5740560074937298
2006-05-09,-0.7060234826706657
2006-05-10,-0.4353415291973037
2006-05-11,-0.6357603443668371
2006-05-12,-1.808282979351733
2006-05-15,0.317211158288597
2006-05-16,-0.5780667817288159
2006-05-17,-1.558367554487815
2006-05-18,0.11161700782558734
2006-05-19,0.873239462076846
2006-05-22,1.566539911931011
2006-05-23,-2.727381222801
2006-05-24,-0.33238106284032265
2006-05-25,-0.2034500077159014
2006-05-26,-0.28526051493238797
2006-05-30,-0.7271961399808142
2006-05-31,-0.36595496475254663
2006-06-01,0.11197319808580707
2006-06-02,0.3693799093459568
2006-06-05,-0.4875680801606434
2006-06-06,-1.2071456028704426
2006-06-07,-1.0396309946826783
2006-06-08,0.38208355756733997
2006-06-09,-0.028198853947889867
2006-06-12,-1.754231063618465
2006-06-13,0.14026516587682827
2006-06-14,-1.431880954604045
2006-06-15,1.3368055648226775
2006-06-16,-0.0742325803399187
2006-06-19,-0.9834947172557138
2006-06-20,-0.4596509922188699
2006-06-21,0.6475243849183433
2006-06-22,-0.1448539356764097
2006-06-23,-0.6444354527004763
2006-06-26,-0.24185902440289667
2006-06-27,0.11258920087077837
2006-06-28,0.12126649575993509
2006-06-29,2.8742584399729676
2006-06-30,-0.07254527686527186
2006-07-03,0.3900137669074596
2006-07-05,-1.3431332344917106
2006-07-06,0.4587222994502533
2006-07-07,-1.537417152429795
2006-07-10,1.390082727585254
2006-07-11,1.3636539100383434
2006-07-12,-0.5309616293273631
2006-07-13,-0.4954281855983869
2006-07-14,-0.5116958211713559
2006-07-17,-0.9684356506327617
2006-07-18,-0.12173465927054772
2006-07-19,3.9282854526661737
2006-07-20,-0.9969536813408253
2006-07-21,0.2542687792742048
2006-07-24,0.5575152623467935
2006-07-25,1.5493355978563064
2006-07-26,-0.028893560892443545
2006-07-27,-1.6095914868001715
2006-07-28,-0.2822760655019797
2006-07-31,0.496254151083012
2006-08-01,-0.35322068272599744
2006-08-02,-0.498653433724501
2006-08-03,-1.3498180771898938
2006-08-04,-0.2660038004527608
2006-08-07,-1.2130279352145958
2006-08-08,0.6314999565375595
2006-08-09,-0.5289111538946512
2006-08-10,0.9003169282040895
2006-08-11,-0.319175451070226
2006-08-14,0.5389056524372834
2006-08-15,0.9204085388899478
2006-08-16,0.4335149434871428
2006-08-17,0.36377824447750223
2006-08-18,-0.6342247900704837
2006-08-21,-0.28473828521620714
2006-08-22,-0.1048238866860422
2006-08-23,0.11728186791357632
2006-08-24,0.22567325993286985
2006-08-25,-0.8139627774666596
2006-08-28,0.7239307310108515
2006-08-29,0.06764518501667777
2006-08-30,0.8730451783380299
2006-08-31,0.2669897558968084
2006-09-01,0.5608622166455918
2006-09-05,1.517961607758105
2006-09-06,0.1325651908951701
2006-09-07,-0.6805854771105768
2006-09-08,0.0007563901702707043
2006-09-11,1.1933676405919578
2006-09-12,-1.3832236172215153
2006-09-13,-0.33608338774030616
2006-09-14,0.7157580818039423
2006-09-15,-0.3228380337574114
2006-09-18,-0.21163628332196638
2006-09-19,-0.4011915393044497
2006-09-20,0.2041785519762994
2006-09-21,-0.5448605163742941
2006-09-22,-0.4393596394840218
2006-09-25,0.46364920724899494
2006-09-26,-0.18751835118925
2006-09-27,0.34840959689024104
2006-09-28,-0.1866644143467161
2006-09-29,-0.32930536376808134
2006-10-02,1.8862259296664374
2006-10-03,-0.4859868540691732
2006-10-04,0.3803410270782732
2006-10-05,-0.6703057639173451
2006-10-06,-1.1498414663044427
2006-10-09,-0.18545701441138954
2006-10-10,0.3094725970140454
2006-10-11,-0.20103713169793247
2006-10-12,0.8322039833100144
2006-10-13,0.31336633541821446
2006-10-16,0.26644050714481027
2006-10-17,-0.45908319057732155
2006-10-18,0.02059988073459689
2006-10-19,-1.017262056756975
2006-10-20,-0.4628894512120282
2006-10-23,0.48240847920792096
2006-10-24,-2.0046988838523854
2006-10-25,-3.432390436827408
2006-10-26,-0.3823806163427574
2006-10-27,0.05944925059104669
2006-10-30,0.7054393536703656
2006-10-31,-0.24741065010836097
2006-11-01,0.856480646159611
2006-11-02,-1.9125522865257065
2006-11-03,-0.007796547901054089
2006-11-06,0.13748034249670585
2006-11-07,0.4690127919652852
2006-11-08,-2.5690232830382507
2006-11-09,-0.7703703997751115
2006-11-10,0.12052122624080494
2006-11-13,1.4524913053882764
2006-11-14,1.6004368961753042
2006-11-15,2.4827717587330547
2006-11-16,-0.7898811494421961
2006-11-17,-0.9923859197725102
2006-11-20,-0.9500780338115112
2006-11-21,0.07182819607951847
2006-11-22,-0.6260385307456025
2006-11-24,-0.11280721620975057
2006-11-27,-1.5180619240047253
2006-11-28,0.4127549599609564
2006-11-29,2.344687271929346
2006-11-30,-0.05968732779289402
2006-12-01,0.4098334309920237
2006-12-04,1.2581946846053724
2006-12-05,0.17941268127035856
2006-12-06,-1.0969238229670297
2006-12-07,-0.10994552505609487
2006-12-08,-1.1982765149158163
2006-12-11,1.0576376346362886
2006-12-12,-1.6684205199191144
2006-12-13,-0.7099581928806757
2006-12-14,-0.12281534555000162
2006-12-15,1.7908304554475247
2006-12-18,-0.850692296555825
2006-12-19,0.7388070303039216
2006-12-20,1.4894742748565042
2006-12-21,0.07523403982887772
2006-12-22,-1.1496670183416113
2006-12-26,0.5979782053978322
2006-12-27,0.31920024908503186
2006-12-28,-0.0025667764622417356
2006-12-29,-1.110140456567427
2007-01-03,0.6324884659319702
2007-01-04,-1.9632054756624946
2007-01-05,0.47981312565657336
2007-01-08,0.5718107318297866
2007-01-09,0.6174706227027708
2007-01-10,0.8496602136314901
2007-01-11,0.7925409499313446
2007-01-12,0.5348207916308578
2007-01-16,0.26475197417032076
2007-01-17,-0.1751664129427034
2007-01-18,0.24347873557937585
2007-01-19,0.5022187775191195
2007-01-22,-0.39672927072068237
2007-01-23,2.222856118783639
2007-01-24,0.23753407629767823
2007-01-25,-0.8299942212747687
2007-01-26,-1.3070357252954254
2007-01-29,0.32792435379897283
2007-01-30,0.2933020345693901
2007-01-31,-0.11243304913381115
2007-02-01,0.4872718402178234
2007-02-02,1.6530569981470036
2007-02-05,0.783399764784092
2007-02-06,0.29913952219470674
2007-02-07,0.49347935338989185
2007-02-08,1.0476827565221765
2007-02-09,-0.6537576917091777
2007-02-12,0.519550121177296
2007-02-13,0.22289554098471315
2007-02-14,-0.24955887805071475
2007-02-15,0.6411174981291284
2007-02-16,0.003864380250156529
2007-02-20,0.5770469882954186
2007-02-21,-0.3021681648042912
2007-02-22,-0.9066840722161337
2007-02-23,-0.5063853840546022
2007-02-26,-0.9246791327869468
2007-02-27,-2.9260500389758177
2007-02-28,-0.13672453734596776
2007-03-01,1.0878583194511873
2007-03-02,-0.6962882855177307
2007-03-05,-0.32559164945192887
2007-03-06,0.6581330533502884
2007-03-07,-0.02482199503643746
2007-03-08,1.103239216948725
2007-03-09,0.21595696958136337
2007-03-12,1.0996408005636784
2007-03-13,-1.6814371322626354
2007-03-14,0.03337895260923157
2007-03-15,0.3865892949141656
2007-03-16,-0.7980286124266219
2007-03-19,2.0172436304138226
2007-03-20,0.01138897567438172
2007-03-21,1.5157143518412581
2007-03-22,-1.3362761414992597
2007-03-23,2.2708009347689946
2007-03-26,-0.6529312544377428
2007-03-27,-0.7149233567981289
2007-03-28,-1.08127470557206
2007-03-29,0.9311883426686103
2007-03-30,-0.8912833148916232
2007-04-02,0.9315854521314189
2007-04-03,1.1037691551826585
2007-04-04,-0.3986097303738428
2007-04-05,-0.6255109879850962
2007-04-09,0.9402238810046276
2007-04-10,-0.23401191707152685
2007-04-11,-2.3775307822005876
2007-04-12,1.546987437527984
2007-04-13,-0.5174706150831098
2007-04-16,-0.48188072585287084
2007-04-17,0.8476572445045867
2007-04-18,0.9672450855348537
2007-04-19,0.16983364457867986
2007-04-20,0.20015994978780183
2007-04-23,0.6946607246525134
2007-04-24,-3.4672572883356474
2007-04-25,0.6559204997959945
2007-04-26,-1.4326039309168819
2007-04-27,1.351296902506223
2007-04-30,-1.5109977156710588
2007-05-01,-0.7667649000310507
2007-05-02,-0.7364942609500045
2007-05-03,1.5651396837342917
2007-05-04,0.013202535421127197
2007-05-07,1.5299716415362778
2007-05-08,-0.09078714682933789
2007-05-09,0.7906282649522675
2007-05-10,-1.466556145458136
2007-05-11,0.5078330875130348
2007-05-14,1.242495146426484
2007-05-15,0.04996054468517562
2007-05-16,1.2734483824421405
2007-05-17,-0.1787743266011124
2007-05-18,0.27323646582298916
2007-05-21,-0.2681319701251773
2007-05-22,-1.5032357181657103
2007-05-23,-0.32555642689958725
2007-05-24,-0.35559856916378263
2007-05-25,-0.11085096803614292
2007-05-29,0.1770473326417533
2007-05-30,0.7182632981123256
2007-05-31,-0.2897709716112168
2007-06-01,0.7507006833011942
2007-06-04,0.5442737730289153
2007-06-05,-0.09288085002293828
2007-06-06,-0.5467436369835288
2007-06-07,-1.5914199286968105
2007-06-08,1.0882110306894068
2007-06-11,-0.2535403437993975
2007-06-12,-0.6229455808359367
2007-06-13,1.3050029817644129
2007-06-14,0.7787295846760088
2007-06-15,0.24943498325272764
2007-06-18,-1.1664384053286052
2007-06-19,0.4711598064807991
2007-06-20,-0.00029240301706023696
2007-06-21,0.039857220608745594
2007-06-22,-0.8744679115276747
2007-06-25,0.10216856844928283
2007-06-26,-0.5097541424601566
2007-06-27,1.4458935201996423
2007-06-28,-0.14490655685938145
2007-06-29,0.301120143045504
2007-07-02,0.734531334383297
2007-07-03,-0.09700404784861714
2007-07-05,-0.3752193556560601
2007-07-06,0.1535475840374367
2007-07-09,-0.8159498046444279
2007-07-10,-2.8006985730782534
2007-07-11,1.0149458195514611
2007-07-12,0.41475016220521815
2007-07-13,-0.9963773866190538
2007-07-16,0.6270265802033804
2007-07-17,0.9123414715136928
2007-07-18,-0.4345894639122431
2007-07-19,0.8302299393834051
2007-07-20,-0.7077315533060387
2007-07-23,1.8893002789230078
2007-07-24,-2.611653220930442
2007-07-25,2.169579987320632
2007-07-26,-0.5988669505374185
2007-07-27,-1.946233720486343
2007-07-30,-0.19134558004770488
2007-07-31,-1.5350636733041658
2007-08-01,1.63582844089028
2007-08-02,2.5759391881264793
2007-08-03,-1.719709480856317
2007-08-06,1.7840207768234428
2007-08-07,-2.0830242949453184
2007-08-08,-0.7449605435075076
2007-08-09,-3.8425430135471057
2007-08-10,3.8762991180587396
2007-08-13,0.9683089757678173
2007-08-14,-1.3580806936236511
2007-08-15,-2.5123692862497045
2007-08-16,-0.15330962572842008
2007-08-17,2.7105959464131324
2007-08-20,-0.6308014304086064
2007-08-21,-0.7344105185575752
2007-08-22,0.4619038300909463
2007-08-23,-0.4597816613420092
2007-08-24,2.426663048564011
2007-08-27,-0.0012182027407824142
2007-08-28,-3.205253039044975
2007-08-29,1.102414828354981
2007-08-30,0.6980811571509943
2007-08-31,1.4616882620575828
2007-09-04,-0.5661897673593282
2007-09-05,-1.3280084314111957
2007-09-06,0.030594973112354113
2007-09-07,0.307043256507318
2007-09-10,0.39782478365649726
2007-09-11,0.984169498066311
2007-09-12,-0.5312500722359565
2007-09-13,0.10538735808371087
2007-09-14,0.10363826663221137
2007-09-17,-0.7026018685967396
2007-09-18,0.7133607599742564
2007-09-19,0.9711620376413986
2007-09-20,-0.25417717382713023
2007-09-21,-0.24095753836513403
2007-09-24,-1.0776596229422895
2007-09-25,1.0282924722626008
2007-09-26,-1.6455219002307921
2007-09-27,-0.047257568045012355
2007-09-28,-0.3887149762401186
2007-10-01,1.9669981046183191
2007-10-02,-1.8522544998479133
2007-10-03,0.36968647644569724
2007-10-04,0.7117290985539135
2007-10-05,-0.8776685247193129
2007-10-08,0.28337196749669885
2007-10-09,0.15029651996788532
2007-10-10,-0.5360973540458052
2007-10-11,0.6625164568867106
2007-10-12,0.021377479527331274
2007-10-15,0.05880671010006088
2007-10-16,1.0320094889402918
2007-10-17,0.06656502329229774
2007-10-18,0.07610121689622484
2007-10-19,-2.186851298210986
2007-10-22,0.19894223582933937
2007-10-23,0.6869686400400838
2007-10-24,2.937710200234458
2007-10-25,0.40270519196033966
2007-10-26,-0.9137795313108773
2007-10-29,0.4985832514552655
2007-10-30,0.13207821477743154
2007-10-31,0.9482271857421922
2007-11-01,-1.8153344212096298
2007-11-02,-0.18956735564096383
2007-11-05,0.6283066862968979
2007-11-06,1.9511939454152902
2007-11-07,-0.6047686663895818
2007-11-08,-0.19756672759209304
2007-11-09,-1.642438314051198
2007-11-12,-0.881384144612909
2007-11-13,2.0715662568783832
2007-11-14,-0.819890469320781
2007-11-15,-1.509891875596233
2007-11-16,-1.5129307150799873
2007-11-19,-1.4380045871346723
2007-11-20,-0.5273212517082968
2007-11-21,-0.3166842986329286
2007-11-23,2.0002291838469053
2007-11-26,-1.7684412695399223
2007-11-27,-0.2801451137038468
2007-11-28,0.10837573421140878
2007-11-29,-1.668688440591371
2007-11-30,1.8539745721408303
2007-12-03,2.4060008082794195
2007-12-04,-0.028658759273560753
2007-12-05,-0.2387594026578782
2007-12-06,1.7156905987456772
2007-12-07,0.39275552028992033
2007-12-10,-0.8488294978037855
2007-12-11,-3.0196455624342162
2007-12-12,1.2574637766302104
2007-12-13,-0.18768173985543862
2007-12-14,-0.7915013385268701
2007-12-17,-0.19816773059562418
2007-12-18,-0.7382236608556886
2007-12-19,-0.7648189538457498
2007-12-20,1.2893230175124146
2007-12-21,0.7024712746350084
2007-12-24,0.889903429497552
2007-12-26,-0.8954998666213729
2007-12-27,-1.1085679722124764
2007-12-28,-0.46286053812900685
2007-12-31,-0.7948739454045853
2008-01-02,-0.10013983066034082
2008-01-03,0.6738253530133742
2008-01-04,-0.5257409515189534
2008-01-07,-0.8818323830680238
2008-01-08,-1.8869248218920758
2008-01-09,3.6106988749474933
2008-01-10,-0.5299299848888399
2008-01-11,0.4020987361259117
2008-01-14,-0.4121809712208744
2008-01-15,1.5588714545066813
2008-01-16,-1.188623535967019
2008-01-17,-1.5132743672194466
2008-01-18,-0.03192651324642115
2008-01-22,-0.4158545595230475
2008-01-23,0.0900486918118857
2008-01-24,-0.9549528228725266
2008-01-25,0.6267712849356046
2008-01-28,0.2004539491440629
2008-01-29,0.8816077601469563
2008-01-30,1.6496086596322124
2008-01-31,-1.5585161065924127
2008-02-01,1.0872885110518622
2008-02-04,0.4197288913171986
2008-02-05,-2.162273987512952
2008-02-06,-0.9262276792770701
2008-02-07,1.162841589920135
2008-02-08,-0.06612397767768188
2008-02-11,0.41543552864313044
2008-02-12,-0.09764232463703122
2008-02-13,0.6832433340602925
2008-02-14,-0.41828248994523803
2008-02-15,0.13384209656147814
2008-02-19,0.6486885282622844
2008-02-20,0.36733656663980974
2008-02-21,-1.610930191897981
2008-02-22,-0.3356391562288016
2008-02-25,0.920321274816714
2008-02-26,-0.5480504271118999
2008-02-27,1.254354302008259
2008-02-28,-0.5202746960800088
2008-02-29,-1.401080853838148
2008-03-03,3.7610578205597185
2008-03-04,-2.227853978192729
2008-03-05,0.0377355749989216
2008-03-06,-0.7169275603640638
2008-03-07,-0.6206026367294056
2008-03-10,-0.6313315941116336
2008-03-11,1.220378899429019
2008-03-12,-0.3507107676716002
2008-03-13,-0.5632594582383079
2008-03-14,-1.2463742446237611
2008-03-17,1.6651220910428484
2008-03-18,0.44138391797095594
2008-03-19,-1.5133346175587987
2008-03-20,0.16551114987402962
2008-03-24,-0.08097063061253455
2008-03-25,0.4788713493261269
2008-03-26,-0.5246802716497401
2008-03-27,-0.5474311846002374
2008-03-28,0.08736882856346186
2008-03-31,-0.13610324146808903
2008-04-01,0.4111297800271047
2008-04-02,0.6523672532334707
2008-04-03,0.1557825011302864
2008-04-04,-0.7879423841869183
2008-04-07,0.0983041860773383
2008-04-08,-0.3883649394268284
2008-04-09,-0.12359084510801598
2008-04-10,0.07681892118934126
2008-04-11,-1.5983845164750254
2008-04-14,0.3579650669404374
2008-04-15,-5.1726249239490345
2008-04-16,-0.47013330797798913
2008-04-17,-0.017726683428153128
2008-04-18,0.30963837652084764
2008-04-21,-0.2726259496511842
2008-04-22,-1.5480254987366013
2008-04-23,-0.07103161641873082
2008-04-24,3.117913726640598
2008-04-25,1.406304076822611
2008-04-28,-0.6938126063032626
2008-04-29,0.871023698547486
2008-04-30,-0.6012013355254269
2008-05-01,1.1480921745281947
2008-05-02,0.2108932390722167
2008-05-05,-0.5467566178578903
2008-05-06,0.24665885257390083
2008-05-07,-0.41891091969299754
2008-05-08,0.3846992434505661
2008-05-09,-0.28592119378572683
2008-05-12,0.5163796349894212
2008-05-13,0.4192385886966722
2008-05-14,-0.25219394992783817
2008-05-15,0.029873856694241592
2008-05-16,0.4404305475910721
2008-05-19,1.336084408231111
2008-05-20,-1.1213226471751407
2008-05-21,-1.2710825139757271
2008-05-22,0.32460982206186634
2008-05-23,-0.8671377030861055
2008-05-27,1.0525254974606217
2008-05-28,-0.27919966201485785
2008-05-29,0.48694087980863654
2008-05-30,0.575272806839677
2008-06-02,-1.0181196011756561
2008-06-03,-0.505381568777554
2008-06-04,-0.36170710322520533
2008-06-05,1.058923300524647
2008-06-06,-2.758567420365088
2008-06-09,0.29371666259142604
2008-06-10,-0.19518006346046743
2008-06-11,-0.3040758043791086
2008-06-12,0.08241124726803835
2008-06-13,0.7665094382348978
2008-06-16,0.11052228534655965
2008-06-17,-1.2671713732612682
2008-06-18,-1.0520819969858672
2008-06-19,1.3406118695925395
2008-06-20,-1.5934579244552964
2008-06-23,0.258869002235146
2008-06-24,-0.6755038507554297
2008-06-25,1.129452617986593
2008-06-26,-3.7493565540788083
2008-06-27,0.6486304956041322
2008-06-30,-0.2060059748063065
2008-07-01,-0.15356783254748593
2008-07-02,-0.7409026072631644
2008-07-03,0.13212332358735687
2008-07-07,-0.38725447615503816
2008-07-08,0.6107095116920997
2008-07-09,-0.8898364636134538
2008-07-10,0.4806338577650813
2008-07-11,-0.6004457743412227
2008-07-14,0.11057404939205744
2008-07-15,0.43136013696132824
2008-07-16,1.2598951366272833
2008-07-17,-1.8725655445680844
2008-07-18,0.8619081477056247
2008-07-21,-0.45988796177501334
2008-07-22,1.610063059240065
2008-07-23,1.4257169022767844
2008-07-24,-1.2494142612856458
2008-07-25,1.8060199994227386
2008-07-28,0.0646025420249099
2008-07-29,-1.0726317932499323
2008-07-30,0.7186935694100862
2008-07-31,-0.8126092316971687
2008-08-01,-0.5977165826975831
2008-08-04,-0.29429179989976856
2008-08-05,0.9413141152010753
2008-08-06,0.804562120517882
2008-08-07,0.34274417645846805
2008-08-08,1.2788960334342923
2008-08-11,0.26939150047906346
2008-08-12,0.6982728936328864
2008-08-13,-0.32061083491046677
2008-08-14,-0.22120751362440808
2008-08-15,1.0582198472771585
2008-08-18,-0.4405346391797961
2008-08-19,-0.9376278196160448
2008-08-20,-0.26754492566702964
2008-08-21,0.4141464751582216
2008-08-22,0.6268626863105915
2008-08-25,-0.38299754472477876
2008-08-26,-0.2729033666105524
2008-08-27,-1.0626510431646758
2008-08-28,1.1499237158239382
2008-08-29,-0.46192876078716727
2008-09-02,0.44992988980926957
2008-09-03,0.24209447745920545
2008-09-04,-0.48442561495572356
2008-09-05,1.118539102792967
2008-09-08,1.631362002731167
2008-09-09,-0.8541649452805488
2008-09-10,-0.7688742789937121
2008-09-11,-0.18331733128698943
2008-09-12,0.8229868478908344
2008-09-15,-1.8055607560850284
2008-09-16,-1.7262995152698564
2008-09-17,-3.100855434930121
2008-09-18,1.122624214498075
2008-09-19,0.5975556506910679
2008-09-22,-1.4263407254282674
2008-09-23,-1.1335870772706609
2008-09-24,-0.564122361330226
2008-09-25,0.8796405598234014
2008-09-26,-0.12922032276129589
2008-09-29,-1.4635477242235448
2008-09-30,-1.0900977202934006
2008-10-01,-4.021055072741546
2008-10-02,-1.4563642565887311
2008-10-03,1.4899885784514066
2008-10-06,-1.701561256865533
2008-10-07,-1.062955286029577
2008-10-08,-2.4849312152570193
2008-10-09,-4.4607153385487885
2008-10-10,-7.605013719434664
2008-10-13,3.208560809328254
2008-10-14,1.1284509543432402
2008-10-15,-3.2804928822547823
2008-10-16,2.977973536815526
2008-10-17,-0.24615149832921854
2008-10-20,2.6574539691889143
2008-10-21,-2.012693318543076
2008-10-22,1.2623994616782177
2008-10-23,-1.5299483294114682
2008-10-24,-1.09895517634791
2008-10-27,-1.4121076382936184
2008-10-28,4.462126328109621
2008-10-29,-0.899692641740548
2008-10-30,1.5638352605394399
2008-10-31,0.49032845626286253
2008-11-03,-0.1890921651433243
2008-11-04,1.5318902410018294
2008-11-05,-1.249523457185448
2008-11-06,-2.801042631809889
2008-11-07,0.322084051619527
2008-11-10,-0.014126169381266058
2008-11-11,-1.3335456002533772
2008-11-12,-2.093952149672703
2008-11-13,2.199779348902151
2008-11-14,-2.099539212896646
2008-11-17,-0.6141460009237797
2008-11-18,-0.5239786721156812
2008-11-19,-2.5500687592314484
2008-11-20,-3.0261617569799073
2008-11-21,4.4251863064466805
2008-11-24,1.4555987617042734
2008-11-25,0.40521863625229676
2008-11-26,1.3644463151233788
2008-11-28,0.7903098434566259
2008-12-01,-2.2024536338278353
2008-12-02,0.6513947223838515
2008-12-03,1.9246950840911203
2008-12-04,-1.6957638037846834
2008-12-05,1.270070861599364
2008-12-08,0.8916442902849618
2008-12-09,0.5541461353820879
2008-12-10,0.27417644503805894
2008-12-11,-0.7273622523382467
2008-12-12,-0.3210808709469409
2008-12-15,-0.06443651169140649
2008-12-16,2.133442334662912
2008-12-17,-0.6648891951433132
2008-12-18,-0.7554566083941309
2008-12-19,1.7156465793436335
2008-12-22,0.7554756189221935
2008-12-23,-0.3661089605957963
2008-12-24,0.35638588503497776
2008-12-26,0.3792589934227044
2008-12-29,-0.046049566065862836
2008-12-30,1.3462241749988197
2008-12-31,0.5799802209361632
2009-01-02,1.4252461755763817
2009-01-05,2.272298390400853
2009-01-06,-0.5778749346135389
2009-01-07,-1.0157588751384987
2009-01-08,0.9714173837792509
2009-01-09,-0.6372778955548642
2009-01-12,0.19251872641834689
2009-01-13,-0.08867243221896054
2009-01-14,-0.4275858915416101
2009-01-15,0.11331641879901314
2009-01-16,1.6124141212558427
2009-01-20,-1.2866206882005016
2009-01-21,0.9077270893488155
2009-01-22,0.15236797955751938
2009-01-23,-0.719883266524426
2009-01-26,1.0462594983091797
2009-01-27,0.5551839933891675
2009-01-28,0.6966165415609299
2009-01-29,-0.928321847992524
2009-01-30,-0.19213078968063413
2009-02-02,-1.154702275766636
2009-02-03,1.6684717699537925
2009-02-04,-0.46339445790270617
2009-02-05,0.07853818113218028
2009-02-06,-1.3446376298232972
2009-02-09,0.2602117286765219
2009-02-10,-1.4828726700854291
2009-02-11,0.5265466754572398
2009-02-12,1.1652635746480662
2009-02-13,0.7524763321383919
2009-02-17,-1.7278914699417276
2009-02-18,0.5012176412999468
2009-02-19,0.05798743378643897
2009-02-20,-0.7853336285630804
2009-02-23,-1.7698371766523513
2009-02-24,0.785418775052969
2009-02-25,-1.7659592009827785
2009-02-26,-0.9919786339909643
2009-02-27,-1.8842521050960943
2009-03-02,-1.8235017236777036
2009-03-03,-0.11031780634337275
2009-03-04,1.2529725529499254
2009-03-05,-1.2726286156793194
2009-03-06,-0.36071399411230654
2009-03-09,-0.08632933351566834
2009-03-10,1.4682614888613135
2009-03-11,-0.6356877753826092
2009-03-12,1.679050434462894
2009-03-13,0.2274132955089578
2009-03-16,1.733376100559704
2009-03-17,0.23375718390290282
2009-03-18,0.5058972032861515
2009-03-19,0.08760290690954478
2009-03-20,-0.36438534162355046
2009-03-23,2.420260345481475
2009-03-24,1.244205231789176
2009-03-25,1.1093575987602733
2009-03-26,1.8918224901485319
2009-03-27,-0.48385740270584193
2009-03-30,-1.1497767591384216
2009-03-31,0.20011339410150125
2009-04-01,0.8633360100632039
2009-04-02,0.8885643060722372
2009-04-03,-1.2467777586905118
2009-04-06,3.049684599522003
2009-04-07,-1.4761752473797882
2009-04-08,-0.5208100580936124
2009-04-09,-0.17377917236099172
2009-04-13,0.27578237781529097
2009-04-14,0.023120369152753187
2009-04-15,0.5586876073798102
2009-04-16,1.2437623062715464
2009-04-17,0.5039024783352621
2009-04-20,-0.5401552741620225
2009-04-21,0.6937219074458801
2009-04-22,-0.025135945137781692
2009-04-23,0.8264422704928143
2009-04-24,0.043224097691555524
2009-04-27,0.0033231053978104216
2009-04-28,-0.3203038559927552
2009-04-29,0.3134368343362167
2009-04-30,-0.14770601541015255
2009-05-01,0.7602700578481035
2009-05-04,0.5012016004842506
2009-05-05,0.029957349202814704
2009-05-06,0.23168437511597467
2009-05-07,-0.909446520231524
2009-05-08,1.2370624556475787
2009-05-11,-0.8157920659803122
2009-05-12,0.13028281204773678
2009-05-13,-0.666142543050932
2009-05-14,0.37551190550607355
2009-05-15,-0.47161010131746545
2009-05-18,-0.22292198356092305
2009-05-19,0.48567523860642153
2009-05-20,0.6804341275782382
2009-05-21,-0.6770318843335159
2009-05-22,-0.022556084901328204
2009-05-26,0.7436729781017531
2009-05-27,-0.663097284931923
2009-05-28,0.34486914702264293
2009-05-29,-0.18866982470773114
2009-06-01,0.7379285251212876
2009-06-02,-0.15240979537004945
2009-06-03,-0.456216991280673
2009-06-04,0.49300109742215814
2009-06-05,0.19764636004953837
2009-06-08,0.2769023200785214
2009-06-09,-0.20713131374292137
2009-06-10,-0.26603359240477803
2009-06-11,0.24420789771443963
2009-06-12,0.4412492929936359
2009-06-15,-0.6512381386934774
2009-06-16,-0.5960668019437853
2009-06-17,0.24331156804508558
2009-06-18,0.23948050502224322
2009-06-19,-0.13845212000518953
2009-06-22,-0.2973281984202795
2009-06-23,-0.9850024445133402
2009-06-24,-0.2294669304806999
2009-06-25,1.1808847916465641
2009-06-26,-0.2703292373678862
2009-06-29,0.5564703083925279
2009-06-30,-0.6750905462107126
2009-07-01,0.35671889516104677
2009-07-02,-1.2139757650992546
2009-07-06,0.34352473370709097
2009-07-07,-1.195592012596269
2009-07-08,0.3548035577559362
2009-07-09,-0.14739724042746263
2009-07-10,-0.01930390620238923
2009-07-13,0.8290816130865243
2009-07-14,0.7851588618000289
2009-07-15,0.6478635670940693
2009-07-16,0.8417807495083911
2009-07-17,-0.07792103692863839
2009-07-20,0.5137156250585767
2009-07-21,-0.3100430892863668
2009-07-22,0.05753356296240868
2009-07-23,-0.5956363267473633
2009-07-24,-1.755138936812293
2009-07-27,-0.32079342557967766
2009-07-28,0.3958331990673172
2009-07-29,0.9180866547833891
2009-07-30,0.4158522461542698
2009-07-31,-0.6050260005951859
2009-08-03,1.187325385803604
2009-08-04,0.5373511733480036
2009-08-05,-0.0063222162944631425
2009-08-06,0.2652977619075475
2009-08-07,0.8848232168333489
2009-08-10,-0.36064643456545314
2009-08-11,-0.6470914993669029
2009-08-12,1.0580836091154957
2009-08-13,-0.023989913110692113
2009-08-14,-0.3530437718356075
2009-08-17,-0.390639328165717
2009-08-18,0.4346437377221729
2009-08-19,0.4695765935928919
2009-08-20,-0.08252451382584196
2009-08-21,1.6131766227045707
2009-08-24,-0.23050119452544468
2009-08-25,-0.09500385905210951
2009-08-26,-0.27504420635988136
2009-08-27,0.6359802863484731
2009-08-28,-0.28324956676179286
2009-08-31,0.006499950414381765
2009-09-01,0.042095862432767174
2009-09-02,-0.5871734842212268
2009-09-03,0.06518629209745447
2009-09-04,0.5712644790811047
2009-09-08,0.047097043851255044
2009-09-09,-0.01031206154808279
2009-09-10,0.16246564063816926
2009-09-11,0.19574754465925218
2009-09-14,0.237373064028604
2009-09-15,0.19799189935623948
2009-09-16,0.2684772501407326
2009-09-17,0.5520331394146641
2009-09-18,0.8280006843294085
2009-09-21,-0.33055519950422363
2009-09-22,0.04514897535113384
2009-09-23,0.18220752782146726
2009-09-24,-0.3255366546003456
2009-09-25,0.0038184514336227194
2009-09-28,0.5552458621269007
2009-09-29,0.6393798586364113
2009-09-30,-0.640251514621721
2009-10-01,-1.120440689893948
2009-10-02,0.0776924078981696
2009-10-05,0.2103589993053698
2009-10-06,0.3136069010135417
2009-10-07,-0.33061195209897726
2009-10-08,0.09531013164450532
2009-10-09,0.45779143278661893
2009-10-12,-0.15917091335579392
2009-10-13,-0.173912600221462
2009-10-14,0.1753269771967241
2009-10-15,-0.10891622085694108
2009-10-16,-0.21420862276731653
2009-10-19,0.26733806535857274
2009-10-20,-1.0893665542521587
2009-10-21,-0.1781780192128913
2009-10-22,0.29434167428637176
2009-10-23,-0.28249812128687607
2009-10-26,0.7353333073420509
2009-10-27,0.16528596859001699
2009-10-28,-0.42679588111835115
2009-10-29,0.12751795829630544
2009-10-30,-0.38029520912366954
2009-11-02,0.3199281977575345
2009-11-03,-0.36393660950799095
2009-11-04,0.27680725227752323
2009-11-05,0.9878728946649399
2009-11-06,0.4555116581830557
2009-11-09,1.1673992794924277
2009-11-10,-0.01704888500800738
2009-11-11,0.6041874878810788
2009-11-12,-0.21526003989732465
2009-11-13,0.45259498876253507
2009-11-16,0.5003025570169366
2009-11-17,-0.04913198539366675
2009-11-18,-0.4519372026950309
2009-11-19,-0.867486377464499
2009-11-20,0.31041112681286953
2009-11-23,0.7834131173850171
2009-11-24,-0.1530699318541991
2009-11-25,0.2402770561254647
2009-11-27,-0.8063644104307259
2009-11-30,-0.22641251620314087
2009-12-01,0.31631438168817366
2009-12-02,-0.06145775746521808
2009-12-03,-0.3672264026927417
2009-12-04,0.7629477751002595
2009-12-07,0.10916578607153464
2009-12-08,-0.9911801983170088
2009-12-09,-0.5854228020788337
2009-12-10,0.28082699406391637
2009-12-11,0.2566278689311164
2009-12-14,1.1761918092058372
2009-12-15,-0.7578781201632522
2009-12-16,-0.21267411498333075
2009-12-17,-0.2510347206901937
2009-12-18,0.20161841596824148
2009-12-21,0.3627735812441306
2009-12-22,-0.1434735831775384
2009-12-23,-0.2664010995370747
2009-12-24,0.0892026859360825
2009-12-28,0.618586820417045
2009-12-29,-0.05151509736700198
2009-12-30,-0.06266471133089369
2009-12-31,-0.8936297161872139
2010-01-04,0.8204115227673466
2010-01-05,0.05171453715305373
2010-01-06,0.1518223228695999
2010-01-07,0.4638912291616071
2010-01-08,-0.3185787566479173
2010-01-11,0.006793373643427576
2010-01-12,0.0070975083357449325
2010-01-13,1.4221395515755264
2010-01-14,-0.045767387491129054
2010-01-15,-0.6257325124089169
2010-01-19,0.22765753027247362
2010-01-20,-0.6095129662892532
2010-01-21,-1.4497425883473942
2010-01-22,-0.9752706742080468
2010-01-25,0.02275702652209334
2010-01-26,0.26144754517627256
2010-01-27,0.598894581688383
2010-01-28,-0.12238632241240248
2010-01-29,-0.07424824783742148
2010-02-01,1.122482070026807
2010-02-02,0.17602229910267442
2010-02-03,0.24519951379923707
2010-02-04,-0.5839127801928101
2010-02-05,-0.2581204438827075
2010-02-08,0.22340744070745544
2010-02-09,1.3277932753985051
2010-02-10,-0.9521059472452165
2010-02-11,0.7016705117014452
2010-02-12,-0.5147735079160289
2010-02-16,0.5344478328838214
2010-02-17,0.26843038885746795
2010-02-18,1.2916809610530928
2010-02-19,-0.32708671540213785
2010-02-22,0.31942235826039794
2010-02-23,-0.46122464657096035
2010-02-24,0.30893587740541173
2010-02-25,-0.22025850567376143
2010-02-26,0.02244869242047708
2010-03-01,1.4440657202184009
2010-03-02,-0.22631489573288568
2010-03-03,-0.6693335723919841
2010-03-04,0.5578315402827126
2010-03-05,0.8825827503276925
2010-03-08,-0.20246105603988132
2010-03-09,-0.29306040124076277
2010-03-10,0.3518239372268589
2010-03-11,0.029913577458992563
2010-03-12,-0.8230117901127078
2010-03-15,0.1446385487688056
2010-03-16,0.16371169453302886
2010-03-17,0.11633212216229313
2010-03-18,0.007778679835981816
2010-03-19,0.3151164874231861
2010-03-22,-0.6798420811284123
2010-03-23,0.11400961226537648
2010-03-24,-0.35023305870445065
2010-03-25,-0.06883098602095021
2010-03-26,0.4341127346802724
2010-03-29,0.13765138893400367
2010-03-30,-0.17150422537120516
2010-03-31,-0.25785265976585914
2010-04-01,0.5530911816196964
2010-04-05,0.060958712959765654
2010-04-06,-0.7927817740034122
2010-04-07,-0.6348131293689963
2010-04-08,-0.23848138055332435
2010-04-09,1.0190044986100386
2010-04-12,-0.044597854193466326
2010-04-13,0.3294977468823139
2010-04-14,0.10253575569291527
2010-04-15,-0.14910604917825362
2010-04-16,-1.0242502091019257
2010-04-19,0.3856987631348714
2010-04-20,0.9744404511174979
2010-04-21,0.8872006446090099
2010-04-22,0.5363692100026678
2010-04-23,-0.1084409893578565
2010-04-26,-0.17125077474425765
2010-04-27,-1.9487698604911603
2010-04-28,1.462778042038862
2010-04-29,0.6266605980926161
2010-04-30,-1.7149890232861138
2010-05-03,1.360942656999133
2010-05-04,-2.7570857260852932
2010-05-05,0.14102475456615074
2010-05-06,-2.516440009536333
2010-05-07,-1.9627232762558318
2010-05-10,2.1419546489834547
2010-05-11,-0.07457843933034626
2010-05-12,0.8313683241070934
2010-05-13,-0.9164641722720201
2010-05-14,-1.9146065205477312
2010-05-17,0.33089628906693014
2010-05-18,-0.9885793247795812
2010-05-19,-0.7254669410493594
2010-05-20,-2.6005545579693345
2010-05-21,1.1911971886651869
2010-05-24,-1.0701331040137503
2010-05-25,0.5598797675367319
2010-05-26,-0.7818853505928286
2010-05-27,1.4359686278411656
2010-05-28,-0.688015328182063
2010-06-01,-1.1584324796524565
2010-06-02,1.3932755012077744
2010-06-03,0.048341113106095776
2010-06-04,-3.1194035568493756
2010-06-07,-1.3991184615743335
2010-06-08,0.289742987349412
2010-06-09,0.15639744667509245
2010-06-10,1.6543738253077764
2010-06-11,0.658900330868931
2010-06-14,-0.00649183678707397
2010-06-15,0.780994028067232
2010-06-16,0.5659240084234022
2010-06-17,0.38362105365527444
2010-06-18,0.5537858509329328
2010-06-21,-0.9984795166666034
2010-06-22,-1.1754919799961943
2010-06-23,-0.446250879059012
2010-06-24,-1.2801422771375934
2010-06-25,-0.39816646752138685
2010-06-28,-0.2843440893076627
2010-06-29,-3.462344096106324
2010-06-30,-1.3703012760130096
2010-07-01,-0.4088589462301985
2010-07-02,-0.12404855628193649
2010-07-06,-0.03412893014556566
2010-07-07,1.7538750095565998
2010-07-08,0.6317028616801966
2010-07-09,-0.9548764278721337
2010-07-12,-1.1838104404313914
2010-07-13,0.8135114699185444
2010-07-14,2.0228209449893324
2010-07-15,-0.5196763553843026
2010-07-16,-2.320365266314243
2010-07-19,0.8657632095292352
2010-07-20,0.9488670408159564
2010-07-21,-0.4037205713354642
2010-07-22,2.134947527804293
2010-07-23,0.24307834025707678
2010-07-26,0.9327284232970899
2010-07-27,-1.1449250005779503
2010-07-28,0.20844984555725177
2010-07-29,-0.021370578247943268
2010-07-30,0.15788931603254175
2010-08-02,0.5852522598037103
2010-08-03,-0.4215756102900034
2010-08-04,0.6355403220755713
2010-08-05,-0.0881443236310649
2010-08-06,0.5105660569997124
2010-08-09,0.034929605119529604
2010-08-10,-1.1931254410274794
2010-08-11,-2.732980841351182
2010-08-12,-0.5498399003356752
2010-08-13,-0.005247216330836622
2010-08-16,-0.48091757018580417
2010-08-17,1.5253875398729237
2010-08-18,0.7940904511214317
2010-08-19,-1.4771291114012124
2010-08-20,0.31905243183948956
2010-08-23,-1.1569689986354321
2010-08-24,-1.4866416509732967
2010-08-25,-0.07940016622404591
2010-08-26,-0.32791180929087144
2010-08-27,1.068336167992
2010-08-30,-1.6246204886349105
2010-08-31,-0.20749421796145825
2010-09-01,3.0258250389080645
2010-09-02,1.278297562858806
2010-09-03,0.12019931624721275
2010-09-07,-1.6001239406250707
2010-09-08,0.32753634180867863
2010-09-09,0.23897218501192252
2010-09-10,1.8880291270671272
2010-09-13,0.03533681372233159
2010-09-14,-0.6059616464123521
2010-09-15,-0.46501272971064017
2010-09-16,-0.30985367088341914
2010-09-17,1.291252162822982
2010-09-20,0.9272930503847301
2010-09-21,-0.2458845975412973
2010-09-22,-0.6389465470544993
2010-09-23,-0.06893164683354021
2010-09-24,1.4185012178016485
2010-09-27,-0.12233389234041406
2010-09-28,0.2338515316848511
2010-09-29,-0.41036900023629236
2010-09-30,0.4405699607222367
2010-10-01,-0.4072342229739297
2010-10-04,-0.31423316418504704
2010-10-05,2.136081314845792
2010-10-06,-0.029573348381138464
2010-10-07,0.0009973127570673925
2010-10-08,0.10138662542626867
2010-10-11,-0.3742796714552017
2010-10-12,-0.34169359280911565
2010-10-13,0.418220278715802
2010-10-14,-0.46421215902658847
2010-10-15,-0.016624037081546434
2010-10-18,-0.3431428859730243
2010-10-19,-1.4044699074651301
2010-10-20,0.7601996432545052
2010-10-21,0.5774082774452045
2010-10-22,0.13528281745919327
2010-10-25,-1.1863359837050027
2010-10-26,0.44040803676580187
2010-10-27,-0.026326351911395665
2010-10-28,0.9032854236891731
2010-10-29,1.017161665796103
2010-11-01,0.2448191487708779
2010-11-02,1.0961886978193027
2010-11-03,-0.4119590498826947
2010-11-04,0.982165278577367
2010-11-05,0.0016226001625771016
2010-11-08,-0.07001394679032055
2010-11-09,-0.12683157221194646
2010-11-10,-0.12649245685065366
2010-11-11,-1.3043477743719547
2010-11-12,-1.3407240616537497
2010-11-15,0.07749482125231845
2010-11-16,-1.2825668280674194
2010-11-17,0.13264181420186055
2010-11-18,1.0973420320177223
2010-11-19,0.16112483602027555
2010-11-22,-1.1380386141165615
2010-11-23,-1.1578201893968454
2010-11-24,1.526855535860045
2010-11-26,-0.5319464780026363
2010-11-29,-0.6527501630971883
2010-11-30,0.482088352515227
2010-12-01,1.8109709212373786
2010-12-02,0.6924022306397335
2010-12-03,-0.9413415606195706
2010-12-06,0.5139413104601426
2010-12-07,0.669302590094348
2010-12-08,-0.0737185825416961
2010-12-09,-0.8692771826952421
2010-12-10,0.5479700537690759
2010-12-13,-0.22387259981253196
2010-12-14,0.7277761532052969
2010-12-15,-1.093441783152602
2010-12-16,0.8447891111080422
2010-12-17,-0.538634179591499
2010-12-20,-0.09117758811851337
2010-12-21,0.4106367341537935
2010-12-22,0.6301045142365634
2010-12-23,-0.3192773592970852
2010-12-27,-0.30754546736176097
2010-12-28,0.13888719829327378
2010-12-29,0.030217904844430033
2010-12-30,-0.5202230909695122
2010-12-31,0.31973028389156455
2011-01-03,0.354406915242111
2011-01-04,0.1794722547807214
2011-01-05,0.31788634868975624
2011-01-06,1.533072244425444
2011-01-07,0.835498998944663
2011-01-10,-1.2207423770649517
2011-01-11,-0.5824371106199391
2011-01-12,0.48530775076697247
2011-01-13,-0.4624823675731913
2011-01-14,0.7002660801357274
2011-01-18,2.0828798748822033
2011-01-19,-0.449184773688465
2011-01-20,0.9950915313304441
2011-01-21,-0.5260156064131264
2011-01-24,-0.6991904127701911
2011-01-25,0.5416112302239398
2011-01-26,-0.7754682005938367
2011-01-27,0.3536145749037216
2011-01-28,-1.7362011909282968
2011-01-31,1.6991239695149207
2011-02-01,0.9096189384641061
2011-02-02,-0.4463460954847827
2011-02-03,-0.15051026025181835
2011-02-04,-0.28137716476656016
2011-02-07,0.7164544757471033
2011-02-08,0.6769944490301549
2011-02-09,0.7021984572586645
2011-02-10,-0.7585740973303685
2011-02-11,-0.7054564780348358
2011-02-14,-1.8693885010250244
2011-02-15,0.3987680603878834
2011-02-16,-0.6525718264264364
2011-02-17,0.3271187365089636
2011-02-18,0.17382949730456781
2011-02-22,-1.6262098491057473
2011-02-23,-0.6982166149893377
2011-02-24,0.5431282562527739
2011-02-25,-0.5662212205528091
2011-02-28,0.1766785632287065
2011-03-01,-0.8927366960938221
2011-03-02,0.590909037888763
2011-03-03,1.096383908777554
2011-03-04,-0.8803351293666767
2011-03-07,-0.9712202669054208
2011-03-08,1.1422030525559668
2011-03-09,0.4085435808908303
2011-03-10,-1.0529375198436752
2011-03-11,-0.24003803473645624
2011-03-14,0.21575710421310182
2011-03-15,-0.21623645988729556
2011-03-16,-1.2782604801756505
2011-03-17,1.5947485593437019
2011-03-18,0.4965044594766806
2011-03-21,1.2817490604391883
2011-03-22,-0.26463977781648784
2011-03-23,-0.23498178634930836
2011-03-24,0.2647543774735313
2011-03-25,0.35591342655252134
2011-03-28,-0.5364029060386319
2011-03-29,0.28695316461146203
2011-03-30,0.36432597823595
2011-03-31,0.8003746487145994
2011-04-01,0.2650367556268957
2011-04-04,-0.453980561771131
2011-04-05,-0.4349566482947014
2011-04-06,0.14243931665765472
2011-04-07,0.17935981904912143
2011-04-08,-0.19826204629429595
2011-04-11,0.6114655294040008
2011-04-12,-0.14110040860080672
2011-04-13,-1.4719571378975553
2011-04-14,-0.2871400853458186
2011-04-15,-0.014369594896725818
2011-04-18,-0.9978422004813345
2011-04-19,0.22620196865230038
2011-04-20,1.3627491539173837
2011-04-21,-0.10684103114211418
2011-04-25,-0.3085003254451362
2011-04-26,1.1275988049651617
2011-04-27,0.4441379771739563
2011-04-28,0.20036080837755385
2011-04-29,0.5571257628362817
2011-05-02,0.6015021513082015
2011-05-03,0.9411003254949554
2011-05-04,-0.6655564352039652
2011-05-05,-0.39537271406700236
2011-05-06,0.29388225094510806
2011-05-09,0.3711378283076374
2011-05-10,0.19855645416057116
2011-05-11,-0.06934228882646577
2011-05-12,0.37808972191158535
2011-05-13,-0.6165781786205786
2011-05-16,-0.13590770500850446
2011-05-17,-0.323212380893061
2011-05-18,0.12246123233210664
2011-05-19,0.48320414955074326
2011-05-20,-0.8279165924481553
2011-05-23,0.6864240097385236
2011-05-24,0.4717377377426678
2011-05-25,-0.8544505526288043
2011-05-26,-0.1273812173234654
2011-05-27,0.5650566249511283
2011-05-31,0.4025317191435321
2011-06-01,-1.8792395438249685
2011-06-02,0.005795592157183829
2011-06-03,-0.4374770182557707
2011-06-06,-0.4833508350004529
2011-06-07,0.13938887294175395
2011-06-08,-0.3318293413768704
2011-06-09,0.5852290371024469
2011-06-10,-1.484657498027172
2011-06-13,1.21500210614719
2011-06-14,1.0956035657081111
2011-06-15,-1.244965039225839
2011-06-16,1.4331895466631481
2011-06-17,-0.09035960015430787
2011-06-20,1.1864472289489183
2011-06-21,0.9011439458941436
2011-06-22,-0.12100785377025845
2011-06-23,-0.48206501499861487
2011-06-24,0.13393621074597728
2011-06-27,0.6489697485910422
2011-06-28,1.2644477294774643
2011-06-29,0.7168766058278181
2011-06-30,0.5158553627032824
2011-07-01,1.0170480850715427
2011-07-05,-0.521270155757149
2011-07-06,-0.10672696447420865
2011-07-07,-1.8782581173922257
2011-07-08,-0.7571956226796501
2011-07-11,-0.9005819298967049
2011-07-12,-0.7054113203982141
2011-07-13,-0.49352393438219677
2011-07-14,-1.3222184603199725
2011-07-15,-1.2616234762819634
2011-07-18,-0.4201261412541695
2011-07-19,-0.03690820748794908
2011-07-20,0.6494304452505419
2011-07-21,0.6599535662903081
2011-07-22,-0.45013225207652685
2011-07-25,-0.2757022148899839
2011-07-26,0.28383860593599375
2011-07-27,-3.6269174073651933
2011-07-28,-2.6924927389025246
2011-07-29,-0.32610118349073386
2011-08-01,-1.2935704099580605
2011-08-02,-2.898457322677837
2011-08-03,-0.6231507543124679
2011-08-04,-2.579514112419124
2011-08-05,0.24277686997779888
2011-08-08,-5.260366698739778
2011-08-09,2.1206320047123044
2011-08-10,-4.463516910649979
2011-08-11,2.3883911969347733
2011-08-12,0.1403111139313047
2011-08-15,1.5713293511667359
2011-08-16,0.24296293746629094
2011-08-17,-0.6658631867917602
2011-08-18,-3.742467086151409
2011-08-19,-1.1027679712398333
2011-08-22,1.0911143540901316
2011-08-23,1.991164975077107
2011-08-24,1.6403498284814748
2011-08-25,-1.3390631924008813
2011-08-26,1.2190365266426286
2011-08-29,2.2754816078107827
2011-08-30,0.5750370875897277
2011-08-31,0.24400164379702885
2011-09-01,-1.527592121099635
2011-09-02,-2.2059537087512466
2011-09-06,-0.2016329086360917
2011-09-07,1.9078413079221608
2011-09-08,-0.4487268988599318
2011-09-09,-1.2980553274108002
2011-09-12,0.811518556429163
2011-09-13,-0.04716164166787715
2011-09-14,0.6775638800448573
2011-09-15,1.614669797662565
2011-09-16,0.8129205778246222
2011-09-19,-1.2103772799477912
2011-09-20,-0.04763937181467609
2011-09-21,-2.546383026570176
2011-09-22,-1.008011542853802
2011-09-23,-0.0985529032563916
2011-09-26,1.7990474150298004
2011-09-27,1.3865364081917697
2011-09-28,-1.779406278666187
2011-09-29,1.4962538797028222
2011-09-30,-1.3984708202074738
2011-10-03,-1.67688549979004
2011-10-04,1.0886812280198541
2011-10-05,0.10390761309414978
2011-10-06,0.6949563076544286
2011-10-07,0.6727408758110508
2011-10-10,2.3449646159816084
2011-10-11,0.16581898079461566
2011-10-12,0.5622138669473743
2011-10-13,-1.1970078464791118
2011-10-14,0.27768530310175493
2011-10-17,-0.8779977145960634
2011-10-18,0.6783751350823625
2011-10-19,-0.39420112396357077
2011-10-20,0.036331520886107846
2011-10-21,2.0291317002360043
2011-10-24,0.597182124553552
2011-10-25,0.26678300656133047
2011-10-26,-1.1470420834174777
2011-10-27,2.3341328966859294
2011-10-28,0.3045464564938918
2011-10-31,-0.20189334608547313
2011-11-01,-3.1464899924396983
2011-11-02,0.9730652537855733
2011-11-03,1.7565806830877275
2011-11-04,-0.22264991116519595
2011-11-07,1.1634326723918513
2011-11-08,0.30968775951640776
2011-11-09,-1.3574539982708353
2011-11-10,0.8378944131529601
2011-11-11,1.3205090991676267
2011-11-14,-0.4989092923128024
2011-11-15,0.6202901429766403
2011-11-16,-1.0710583796232627
2011-11-17,-1.7570436423770899
2011-11-18,-0.13940997730334073
2011-11-21,-1.8205193309189414
2011-11-22,-0.8406645504906746
2011-11-23,-1.088379083281953
2011-11-25,0.5345136069598839
2011-11-28,1.6132980023615613
2011-11-29,0.3473933925344854
2011-11-30,2.1496739559419398
2011-12-01,0.2776783361895276
2011-12-02,-0.37948086218124494
2011-12-05,0.46205520998760696
2011-12-06,-0.12455664480418213
2011-12-07,-0.8460802258076374
2011-12-08,-0.9346636946710407
2011-12-09,0.7774033952586973
2011-12-12,-0.46627763974287884
2011-12-13,-0.7563115806969795
2011-12-14,-0.16712412960654172
2011-12-15,0.2197500729975129
2011-12-16,0.3620607871657492
2011-12-19,-0.5600858405067786
2011-12-20,1.7632130236530787
2011-12-21,0.38117536829855864
2011-12-22,0.7515127909220485
2011-12-23,0.7272719097388427
2011-12-27,0.3814311587697483
2011-12-28,-0.7789656298593594
2011-12-29,0.7925669828112167
2011-12-30,-0.44018315807439984
2012-01-03,0.18273440748398137
2012-01-04,-0.03810291778937857
2012-01-05,-0.5116106871468666
2012-01-06,-0.26406070010716204
2012-01-09,0.017265182477006084
2012-01-10,0.7576263146306489
2012-01-11,-0.11895489812155886
2012-01-12,1.2962875168652603
2012-01-13,-0.9540925842719946
2012-01-17,0.8223520377120845
2012-01-18,0.5637025106023876
2012-01-19,1.1629585814086845
2012-01-20,0.08021803721006261
2012-01-23,-0.917852474177364
2012-01-24,-0.5052478161330012
2012-01-25,-0.4220931784302868
2012-01-26,-0.2795115704847042
2012-01-27,-0.6360761840750856
2012-01-30,-0.5416079982113503
2012-01-31,-0.15155597721248054
2012-02-01,1.2914044939375662
2012-02-02,-0.9999223985202915
2012-02-03,0.021823593919290014
2012-02-06,0.531575102121943
2012-02-07,1.1015873371693086
2012-02-08,0.6914730556060126
2012-02-09,-0.28985897871846084
2012-02-10,-0.4071127101673034
2012-02-13,0.515481985575424
2012-02-14,-0.0946742039609787
2012-02-15,-0.5839994991060959
2012-02-16,0.03246743058428256
2012-02-17,0.42041864896956044
2012-02-21,-0.22844297794429064
2012-02-22,0.19571540365787649
2012-02-23,0.06718700044112551
2012-02-24,0.31092466513872163
2012-02-27,0.12836075825887155
2012-02-28,-0.17590118439712477
2012-02-29,-0.09461358471280967
2012-03-01,0.41240802996341674
2012-03-02,-0.479244825901652
2012-03-05,0.1728973297763158
2012-03-06,-0.28611274278151105
2012-03-07,0.30195943670840203
2012-03-08,0.4269820162002465
2012-03-09,-0.2110706772367294
2012-03-12,0.4833691855213393
2012-03-13,0.9119279204215192
2012-03-14,0.5170780818287909
2012-03-15,-0.11526988765836299
2012-03-16,0.0037032448756248075
2012-03-19,-0.13881008262371966
2012-03-20,-0.8420393793872298
2012-03-21,-0.2592059245875365
2012-03-22,0.13978104709977815
2012-03-23,-0.4275375130780425
2012-03-26,0.9998383670631936
2012-03-27,-0.4258277098163229
2012-03-28,-0.2998052731784597
2012-03-29,0.037709172641181836
2012-03-30,0.19774668871218906
2012-04-02,0.7676404505997046
2012-04-03,-0.32671513845993033
2012-04-04,-0.06832538227712658
2012-04-05,-0.6312710638573528
2012-04-09,-0.866478464232555
2012-04-10,-0.3183248308830526
2012-04-11,0.49340659616836563
2012-04-12,1.1531632403922496
2012-04-13,-0.5091578739342808
2012-04-16,0.2338334842713837
2012-04-17,0.7493258820755289
2012-04-18,0.1402754756397221
2012-04-19,-0.946670627932276
2012-04-20,0.8151996092340165
2012-04-23,-0.2469692944347205
2012-04-24,1.1680348468929884
2012-04-25,0.2741280659856144
2012-04-26,0.42432166622095596
2012-04-27,0.30050778282381985
2012-04-30,-0.48119130899030116
2012-05-01,0.17588815383387738
2012-05-02,-0.11341391582929952
2012-05-03,-0.5208507314717289
2012-05-04,-0.9649434189372835
2012-05-07,-0.12238007162573293
2012-05-08,-0.42144138134630943
2012-05-09,-0.714770819919143
2012-05-10,0.02957698961281125
2012-05-11,-0.8240205147075185
2012-05-14,0.2235234444586935
2012-05-15,-0.3190795001390726
2012-05-16,-0.23483221822793787
2012-05-17,-1.13905780153146
2012-05-18,-0.43916983161493994
2012-05-21,1.0038775382502592
2012-05-22,0.1345489541181302
2012-05-23,0.11511656133292678
2012-05-24,0.19855744081070612
2012-05-25,-0.3222464419626316
2012-05-29,0.5362820138209333
2012-05-30,-0.12374792332855111
2012-05-31,-0.09755149398779911
2012-06-01,-1.4443792078592892
2012-06-04,-0.32795300872171274
2012-06-05,0.21642018356513146
2012-06-06,1.4371701811693427
2012-06-07,0.8247772403960559
2012-06-08,0.45451453738951697
2012-06-11,-0.5196991051713716
2012-06-12,0.7003718815270827
2012-06-13,-0.18197763794498462
2012-06-14,0.8311073825623871
2012-06-15,0.6884460581409237
2012-06-18,0.35800394953090736
2012-06-19,0.749632816551811
2012-06-20,0.05904285236160319
2012-06-21,-0.45542673509042947
2012-06-22,0.28602154824931053
2012-06-25,-0.6427784903854513
2012-06-26,-0.4040264830028382
2012-06-27,1.1060008376983568
2012-06-28,-0.39568925329522175
2012-06-29,2.098561866273865
2012-07-02,-0.23355881110084042
2012-07-03,0.4130802252844322
2012-07-05,0.0037494761481244943
2012-07-06,-0.45111733471605303
2012-07-09,0.14830050627735653
2012-07-10,-0.527488656759545
2012-07-11,-0.2576185649791316
2012-07-12,-0.6668297707757115
2012-07-13,1.6449980111892952
2012-07-16,-0.30519234058448014
2012-07-17,0.6305275765868026
2012-07-18,0.9619201094270414
2012-07-19,-0.009750165631588092
2012-07-20,-0.3588970273396616
2012-07-23,-0.9917472369192897
2012-07-24,0.4113712618622977
2012-07-25,-0.2710740745223426
2012-07-26,0.8721061055939511
2012-07-27,0.9620717700474467
2012-07-30,0.9023982133501776
2012-07-31,-0.5820653546590996
2012-08-01,-0.40153736184545796
2012-08-02,-0.274736380004692
2012-08-03,0.7032577897775736
2012-08-06,-0.11596247586482263
2012-08-07,0.8386893415227601
2012-08-08,0.5917515579257319
2012-08-09,0.4830007087497666
2012-08-10,0.014990850613192904
2012-08-13,0.08914390014026206
2012-08-14,-0.4157532336015134
2012-08-15,-0.16873897867947052
2012-08-16,0.4577415352822518
2012-08-17,0.47216635720563777
2012-08-20,0.35375683202420155
2012-08-21,-0.36164822844205746
2012-08-22,-1.405605512059443
2012-08-23,-1.0770779565245487
2012-08-24,0.45616419498601657
2012-08-27,-0.4212280737016989
2012-08-28,-0.31136190053243934
2012-08-29,0.3201162427966291
2012-08-30,-0.8783963296301669
2012-08-31,0.30804851947819273
2012-09-04,-0.25818576935355275
2012-09-05,-0.3660096222329253
2012-09-06,1.30867922760563
2012-09-07,-0.4684935705605716
2012-09-10,-0.4768764550756903
2012-09-11,0.35185291741854585
2012-09-12,0.5128701714530929
2012-09-13,-1.1830618411921243
2012-09-14,-0.9004155714433094
2012-09-17,0.1096415730659703
2012-09-18,0.41856992522751724
2012-09-19,-0.06911611512185473
2012-09-20,-0.045728412176967576
2012-09-21,-0.16235512750891432
2012-09-24,-0.5101263459475879
2012-09-25,-1.0606025965473704
2012-09-26,0.4268733595649865
2012-09-27,0.26470646959951094
2012-09-28,-0.13825835182848323
2012-10-01,1.372406179114872
2012-10-02,0.24719992757877166
2012-10-03,0.17432592592885549
2012-10-04,0.7908950730938832
2012-10-05,0.6697445398776106
2012-10-08,-0.5064514735912394
2012-10-09,-0.2091228599151117
2012-10-10,-1.1051223748368564
2012-10-11,0.46710717783551836
2012-10-12,0.13691780000686893
2012-10-15,0.7240364626982728
2012-10-16,1.036979083630693
2012-10-17,0.19850186594129096
2012-10-18,0.5562279172873228
2012-10-19,-1.1834170444987815
2012-10-22,-0.1841138359374896
2012-10-23,-0.7829567573303766
2012-10-24,-0.512095202054939
2012-10-25,-0.4689922590461646
2012-10-26,-1.4403806883853856
2012-10-31,0.8245875220186482
2012-11-01,0.22958870479235216
2012-11-02,-0.016177714843022387
2012-11-05,-0.12204907814506699
2012-11-06,1.1993051297838198
2012-11-07,-4.4204746717782255
2012-11-08,-1.8631687038897815
2012-11-09,0.20115711741775125
2012-11-12,-0.3496978516485637
2012-11-13,-0.10079898947810298
2012-11-14,-2.626395973860273
2012-11-15,-0.5720759591815647
2012-11-16,0.46545952662325984
2012-11-19,1.6319311640508425
2012-11-20,0.4637803917709775
2012-11-21,0.5206272175403476
2012-11-23,0.5558533001350762
2012-11-26,-0.6353509446468446
2012-11-27,0.41432417323500953
2012-11-28,0.9870875534201496
2012-11-29,0.7856654576686646
2012-11-30,-0.013966269583888281
2012-12-03,-1.4483463733230872
2012-12-04,1.2258942410086833
2012-12-05,0.08866075786887158
2012-12-06,0.6854457618610517
2012-12-07,0.30745645087669965
2012-12-10,0.6682638092134259
2012-12-11,-0.2270039190199168
2012-12-12,0.2077141924348899
2012-12-13,-1.2511541433466666
2012-12-14,-0.9496891924402696
2012-12-17,0.4060439587184015
2012-12-18,1.9453990990466907
2012-12-19,0.18069944590422413
2012-12-20,0.33553829803718077
2012-12-21,-0.6402527921004011
2012-12-24,0.0004941285089882146
2012-12-26,-1.0822830937969459
2012-12-27,-0.4963230541892195
2012-12-28,-1.5518016266646002
2012-12-31,1.1717891811845194
2013-01-02,0.8159547845370415
2013-01-03,-0.42087709725001116
2013-01-04,1.1471495369811011
2013-01-07,-0.21175450561561152
2013-01-08,-2.05682531682861
2013-01-09,-0.5256922560010142
2013-01-10,0.46813329112155216
2013-01-11,-0.5667932284880779
2013-01-14,0.1572168041420335
2013-01-15,0.3321391168490905
2013-01-16,-1.0302902510893075
2013-01-17,0.38385959186338225
2013-01-18,0.4756250197876214
2013-01-22,1.2534384113896224
2013-01-23,0.48373266515206154
2013-01-24,-0.7927730300423447
2013-01-25,-0.8139840754284011
2013-01-28,-1.861329941699151
2013-01-29,0.2476850647451215
2013-01-30,-0.7338144343028398
2013-01-31,-2.0957383865070236
2013-02-01,0.08129628383240693
2013-02-04,-1.2465626456301833
2013-02-05,0.7460874645571564
2013-02-06,0.4511322519660387
2013-02-07,0.7185043679531075
2013-02-08,0.579202158332045
2013-02-11,-0.0036329189652822124
2013-02-12,0.2936030301433891
2013-02-13,-0.9735052651701827
2013-02-14,0.013171589373784456
2013-02-15,-0.32147756837265423
2013-02-19,0.8499026828486836
2013-02-20,-0.31029502432119216
2013-02-21,-1.1175697850484159
2013-02-22,0.9013279780621837
2013-02-25,-1.9829372595197097
2013-02-26,0.44898722919613604
2013-02-27,1.3863811859824546
2013-02-28,0.35929985242693735
2013-03-01,-0.30313025066821075
2013-03-04,-1.8466520982625483
2013-03-05,0.7970639288615248
2013-03-06,0.03109952464973101
2013-03-07,0.4404346695125314
2013-03-08,1.0241783237363555
2013-03-11,0.19485506778926925
2013-03-12,0.11898410045382901
2013-03-13,1.3989051915056143
2013-03-14,0.48960031396916515
2013-03-15,1.828738416262787
2013-03-18,-0.6045747985528571
2013-03-19,-0.03923965912410624
2013-03-20,0.24294065129485215
2013-03-21,-1.00753408450319
2013-03-22,0.017360706912269895
2013-03-25,-0.26960771939969025
2013-03-26,1.978747400461144
2013-03-27,0.818845129657695
2013-03-28,0.2973417291815121
2013-04-01,-0.43279297585518867
2013-04-02,-0.7996293641855169
2013-04-03,1.0666467755833202
2013-04-04,1.2045682431448679
2013-04-05,0.6260280982165328
2013-04-08,0.15142784216066513
2013-04-09,-0.3026335407532065
2013-04-10,0.2181780786159619
2013-04-11,0.8742368123868419
2013-04-12,-0.5715220449032361
2013-04-15,-1.899920579474426
2013-04-16,0.5864897176186624
2013-04-17,-1.754890393504846
2013-04-18,-0.4316731854351933
2013-04-19,1.5300942051636401
2013-04-22,-0.3540601926414476
2013-04-23,0.9382417693871038
2013-04-24,3.0610615639390737
2013-04-25,0.8827069179666376
2013-04-26,-0.4193624936160724
2013-04-29,0.8872649514088853
2013-04-30,0.9551505175038278
2013-05-01,-0.20127143593814323
2013-05-02,0.7842277536298605
2013-05-03,0.6049274569015604
2013-05-06,0.1952742744923518
2013-05-07,0.0996956283957538
2013-05-08,0.6634335455183253
2013-05-09,-0.2873277032661048
2013-05-10,0.2413092814589319
2013-05-13,-0.5948540085092656
2013-05-14,1.6839500519164319
2013-05-15,0.4733398005499778
2013-05-16,-0.646566081132299
2013-05-17,3.7291290759334106
2013-05-20,-0.8316383655239022
2013-05-21,-0.3254184101495902
2013-05-22,-0.8746454932462513
2013-05-23,0.34164312408936615
2013-05-24,0.6180020636188752
2013-05-28,0.873709089279312
2013-05-29,-0.4206051095486561
2013-05-30,1.7780544189108491
2013-05-31,-1.4447348463050835
2013-06-03,0.6242868026476345
2013-06-04,-0.878586768061859
2013-06-05,-1.3189995916909056
2013-06-06,0.8093079579953735
2013-06-07,1.764349788195502
2013-06-10,-0.3064335194634691
2013-06-11,-1.0701921479595553
2013-06-12,-0.5700999652746511
2013-06-13,0.15502457434561515
2013-06-14,-0.1166116448585974
2013-06-17,0.7957837494439446
2013-06-18,0.1667872512169566
2013-06-19,-1.2634051853698505
2013-06-20,-1.337747393429725
2013-06-21,-0.26588828766399175
2013-06-24,-1.0638455419357007
2013-06-25,-0.5582295429068167
2013-06-26,1.2520866857113822
2013-06-27,1.504932771928706
2013-06-28,-0.6187196621788477
2013-07-01,0.527283715194126
2013-07-02,-1.531455431059236
2013-07-03,0.8076500491143517
2013-07-05,1.102432947104566
2013-07-08,1.2231877521703063
2013-07-09,0.38753149020709216
2013-07-10,1.4479684922836689
2013-07-11,0.8296777791345102
2013-07-12,0.16180906669563092
2013-07-15,0.12427233262255818
2013-07-16,-1.341285850865134
2013-07-17,0.3104227106754254
2013-07-18,0.4534632999980235
2013-07-19,0.13342944639350604
2013-07-22,-0.04461095874474739
2013-07-23,0.22892669625119785
2013-07-24,1.593323780789613
2013-07-25,-0.03023631780828218
2013-07-26,0.016482083988021354
2013-07-29,0.7707722891624493
2013-07-30,-0.6536641500066127
2013-07-31,1.1009694207293148
2013-08-01,0.9900482596029262
2013-08-02,1.7919705431505355
2013-08-05,0.4044810296203307
2013-08-06,-0.7403771816977082
2013-08-07,0.8537381307821327
2013-08-08,-0.39532219545266867
2013-08-09,-0.28400176116507386
2013-08-12,-0.7505598343373328
2013-08-13,0.20732205919324895
2013-08-14,-0.5646748125536712
2013-08-15,-1.3056855252193689
2013-08-16,0.10761510073222567
2013-08-19,-0.4453439284875822
2013-08-20,-0.13842055933935657
2013-08-21,0.1461998624246087
2013-08-22,-0.10162404682918633
2013-08-23,0.4469476627935816
2013-08-26,-0.1675219807635516
2013-08-27,-1.9158546011615019
2013-08-28,-0.11881941846374384
2013-08-29,0.6511793521782455
2013-08-30,-1.0164628196703398
2013-09-03,0.8153977720693407
2013-09-04,0.3103781344883091
2013-09-05,-0.14927869174060351
2013-09-06,-0.6315799724219958
2013-09-09,0.2775160587827655
2013-09-10,0.8813556488037706
2013-09-11,0.5636855706670825
2013-09-12,0.5219734977909991
2013-09-13,0.325275485744716
2013-09-16,1.5323756991006015
2013-09-17,0.8351584773239753
2013-09-18,-0.34266162801272904
2013-09-19,-0.7385383901800588
2013-09-20,-2.004705527911535
2013-09-23,-0.6272258898331226
2013-09-24,-0.06277744306334043
2013-09-25,-0.392925361356585
2013-09-26,0.5189992762606392
2013-09-27,-0.2956746641494334
2013-09-30,-1.2196251727722287
2013-10-01,0.7784531910032758
2013-10-02,-1.1822666579552528
2013-10-03,-2.402998686693933
2013-10-04,0.1204265626276931
2013-10-07,1.6325635639558944
2013-10-08,-1.086440586401894
2013-10-09,-0.12356015016166698
2013-10-10,2.9662891006152967
2013-10-11,1.1242057956977456
2013-10-14,0.2948898398071475
2013-10-15,-1.6194564068859385
2013-10-16,1.1836081195442538
2013-10-17,1.8570649203198066
2013-10-18,0.6787833667514578
2013-10-21,-1.4929797698873386
2013-10-22,1.0689007207303125
2013-10-23,3.608082761880098
2013-10-24,1.5372121810235364
2013-10-25,0.6045216972849297
2013-10-28,-0.625818295255867
2013-10-29,0.2139785823751291
2013-10-30,-0.8121439264625776
2013-10-31,-0.261189741217712
2013-11-01,0.3575497152787617
2013-11-04,0.28271402270294116
2013-11-05,0.22624304633866316
2013-11-06,0.25448111698644177
2013-11-07,-1.0737616740601506
2013-11-08,1.6587739934114925
2013-11-11,-0.7251890572323159
2013-11-12,-0.9622598695510179
2013-11-13,-0.2526412038115904
2013-11-14,0.4980774296182378
2013-11-15,-0.7618722940584228
2013-11-18,0.7334808803595977
2013-11-19,-0.5332009044644537
2013-11-20,-0.6597349969502312
2013-11-21,0.6897736543404321
2013-11-22,0.9063434629666796
2013-11-25,-0.5556983364650079
2013-11-26,0.06463114012053231
2013-11-27,2.09515016334035
2013-11-29,-1.3516856465934843
2013-12-02,-0.9887383739125889
2013-12-03,0.40454642409562597
2013-12-04,-2.0431400740121597
2013-12-05,-1.0743851823290798
2013-12-06,0.44940259920096887
2013-12-09,-0.4965566774468455
2013-12-10,-0.029617276713781723
2013-12-11,-2.5666414660987806
2013-12-12,0.276552067081421
2013-12-13,0.614393879439445
2013-12-16,0.46681075668590044
2013-12-17,-0.2861331132099823
2013-12-18,1.5189296451057448
2013-12-19,-1.032050138068605
2013-12-20,1.319075512031649
2013-12-23,0.0326434390839692
2013-12-24,1.2639954788765633
2013-12-26,0.731099774885703
2013-12-27,-0.7520013738891274
2013-12-30,-0.8918475146673858
2013-12-31,0.3729117617215311
2014-01-02,-1.413888762700527
2014-01-03,0.09298518486645978
2014-01-06,-0.0174416737807096
2014-01-07,0.40605694433477135
2014-01-08,0.3696032945749302
2014-01-09,0.15466821761468602
2014-01-10,0.4123043420450155
2014-01-13,-0.869357361949919
2014-01-14,1.0431265084794796
2014-01-15,0.4238453689415933
2014-01-16,0.11018756947594063
2014-01-17,-0.2793304210651962
2014-01-21,0.5659631211572942
2014-01-22,0.7120535472430631
2014-01-23,-2.5758060030688883
2014-01-24,-3.601037143232135
2014-01-27,-0.8484290076343556
2014-01-28,-0.8099420983208766
2014-01-29,-0.10687813378997812
2014-01-30,0.7506019870184982
2014-01-31,1.7311016437550277
2014-02-03,-2.169547243188546
2014-02-04,-2.319647362502261
2014-02-05,0.3023233962421931
2014-02-06,0.5381615544507882
2014-02-07,2.0350054332723304
2014-02-10,-0.7578256086619886
2014-02-11,1.8864972082614395
2014-02-12,0.7143810784777748
2014-02-13,0.39842723119823314
2014-02-14,0.8858689682921309
2014-02-18,-0.41017276503159694
2014-02-19,-1.0278844817750543
2014-02-20,0.9913675334429025
2014-02-21,-0.3495263806362687
2014-02-24,1.0427151358983975
2014-02-25,-2.1427114854022693
2014-02-26,-0.992760376431722
2014-02-27,1.2722988649860254
2014-02-28,0.5501333306527932
2014-03-03,-0.24581399852817143
2014-03-04,2.214770590022547
2014-03-05,-0.7022130325203294
2014-03-06,-0.21828856169127014
2014-03-07,0.21217723489887286
2014-03-10,-1.4339266397986703
2014-03-11,-0.9594117958907276
2014-03-12,0.2598023321937495
2014-03-13,-1.3584343357713557
2014-03-14,0.1581767138506806
2014-03-17,0.5965450794610464
2014-03-18,0.8920140829129738
2014-03-19,-1.063599088105336
2014-03-20,-0.6327852192127219
2014-03-21,-0.5765404441896625
2014-03-24,-0.8814131952034705
2014-03-25,0.6240015922589845
2014-03-26,-0.5788096685676283
2014-03-27,-1.5353336658936103
2014-03-28,1.2245461460595963
2014-03-31,0.9697707221874577
2014-04-01,0.20525003915313136
2014-04-02,0.2580467114170797
2014-04-03,0.1030448314288077
2014-04-04,-3.406415250079706
2014-04-07,-1.250892584273988
2014-04-08,-0.5116084091562451
2014-04-09,0.9035752051283839
2014-04-10,-2.560314057187414
2014-04-11,-0.5545866456350093
2014-04-14,0.8282704168488435
2014-04-15,0.5068263953336617
2014-04-16,1.0624596523227052
2014-04-17,0.832077522625705
2014-04-21,-0.04834104954827679
2014-04-22,-1.9905193729765198
2014-04-23,1.1893915055398867
2014-04-24,-2.0347317060562764
2014-04-25,-0.3200918787675345
2014-04-28,-0.08714940053930946
2014-04-29,0.8371159297229399
2014-04-30,0.604430516448151
2014-05-01,-0.8448549252514599
2014-05-02,-0.08327485759635848
2014-05-05,-0.007023776800911756
2014-05-06,-1.1597008340303112
2014-05-07,0.8017901294555897
2014-05-08,0.0630629512802974
2014-05-09,-0.293145976751954
2014-05-12,0.8471468946812172
2014-05-13,0.2873826560654999
2014-05-14,-1.140000792348175
2014-05-15,-2.0398488497998306
2014-05-16,-0.38565989140928514
2014-05-19,0.46694287312964305
2014-05-20,-1.6718418058754219
2014-05-21,0.3033242156225065
2014-05-22,0.037513049203328167
2014-05-23,1.007783360634078
2014-05-27,-0.033786045590873566
2014-05-28,-0.06836657515518842
2014-05-29,0.3311014926645133
2014-05-30,0.875514976264798
2014-06-02,0.15759673559114756
2014-06-03,-0.5007390918968926
2014-06-04,0.42777285365711365
2014-06-05,0.9004933829561573
2014-06-06,0.07942280327622878
2014-06-09,0.18917718459311694
2014-06-10,-0.6803675522596571
2014-06-11,-1.283661575950367
2014-06-12,-2.1931781797488825
2014-06-13,0.8204587339144802
2014-06-16,0.4256074589573939
2014-06-17,-0.4963458461943622
2014-06-18,0.12141924357501489
2014-06-19,0.5192879924003627
2014-06-20,0.6790646736798328
2014-06-23,-0.8409491102834986
2014-06-24,-1.6035536657907246
2014-06-25,-0.07859396443153309
2014-06-26,-0.3769142622687928
2014-06-27,0.0619907402978605
2014-06-30,-0.9381727280996355
2014-07-01,0.4699441922728016
2014-07-02,-0.676083074650448
2014-07-03,0.9619073131686198
2014-07-07,-0.964208500581401
2014-07-08,-0.7180414893591641
2014-07-09,0.21546048600840956
2014-07-10,-0.03407210161089477
2014-07-11,1.2110566314351128
2014-07-14,0.3783695267446896
2014-07-15,0.4791400585728571
2014-07-16,-0.10537520550462916
2014-07-17,-0.6067904718002277
2014-07-18,0.8501723569367853
2014-07-21,0.7917810640989724
2014-07-22,0.8943195335382077
2014-07-23,-0.08016514044570337
2014-07-24,0.8160873084675629
2014-07-25,-0.39546485109549673
2014-07-28,0.03175130378251682
2014-07-29,-1.159052171582895
2014-07-30,-0.5083761595703498
2014-07-31,-2.0160194867074557
2014-08-01,0.37066112001097296
2014-08-04,-0.5229904415134907
2014-08-05,-0.3191656206977185
2014-08-06,-1.6717466784429031
2014-08-07,-0.6099327325389645
2014-08-08,1.8251707728032371
2014-08-11,0.365752526758618
2014-08-12,-0.4436030379733584
2014-08-13,1.4556496572066686
2014-08-14,-0.21720300268405637
2014-08-15,-0.21434371029999327
2014-08-18,1.229716220417912
2014-08-19,0.0829041026342974
2014-08-20,0.7057761240452631
2014-08-21,-0.21924644911722294
2014-08-22,-0.4243735178325312
2014-08-25,0.18124541033953728
2014-08-26,-0.6494380107132931
2014-08-27,0.12760170928527206
2014-08-28,-0.15201619917052356
2014-08-29,0.12330514283774698
2014-09-02,0.8371730174136485
2014-09-03,-0.5798827996717748
2014-09-04,-0.6284677849312925
2014-09-05,0.10219251969943341
2014-09-08,-0.10784969445707458
2014-09-09,0.5412118797689032
2014-09-10,0.9443147703980053
2014-09-11,-0.28267057357491343
2014-09-12,0.043035972918302974
2014-09-15,0.2884340378225047
2014-09-16,0.8334716445707577
2014-09-17,0.32902256770996535
2014-09-18,-0.20565482237534402
2014-09-19,0.7208638519944824
2014-09-22,-1.3429890831898492
2014-09-23,-2.254680121785347
2014-09-24,0.6916296491881045
2014-09-25,-0.8811605704337891
2014-09-26,1.9772591663841084
2014-09-29,-0.08679810513671786
2014-09-30,-0.27525519419792427
2014-10-01,-2.679446193307125
2014-10-02,-0.8943443827298811
2014-10-03,0.9828421879412411
2014-10-06,-0.6247776476894096
2014-10-07,-2.325260589589377
2014-10-08,1.1317017823395783
2014-10-09,-1.7616147933335278
2014-10-10,-0.10240028403259041
2014-10-13,-1.9340763072105653
2014-10-14,1.8791744775551902
2014-10-15,-2.172450867585262
2014-10-16,0.1449883124179075
2014-10-17,1.95954577815815
2014-10-20,0.08381651559340669
2014-10-21,0.9433892226999454
2014-10-22,-0.8018350708403358
2014-10-23,2.797907201314189
2014-10-24,1.019298256073295
2014-10-27,-0.07480024696460527
2014-10-28,2.2040809088043782
2014-10-29,0.8738910497394412
2014-10-30,0.9661585526320524
2014-10-31,0.336348371633555
2014-11-03,-0.7357159082103186
2014-11-04,0.9411679950390872
2014-11-05,-0.557004178561763
2014-11-06,0.08434247184903089
2014-11-07,-1.3742982124396126
2014-11-10,-0.37939818955704807
2014-11-11,0.696774472602826
2014-11-12,-0.6240579079496323
2014-11-13,0.6777564606091465
2014-11-14,-0.8143631469334848
2014-11-17,-0.18778063106446785
2014-11-18,1.3143895747652419
2014-11-19,-0.4315531406564817
2014-11-20,0.49367329761047773
2014-11-21,0.3455991041407723
2014-11-24,0.9170397246223776
2014-11-25,0.43523224032502705
2014-11-26,0.2781254592502471
2014-11-28,-0.41067873087109136
2014-12-01,-1.4601802428875605
2014-12-02,0.811161539689317
2014-12-03,0.4187528413266048
2014-12-04,-0.8095550078572141
2014-12-05,4.566384858968511
2014-12-08,-0.7550024143020914
2014-12-09,0.46276818213792337
2014-12-10,-1.9763700072824752
2014-12-11,0.7153603140862969
2014-12-12,-2.543658262143917
2014-12-15,0.10684049059297686
2014-12-16,1.0183911274093613
2014-12-17,-0.197555717339808
2014-12-18,2.713473304464146
2014-12-19,0.6470692616106276
2014-12-22,1.1847868309140317
2014-12-23,-0.6106465759699776
2014-12-24,0.14139144700014422
2014-12-26,-0.2137504176108412
2014-12-29,-0.3586343152020403
2014-12-30,-0.27788765894007444
2014-12-31,-1.9697823861017068
2015-01-02,-0.6193158192721127
2015-01-05,-1.8473318334449393
2015-01-06,0.36976693607324307
2015-01-07,2.4533249291260186
2015-01-08,1.7663902429409308
2015-01-09,0.20710087822135406
2015-01-12,-0.5034824691284691
2015-01-13,-0.079086163736135
2015-01-14,-0.03252774697083658
2015-01-15,0.01726150189189199
2015-01-16,0.45280437509841376
2015-01-20,0.12037807673301149
2015-01-21,0.179578703089815
2015-01-22,1.091700798787027
2015-01-23,-0.2622697340698535
2015-01-26,-0.45979659233913456
2015-01-27,-1.5098873012321903
2015-01-28,-0.5335766969379628
2015-01-29,2.9247570461025747
2015-01-30,-0.6218250972202628
2015-02-02,1.0504574262002886
2015-02-03,0.5442742507812985
2015-02-04,0.5686120093018634
2015-02-05,0.47543162229087294
2015-02-06,-0.5312921911271186
2015-02-09,0.2522358683339518
2015-02-10,0.8492119682196118
2015-02-11,0.585060418187164
2015-02-12,0.3802230834014918
2015-02-13,-0.19614417277883633
2015-02-17,0.11332904701230664
2015-02-18,-0.07857513354085942
2015-02-19,1.0930978267862237
2015-02-20,0.8909228349883368
2015-02-23,-0.945854565868116
2015-02-24,-0.2808430970222104
2015-02-25,-0.8906291784285796
2015-02-26,-0.9506278659371882
2015-02-27,-0.4214976075302838
2015-03-02,0.592340135321076
2015-03-03,-1.872787739807624
2015-03-04,0.055235096841182926
2015-03-05,-0.4377982982041043
2015-03-06,-1.591714137945305
2015-03-09,0.3574661458538665
2015-03-10,-1.6365142554468668
2015-03-11,-0.2592924579014652
2015-03-12,0.9467448178310369
2015-03-13,-1.3870945694732382
2015-03-16,1.878411690838676
2015-03-17,-0.1909358895195418
2015-03-18,0.7696432047228569
2015-03-19,-0.2643165107771773
2015-03-20,-0.049851117514333236
2015-03-23,-0.0513293608820205
2015-03-24,-0.4291226367341374
2015-03-25,-1.6011735601980785
2015-03-26,-0.03319761796926555
2015-03-27,0.5090530260821987
2015-03-30,1.0376801789881491
2015-03-31,-0.9855715979733632
2015-04-01,-0.3064559916311943
2015-04-02,0.46820735882690206
2015-04-06,0.48878300768251604
2015-04-07,-0.02984977772807663
2015-04-08,0.5639680011511954
2015-04-09,0.06990855935170462
2015-04-10,0.28992915900335076
2015-04-13,-1.0517202303678685
2015-04-14,-0.3021340063454567
2015-04-15,-0.11853383544384533
2015-04-16,-0.04194843794742812
2015-04-17,-1.8213306471383133
2015-04-20,1.2446579563901734
2015-04-21,-0.2102766196565307
2015-04-22,-0.33012576511712227
2015-04-23,0.29380011302058784
2015-04-24,-0.6792509068541563
2015-04-27,-1.005213704660897
2015-04-28,0.09652019757448108
2015-04-29,-0.8522346389708143
2015-04-30,-2.8870721052615953
2015-05-01,0.9964339290023938
2015-05-04,-0.19305065176274092
2015-05-05,-1.4974175985953064
2015-05-06,-0.08009044573800256
2015-05-07,0.0014238521402438822
2015-05-08,1.478323924001309
2015-05-11,-0.07177027017267122
2015-05-12,-0.5868408840402609
2015-05-13,-0.20674337790913144
2015-05-14,1.2428471341000582
2015-05-15,0.08207697945681029
2015-05-18,-0.09869154091588876
2015-05-19,0.3902767963182119
2015-05-20,0.26296467327020184
2015-05-21,0.727006572555725
2015-05-22,-0.743859232813518
2015-05-26,-0.9315193439529419
2015-05-27,0.3580692874242059
2015-05-28,0.9510680862028377
2015-05-29,-0.8023960867999003
2015-06-01,0.30978344513567524
2015-06-02,0.1202828181578751
2015-06-03,-0.14983665957215894
2015-06-04,-1.2498379610578647
2015-06-05,-0.5415818610523715
2015-06-08,-0.43168708107783427
2015-06-09,0.22044453930173988
2015-06-10,0.6385519608984778
2015-06-11,1.0903986731439748
2015-06-12,0.04693198412093948
2015-06-15,-0.6980465764988911
2015-06-16,0.7208866644693168
2015-06-17,0.6287878691353168
2015-06-18,1.0950142205677384
2015-06-19,-0.16721638516460066
2015-06-22,0.11263749559696197
2015-06-23,-0.6853082117267135
2015-06-24,-0.7265167693982373
2015-06-25,-0.6847868208561488
2015-06-26,-0.30153166446451357
2015-06-29,-1.7643464914036249
2015-06-30,-0.13073318265569972
2015-07-01,0.6922618759445933
2015-07-02,-0.42935940968251696
2015-07-06,-0.23624843564776032
2015-07-07,1.0460846567786437
2015-07-08,-0.5009219246552281
2015-07-09,0.9725533155065079
2015-07-10,1.2895823736294536
2015-07-13,0.8839121414723106
2015-07-14,0.494305753402
2015-07-15,-0.0629722256148452
2015-07-16,0.5297589003267709
2015-07-17,-0.5586559674856423
2015-07-20,0.312739014845479
2015-07-21,-1.6649031390912845
2015-07-22,-0.35267820596313676
2015-07-23,-0.5018146032419875
2015-07-24,-0.45736494606345984
2015-07-27,-1.261935209053793
2015-07-28,0.31998596357741005
2015-07-29,4.7995884200623165
2015-07-30,0.8091551165635552
2015-07-31,-1.2467653728022312
2015-08-03,-0.5172439771765264
2015-08-04,-0.133835353509917
2015-08-05,0.6212371189000115
2015-08-06,-0.5078347392193682
2015-08-07,-0.22946332405326444
2015-08-10,1.1117842938493308
2015-08-11,-1.0538416237252335
2015-08-12,-0.9314369002623286
2015-08-13,0.5109924983874892
2015-08-14,0.5126395774993125
2015-08-17,0.13433018794274032
2015-08-18,0.2598411457584977
2015-08-19,-0.0562702902514967
2015-08-20,-1.5375501350964575
2015-08-21,-3.5295606556197483
2015-08-24,-2.6716617528154956
2015-08-25,-0.23905644645427662
2015-08-26,2.2319628432508094
2015-08-27,1.5139960622212458
2015-08-28,-0.8101371510432095
2015-08-31,-0.9348222714163471
2015-09-01,-2.1597110831149564
2015-09-02,2.387423384347333
2015-09-03,-0.0653689893618082
2015-09-04,-1.1735780107664862
2015-09-08,2.5122981423948327
2015-09-09,-0.8690506595519127
2015-09-10,-0.33177795902954094
2015-09-11,1.182083299268384
2015-09-14,-0.38926699060896686
2015-09-15,1.0217660715591692
2015-09-16,0.19381739011889826
2015-09-17,-0.18604605077860673
2015-09-18,-0.8441737447937792
2015-09-21,0.4651850247345064
2015-09-22,-1.2186823286979074
2015-09-23,-0.1782794681038833
2015-09-24,-0.36851166177115985
2015-09-25,-0.6289065649716431
2015-09-28,-1.4105986652864098
2015-09-29,0.34627727514017737
2015-09-30,1.021860664738723
2015-10-01,-0.18906471916828654
2015-10-02,0.736353367641922
2015-10-05,1.1899990541243812
2015-10-06,-0.9706680530971488
2015-10-07,1.1504967801759984
2015-10-08,1.0245603443919116
2015-10-09,0.7636409743417976
2015-10-12,0.5096508556256404
2015-10-13,-0.20309519365483694
2015-10-14,-1.5113968931155288
2015-10-15,-0.001094855893919953
2015-10-16,0.2465402605446626
2015-10-19,-0.24425843948816067
2015-10-20,-0.16777701569474776
2015-10-21,-0.24883051258417732
2015-10-22,2.2308470137861067
2015-10-23,0.03511719850346866
2015-10-26,0.09435532167941735
2015-10-27,0.02835074875150298
2015-10-28,3.962272399618143
2015-10-29,-0.2807007482763952
2015-10-30,-1.0381410194237188
2015-11-02,0.6220035525852483
2015-11-03,-1.272765743952859
2015-11-04,-0.2871434965808417
2015-11-05,0.00522673019300863
2015-11-06,-1.0819720404208573
2015-11-09,-1.0710471661117342
2015-11-10,-0.1649331220970643
2015-11-11,-0.0033490813479578555
2015-11-12,-0.6756270437164691
2015-11-13,-0.717363942613209
2015-11-16,3.0870379506195715
2015-11-17,-0.287298306690513
2015-11-18,0.7021020917296793
2015-11-19,-0.051143761706597866
2015-11-20,0.3845945430648017
2015-11-23,-0.7486419116237671
2015-11-24,-0.023989577147223218
2015-11-25,0.1367782715510297
2015-11-27,0.1641541980451451
2015-11-30,-0.9063578797436969
2015-12-01,0.2865752224802564
2015-12-02,-0.7404018684351817
2015-12-03,-1.1499311362983715
2015-12-04,1.8671499710748203
2015-12-07,-0.06275364881137453
2015-12-08,-0.07742108344952543
2015-12-09,-0.6719003818359475
2015-12-10,0.29028949747670474
2015-12-11,-0.6765888968032323
2015-12-14,0.34765690084255496
2015-12-15,0.22824023532912044
2015-12-16,0.699202676057837
2015-12-17,-0.6847139011267886
2015-12-18,-1.5306462444596147
2015-12-21,1.6627391239106628
2015-12-22,0.07577738724730917
2015-12-23,0.1844320731897833
2015-12-24,-0.03051311905850869
2015-12-28,-0.1300447601447377
2015-12-29,0.5386813246411319
2015-12-30,-0.654515263865356
2015-12-31,-0.6133701009529914
2016-01-04,-0.6293556775597172
2016-01-05,1.9304381695545003
2016-01-06,-0.8836671375050954
2016-01-07,-1.0717886379407136
2016-01-08,-0.9407964325316326
2016-01-11,0.7984265078413151
2016-01-12,0.26823182112779353
2016-01-13,-1.7904829188215203
2016-01-14,0.22714813957868196
2016-01-15,-0.6399451362713593
2016-01-19,1.0157933832112374
2016-01-20,-1.8424240781750316
2016-01-21,-0.6343983378901764
2016-01-22,1.1854528667261952
2016-01-25,-1.0289910343677604
2016-01-26,0.23275204483885772
2016-01-27,-1.9185680798659082
2016-01-28,0.7952105949746189
2016-01-29,2.0586733293287622
2016-02-01,1.4380119531769293
2016-02-02,-0.5572373835457479
2016-02-03,0.9104147700845148
2016-02-04,-1.4696000212804134
2016-02-05,0.01129159953739112
2016-02-08,-0.41282535039938717
2016-02-09,0.6630499720648927
2016-02-10,0.3734842182961995
2016-02-11,-1.8815965761153999
2016-02-12,-1.1594493197239588
2016-02-16,1.2204998782550556
2016-02-17,2.341450486776117
2016-02-18,0.9966455059912985
2016-02-19,-0.8365979833431098
2016-02-22,0.5954419753018682
2016-02-23,-0.42321946059782967
2016-02-24,-0.5561118174770228
2016-02-25,1.432041880817602
2016-02-26,-0.3306055763869022
2016-02-29,-0.05049649865754295
2016-03-01,0.6054163156022603
2016-03-02,-0.278193187756249
2016-03-03,-0.5311762899495039
2016-03-04,-0.4733891490185515
2016-03-07,-1.8281627747921827
2016-03-08,0.02343666763025814
2016-03-09,-0.10517109357818824
2016-03-10,-0.05237323128097506
2016-03-11,1.2207368929792417
2016-03-14,-0.5964814379716386
2016-03-15,1.1990431588131265
2016-03-16,-0.09879696999551245
2016-03-17,-0.32070145340644646
2016-03-18,1.1722874950456734
2016-03-21,0.015559174710120258
2016-03-22,0.003542581305210196
2016-03-23,0.18320293911111715
2016-03-24,-0.36852739388167804
2016-03-28,0.20272057038411787
2016-03-29,0.6423644079769766
2016-03-30,0.7347956715546717
2016-03-31,-0.39321085934520206
2016-04-01,0.8624550123904364
2016-04-04,0.2623883242028757
2016-04-05,0.34564611857786376
2016-04-06,-0.13685814240921126
2016-04-07,-0.6624164314835046
2016-04-08,-0.05865104888271862
2016-04-11,-0.47295663034781693
2016-04-12,0.19962202150219477
2016-04-13,0.28906747828661344
2016-04-14,-0.4540086749742726
2016-04-15,0.6027694603945536
2016-04-18,0.2711448235473994
2016-04-19,-0.5342601085348259
2016-04-20,-0.07616260326768091
2016-04-21,-0.6831071673977305
2016-04-22,0.22100133743792225
2016-04-25,-0.08011784979494059
2016-04-26,1.0139021413459024
2016-04-27,1.2129304672605696
2016-04-28,-0.6077787545391616
2016-04-29,0.15153490546364798
2016-05-02,0.6830476235307967
2016-05-03,0.3878935619095544
2016-05-04,0.2521874652786555
2016-05-05,0.4090215811913772
2016-05-06,0.6943167637161893
2016-05-09,0.0904307001854197
2016-05-10,0.9161899572510914
2016-05-11,-1.2434361724576115
2016-05-12,1.2208267444927277
2016-05-13,-1.5550147980246796
2016-05-16,0.5364574375319539
2016-05-17,-0.8768451262303543
2016-05-18,0.09943100418047286
2016-05-19,-1.2207575710242455
2016-05-20,0.5169567962539505
2016-05-23,-0.2995394270487206
2016-05-24,0.8238033980879507
2016-05-25,-0.22545752068254196
2016-05-26,-0.23260225825782685
2016-05-27,0.07523840394701842
2016-05-31,-0.7349095443111606
2016-06-01,0.4563992007712263
2016-06-02,-0.05405592014115475
2016-06-03,0.5579014729159937
2016-06-06,-0.008679128283164094
2016-06-07,-0.014045660849044761
2016-06-08,0.6069625601474797
2016-06-09,0.22575453873940235
2016-06-10,-0.5398425019199203
2016-06-13,-0.9344457650339241
2016-06-14,0.5759123737665925
2016-06-15,0.003479070808815276
2016-06-16,-0.2577261753166488
2016-06-17,-0.9698332348840921
2016-06-20,0.21940446489791335
2016-06-21,-0.20034582494742145
2016-06-22,-0.07455025776673269
2016-06-23,-0.16083739428081567
2016-06-24,-0.823184625132538
2016-06-27,0.4377845378951853
2016-06-28,0.625026816732018
2016-06-29,0.30069655019059544
2016-06-30,1.695547294563102
2016-07-01,-0.27841538949623695
2016-07-05,-0.19721093131472886
2016-07-06,-0.04081220785802011
2016-07-07,-0.5426578207043262
2016-07-08,0.42130009428337467
2016-07-11,-0.10145331503677579
2016-07-12,-0.6251863987687598
2016-07-13,0.37705873751459135
2016-07-14,-0.32297644747750337
2016-07-15,0.02922577518709012
2016-07-18,-0.3223799079797185
2016-07-19,0.17593635732765006
2016-07-20,0.2616688258632024
2016-07-21,-1.6496083603761924
2016-07-22,0.40824173686881843
2016-07-25,-0.2646424564536721
2016-07-26,-0.38149760517340886
2016-07-27,-0.2927256570122944
2016-07-28,-0.30143200798552566
2016-07-29,-0.3054649857547992
2016-08-01,-0.05724535185505363
2016-08-02,0.6772310369323065
2016-08-03,-0.09260074266982456
2016-08-04,-0.20383008944184913
2016-08-05,0.14881995984443105
2016-08-08,-1.1821970763603913
2016-08-09,0.18224068696718665
2016-08-10,0.0888181068243243
2016-08-11,0.22637741230924135
2016-08-12,0.0012397188702465121
2016-08-15,0.5291705690150542
2016-08-16,-1.1153259743405053
2016-08-17,0.4779188950381103
2016-08-18,-0.23471702484510068
2016-08-19,-0.36038474763158995
2016-08-22,0.2317627114499221
2016-08-23,-1.6261976454255502
2016-08-24,-0.3115266060916158
2016-08-25,0.04194005270775504
2016-08-26,-0.7211279178830249
2016-08-29,0.39499437994046216
2016-08-30,-0.2996727446780804
2016-08-31,-0.34245316735030495
2016-09-01,-0.20198470035717575
2016-09-02,0.5084083683542701
2016-09-06,0.545447794940688
2016-09-07,-0.9269761676446301
2016-09-08,-0.1555083404562924
2016-09-09,-1.638478631628016
2016-09-12,0.3720246434512602
2016-09-13,-0.941766220046541
2016-09-14,0.1205604304172741
2016-09-15,1.0667835956566964
2016-09-16,-0.25842621094629864
2016-09-19,-0.01818723174189258
2016-09-20,0.3337971683059234
2016-09-21,1.5432873916378629
2016-09-22,0.17622526100043598
2016-09-23,0.13840885743882522
2016-09-26,-0.12914747112421635
2016-09-27,0.34094123134598925
2016-09-28,-0.1795495108683218
2016-09-29,-1.977531230956965
2016-09-30,0.04810079315434862
2016-10-03,0.40660884904450384
2016-10-04,-1.0948283072319254
2016-10-05,-0.2502873602145851
2016-10-06,0.6815806403328695
2016-10-07,0.45489461114086693
2016-10-10,0.44156728586720534
2016-10-11,-0.7010818779440343
2016-10-12,0.6383479531740736
2016-10-13,0.5786603766732915
2016-10-14,0.14810284271876017
2016-10-17,0.004024410862353547
2016-10-18,0.03788885019942486
2016-10-19,-0.6546772623497672
2016-10-20,-0.44444715212736063
2016-10-21,-0.7542697680374427
2016-10-24,0.1926596658440277
2016-10-25,1.2881019042512085
2016-10-26,3.5188319021530043
2016-10-27,-1.2598177835753939
2016-10-28,1.2478063358421834
2016-10-31,0.18500581193997848
2016-11-01,-0.33368692427937063
2016-11-02,0.022146137380006373
2016-11-03,-1.459951546350685
2016-11-04,-0.21911532072487616
2016-11-07,2.015903526517044
2016-11-08,-0.18244578785461515
2016-11-09,4.88610810443993
2016-11-10,0.9969834440476628
2016-11-11,0.7712604254913081
2016-11-14,1.2407143228194648
2016-11-15,-1.546790243114781
2016-11-16,-0.9245592467749881
2016-11-17,-0.39749202137984524
2016-11-18,0.20846600416181948
2016-11-21,0.22058161424106906
2016-11-22,0.5871496785998067
2016-11-23,-0.30145936947868895
2016-11-25,0.2752125609079382
2016-11-28,0.036164215946735884
2016-11-29,0.98387531226859
2016-11-30,-0.9499803693899191
2016-12-01,0.0054346435081590585
2016-12-02,0.5759019058603558
2016-12-05,-1.4518480794264506
2016-12-06,0.02485581955432054
2016-12-07,-0.3922720973569075
2016-12-08,-3.822072632974211
2016-12-09,0.18816908405133487
2016-12-12,-2.6473213637078192
2016-12-13,-0.29444417738549883
2016-12-14,0.13490512483738454
2016-12-15,-0.12667602170538036
2016-12-16,-0.20291272234789137
2016-12-19,0.6604854202687389
2016-12-20,0.567269814391254
2016-12-21,-0.901813284684529
2016-12-22,0.14941542656062692
2016-12-23,-0.3840895584136335
2016-12-27,0.018600106221001528
2016-12-28,-0.6119713460285904
2016-12-29,0.19820101189003383
2016-12-30,-0.10649518039419677
2017-01-03,0.858742986275547
2017-01-04,0.06508267231586941
2017-01-05,0.21713052067472777
2017-01-06,0.2107852927291174
2017-01-09,-0.48047376384401846
2017-01-10,-1.2180643631295487
2017-01-11,-0.7426945149669676
2017-01-12,-1.1179594737782208
2017-01-13,0.34729471787059135
2017-01-17,-0.8173299342955701
2017-01-18,0.6699013352480225
2017-01-19,0.8255433194784692
2017-01-20,-0.22506181184778604
2017-01-23,-0.2797325574647271
2017-01-24,0.2854990014377503
2017-01-25,-0.8596726474364819
2017-01-26,-1.8185636865637727
2017-01-27,1.1661452827946712
2017-01-30,-0.25029869457797815
2017-01-31,-0.26625286205388593
2017-02-01,-0.20573238745351513
2017-02-02,0.3797012770131928
2017-02-03,0.5867677428583659
2017-02-06,0.557265736177678
2017-02-07,-0.029143036418255143
2017-02-08,-0.3474976987455003
2017-02-09,0.9821712026417292
2017-02-10,0.5205873191569065
2017-02-13,1.138334248826096
2017-02-14,0.12225303971979136
2017-02-15,0.7789124990871508
2017-02-16,0.762793911712653
2017-02-17,-0.09074864524706465
2017-02-21,0.13151428494226933
2017-02-22,-0.6228405784769027
2017-02-23,0.2804572772236351
2017-02-24,0.4273207201132578
2017-02-27,1.4641701302319354
2017-02-28,-0.783869561675658
2017-03-01,-0.6261202703999167
2017-03-02,-0.9877687143458327
2017-03-03,-0.17244630278738118
2017-03-06,-0.1161343407189909
2017-03-07,0.26913559821873134
2017-03-08,-0.22038727968265687
2017-03-09,0.12604288524683288
2017-03-10,-0.36689432996064275
2017-03-13,0.26220386818960023
2017-03-14,-0.42054546990386266
2017-03-15,-0.0825289678144464
2017-03-16,-1.7593847108361937
2017-03-17,1.7139848457891687
2017-03-20,-0.6875871630821966
2017-03-21,-1.6125153039969728
2017-03-22,0.5563376589092235
2017-03-23,-0.8580907409443665
2017-03-24,-1.3163005867430637
2017-03-27,-0.5840937871685742
2017-03-28,0.5495386351091422
2017-03-29,-0.3988674979726181
2017-03-30,1.0971062819380613
2017-03-31,-0.6529432082067773
2017-04-03,-0.09498106876607017
2017-04-04,-0.15796948720900367
2017-04-05,-0.7996915986352457
2017-04-06,0.18871315873632996
2017-04-07,0.9184089530955689
2017-04-10,0.1596360172909408
2017-04-11,0.7038823742801918
2017-04-12,-0.8664198389278898
2017-04-13,0.302393842226244
2017-04-17,1.244959718031397
2017-04-18,-0.05049694902711295
2017-04-19,0.16522961374273828
2017-04-20,0.4127346504456314
2017-04-21,0.5722773553295157
2017-04-24,1.1582792762910359
2017-04-25,-0.5514882354207794
2017-04-26,-0.125894341988739
2017-04-27,0.06552549054565737
2017-04-28,-1.1929736397368937
2017-05-01,-0.8219443032972485
2017-05-02,0.37367573237878615
2017-05-03,0.004888548780530362
2017-05-04,0.03382423169528309
2017-05-05,1.3519490291248824
2017-05-08,0.029154787760447425
2017-05-09,0.08351769870016602
2017-05-10,-0.6901435369528824
2017-05-11,-0.3411370240878713
2017-05-12,-0.09665171622021028
2017-05-15,0.2962388072504213
2017-05-16,-0.47386973162343077
2017-05-17,-0.5679606342771305
2017-05-18,0.1897070825973464
2017-05-19,1.3127305567496612
2017-05-22,-0.27996668915206097
2017-05-23,0.4719990318179759
2017-05-24,1.1718637573709698
2017-05-25,1.3327784966202065
2017-05-26,0.12022001770058503
2017-05-30,-0.43974899867526995
2017-05-31,1.2494571514806463
2017-06-01,-0.366614357657976
2017-06-02,0.31205568108294085
2017-06-05,-1.3891009315050025
2017-06-06,-1.1728643584603082
2017-06-07,0.5861565977009644
2017-06-08,0.5799865577172433
2017-06-09,0.16619789198850715
2017-06-12,-0.3956797878707035
2017-06-13,0.6288118558386449
2017-06-14,0.8337537104182545
2017-06-15,-0.5405894757366841
2017-06-16,-0.11008565360195119
2017-06-19,1.0925923729239817
2017-06-20,-0.5853072005165219
2017-06-21,-0.03728373303369554
2017-06-22,-1.5981355573987335
2017-06-23,0.13808820836329683
2017-06-26,-0.741220336435855
2017-06-27,-0.36648259968480096
2017-06-28,0.9139393945438054
2017-06-29,-1.2805631446220418
2017-06-30,0.7577476274459326
2017-07-03,0.3709747880540087
2017-07-05,1.0736724243093214
2017-07-06,-0.6761918339795355
2017-07-07,1.267176523802153
2017-07-10,-0.17550840566814196
2017-07-11,0.2950068893276661
2017-07-12,0.49063742698796753
2017-07-13,-0.13082665176587235
2017-07-14,0.335163799801227
2017-07-17,-0.09800423385352743
2017-07-18,-0.33930747964382185
2017-07-19,0.2085539633501906
2017-07-20,-0.15260304475017777
2017-07-21,0.13636602790596616
2017-07-24,-0.10838529344035314
2017-07-25,-0.6345617973860722
2017-07-26,-0.17970919673846128
2017-07-27,-1.4715663881652286
2017-07-28,1.3846279823123284
2017-07-31,-0.5253367419866891
2017-08-01,0.5663860127089382
2017-08-02,0.8601857612482801
2017-08-03,0.7443028989228379
2017-08-04,0.09506111161482972
2017-08-07,0.04363906580087872
2017-08-08,-0.006138632852528347
2017-08-09,1.2941899561281343
2017-08-10,-1.1986109217172412
2017-08-11,-0.6508827005286895
2017-08-14,0.8021064673913159
2017-08-15,-0.21506193032717785
2017-08-16,-0.6034859089454201
2017-08-17,-0.9069185578896107
2017-08-18,-0.3277180554201827
2017-08-21,-0.06407625734960565
2017-08-22,2.0799014737153256
2017-08-23,-0.9924429741204274
2017-08-24,-0.6451642786909048
2017-08-25,0.2274521248744389
2017-08-28,-0.7346861269337394
2017-08-29,1.0992888601581905
2017-08-30,0.005653432862622289
2017-08-31,0.3914095465392219
2017-09-01,-1.5612044078637692
2017-09-05,-0.4394461621254246
2017-09-06,-1.3154782408575276
2017-09-07,0.1525015790048685
2017-09-08,0.5733393894404749
2017-09-11,0.679546661908499
2017-09-12,-0.26791053516309266
2017-09-13,-1.1046838882731869
2017-09-14,-0.5602850362271905
2017-09-15,0.47264000537434525
2017-09-18,3.6188681158760563
2017-09-19,0.8362353408804343
2017-09-20,0.5637582861832565
2017-09-21,0.029589191048663182
2017-09-22,0.3338791779603396
2017-09-25,-0.1976126796540406
2017-09-26,1.2277275230680171
2017-09-27,0.7064935768323277
2017-09-28,-1.0107300886669202
2017-09-29,1.1007147499637198
2017-10-02,0.7203321729491672
2017-10-03,0.32139175623894056
2017-10-04,0.28253028652141504
2017-10-05,0.04376979011288263
2017-10-06,0.10507688745599933
2017-10-09,0.05930100023866456
2017-10-10,-0.3536931959616005
2017-10-11,0.5780927180177431
2017-10-12,1.2009343848138725
2017-10-13,-1.027957809824093
2017-10-16,-0.3849928473876381
2017-10-17,-0.7099524314909464
2017-10-18,-1.0442132736484984
2017-10-19,0.1147226300280686
2017-10-20,0.6171159575408075
2017-10-23,-0.3626443455362007
2017-10-24,-0.15435375752341438
2017-10-25,3.8578449050815635
2017-10-26,-2.691608144825158
2017-10-27,-0.2607139561897188
2017-10-30,-0.6258904574295818
2017-10-31,-0.44999546526570355
2017-11-01,-0.6528369384184189
2017-11-02,2.6089219880352714
2017-11-03,-0.024874214024690006
2017-11-06,-0.06371389911670755
2017-11-07,0.4193142070129182
2017-11-08,-0.1374650622669425
2017-11-09,-1.8176893695195113
2017-11-10,-0.5228115616592175
2017-11-13,0.04609126789721959
2017-11-14,0.7293193701299281
2017-11-15,-0.32128570618026553
2017-11-16,0.14730982307446253
2017-11-17,-1.6580410384125626
2017-11-20,1.6003060142967782
2017-11-21,1.2743497885538402
2017-11-22,-1.0438496398366883
2017-11-24,0.1814376717487507
2017-11-27,0.26729409457439635
2017-11-28,1.616581991507814
2017-11-29,-0.5929961338158106
2017-11-30,0.17760210120989392
2017-12-01,-2.831562421642814
2017-12-04,0.28482907859805323
2017-12-05,-1.251728326803746
2017-12-06,0.9051474157625378
2017-12-07,0.9026201507350561
2017-12-08,1.1274992381570639
2017-12-11,-0.599324968746616
2017-12-12,1.0160122759812509
2017-12-13,0.34715754295238266
2017-12-14,-0.8155569698020582
2017-12-15,1.3516956357180288
2017-12-18,-1.0304876215980716
2017-12-19,-0.6937521106279189
2017-12-20,-0.3587949287212542
2017-12-21,-1.0598153710813547
2017-12-22,-0.4496891562008727
2017-12-26,-0.1197260570872743
2017-12-27,0.8467830962302326
2017-12-28,0.7524559988981463
2017-12-29,-0.738237953224449
2018-01-02,-0.8611719361703154
2018-01-03,0.45732690169809204
2018-01-04,0.6596334888873582
2018-01-05,-0.28606534594837674
2018-01-08,-0.12760096365455953
2018-01-09,0.7504051752933371
2018-01-10,-1.330628711964571
2018-01-11,0.6661051460207524
2018-01-12,2.1683615978684947
2018-01-16,-1.2483443842787443
2018-01-17,1.8682368538920098
2018-01-18,-1.4800865678670658
2018-01-19,0.6834754578595641
2018-01-22,-0.6679914617385445
2018-01-23,-0.8444057235400372
2018-01-24,-0.16865824893965162
2018-01-25,4.327014883953458
2018-01-26,3.715609291949031
2018-01-29,0.8165466039849671
2018-01-30,0.20775665344609284
2018-01-31,0.18606437612228
2018-02-01,0.6323540776632329
2018-02-02,-2.357280791266773
2018-02-05,-5.176164549004726
2018-02-06,1.6408990444755198
2018-02-07,3.2421264842225663
2018-02-08,-4.562721882706539
2018-02-09,2.642054862588346
2018-02-12,1.338591547145512
2018-02-13,1.6697328176246322
2018-02-14,1.723793206806478
2018-02-15,1.9732429117113282
2018-02-16,-0.4271176020659737
2018-02-20,-1.8005963192496484
2018-02-21,-0.019013197194570234
2018-02-22,-0.7986546158504491
2018-02-23,0.6915585078807076
2018-02-26,0.8844251534554084
2018-02-27,-0.5660903754655409
2018-02-28,-1.2070380583625662
2018-03-01,-3.206591832024141
2018-03-02,1.2195646330724434
2018-03-05,0.3640041503998361
2018-03-06,-0.9968774725106583
2018-03-07,1.294574364478062
2018-03-08,-0.2785213278328444
2018-03-09,0.794905751676651
2018-03-12,-1.5544296125005255
2018-03-13,-0.25373437834787443
2018-03-14,-1.363709856528407
2018-03-15,0.07248255352551795
2018-03-16,-0.7836604751349859
2018-03-19,1.6927300388511504
2018-03-20,0.614834522275035
2018-03-21,-0.2561439462064439
2018-03-22,-2.55285168106603
2018-03-23,1.841583365307171
2018-03-26,2.463098658058801
2018-03-27,-1.7866517118379301
2018-03-28,-1.4198128376151986
2018-03-29,1.068337346399347
2018-04-02,-1.1412861167268182
2018-04-03,-0.003821311788460923
2018-04-04,1.8643764469881041
2018-04-05,1.5927586688161575
2018-04-06,-2.350019701964458
2018-04-09,-1.25549774949227
2018-04-10,-0.3737396864078709
2018-04-11,-0.16746399822438437
2018-04-12,1.3000295929921848
2018-04-13,-0.533308503674067
2018-04-16,0.1596086189600696
2018-04-17,0.7261641451457784
2018-04-18,0.550283812524021
2018-04-19,-0.06434845200624902
2018-04-20,-0.6944738751566992
2018-04-23,-0.08953858754475048
2018-04-24,-3.920596471072178
2018-04-25,-2.4789826335350935
2018-04-26,0.24989055133205032
2018-04-27,-3.3347835802795283
2018-04-30,-0.04704612500206907
2018-05-01,-4.085032322779657
2018-05-02,-0.09712944232680293
2018-05-03,2.213514967277265
2018-05-04,-0.575164495241759
2018-05-07,0.7892792343647383
2018-05-08,3.0073277892513812
2018-05-09,-0.516150540131906
2018-05-10,-0.3925719305084223
2018-05-11,-0.37545976241378615
2018-05-14,-1.7640863048735922
2018-05-15,0.2340030766562631
2018-05-16,0.21508268833463615
2018-05-17,0.7593058476791992
2018-05-18,1.0292753647769735
2018-05-21,0.4843363929707472
2018-05-22,-1.7927819734583408
2018-05-23,0.837867842638527
2018-05-24,1.0333830772336645
2018-05-25,-0.3031651603631133
2018-05-29,-1.4230886513713632
2018-05-30,1.1632809421602717
2018-05-31,-1.1380948700684126
2018-06-01,0.8848011911964695
2018-06-04,0.6004773886791701
2018-06-05,-0.9666816162147297
2018-06-06,1.3654822948136145
2018-06-07,0.5856552691104207
2018-06-08,0.03952518040795441
2018-06-11,-1.106187432402672
2018-06-12,-1.2912287247571907
2018-06-13,-0.4531072546088345
2018-06-14,-1.3620020324276962
2018-06-15,-0.3305812104818153
2018-06-18,0.14863613235101902
2018-06-19,-2.192920738793411
2018-06-20,-0.5056488535692837
2018-06-21,0.28337673916112366
2018-06-22,-0.41725404515604414
2018-06-25,0.35336954206644744
2018-06-26,-1.1738045774039283
2018-06-27,-0.7658761201083272
2018-06-28,0.2302596178668404
2018-06-29,-0.06853952811053642
2018-07-02,0.23770142156603066
2018-07-03,-0.06884336934696425
2018-07-05,-0.20887601332417713
2018-07-06,-0.2871897834876706
2018-07-09,1.5506470885265182
2018-07-10,0.29395639856002037
2018-07-11,-0.9000520067846574
2018-07-12,2.4785382944398373
2018-07-13,-0.16222929934316124
2018-07-16,-0.4023859904443109
2018-07-17,0.1471628342538556
2018-07-18,0.5384479053791731
2018-07-19,0.04147161947902943
2018-07-20,-0.12169825589162662
2018-07-23,-1.8099266842704875
2018-07-24,-0.18017803299970597
2018-07-25,-4.99470425830764
2018-07-26,-0.08395268586186642
2018-07-27,1.506817651086828
2018-07-30,-1.7007687982678577
2018-07-31,1.337523702344004
2018-08-01,0.05796425370066208
2018-08-02,-0.5714953443352417
2018-08-03,-0.3837785047479964
2018-08-06,-0.47635009158265
2018-08-07,-0.0719661471631422
2018-08-08,-0.10584262385331848
2018-08-09,-0.8936738947054476
2018-08-10,-0.05273875193967684
2018-08-13,0.14698015597525257
2018-08-14,0.4293802371106708
2018-08-15,-0.6077510796942388
2018-08-16,0.09289842895153443
2018-08-17,0.5634212010107145
2018-08-20,0.7277471708082014
2018-08-21,0.13055538165141917
2018-08-22,-0.258559359158104
2018-08-23,0.05195429960904873
2018-08-24,0.37255446348555377
2018-08-27,0.4733482868623704
2018-08-28,0.030698172188345973
2018-08-29,-0.8351427569218508
2018-08-30,0.3538474154445268
2018-08-31,-0.07949720607736982
2018-09-04,-0.2390645502135646
2018-09-05,-0.2543519043081008
2018-09-06,1.160845018376384
2018-09-07,-0.32236199474937244
2018-09-10,0.7820027901547776
2018-09-11,-0.2706692794258069
2018-09-12,0.09533680053616975
2018-09-13,-0.0701661532742491
2018-09-14,0.8896864510432665
2018-09-17,0.8164191917681717
2018-09-18,1.4926976700064736
2018-09-19,-1.2808084849273862
2018-09-20,-2.570498226185858
2018-09-21,1.216691904713998
2018-09-24,-0.1637297879809256
2018-09-25,1.871197813764676
2018-09-26,0.006351277915739821
2018-09-27,0.46294443135398045
2018-09-28,0.10023466661662184
2018-10-01,0.22122151953384664
2018-10-02,0.0296131892351784
2018-10-03,-0.2850308059251712
2018-10-04,0.07536795975657161
2018-10-05,0.47427352493861624
2018-10-08,-0.3274746165665664
2018-10-09,-1.1040905626735777
2018-10-10,-1.1939170658645333
2018-10-11,-2.6491310875504204
2018-10-12,1.1018635579022742
2018-10-15,0.7315557819968522
2018-10-16,1.4465396188314832
2018-10-17,-0.598678367085602
2018-10-18,-0.31237558567501905
2018-10-19,-0.137793502246355
2018-10-22,-0.22401059614360563
2018-10-23,-0.6134023963817622
2018-10-24,-4.16007752670313
2018-10-25,-3.7498275977284834
2018-10-26,-0.012043848374281607
2018-10-29,-3.3069061053740487
2018-10-30,1.2298551096367139
2018-10-31,0.23768176123121226
2018-11-01,2.6858647581409034
2018-11-02,0.17310313171711056
2018-11-05,1.318160681134152
2018-11-06,0.7620120456944426
2018-11-07,0.722103362284289
2018-11-08,-0.40745392512725015
2018-11-09,0.3887624365793004
2018-11-12,-1.8265537057716184
2018-11-13,-0.8795890500517879
2018-11-14,-0.6560051854488932
2018-11-15,0.4002288246193119
2018-11-16,0.08819646958787057
2018-11-19,-0.7679365179327586
2018-11-20,-0.5518774228018215
2018-11-21,0.24196174606943224
2018-11-23,-0.23786488990370044
2018-11-26,-0.13520310171831335
2018-11-27,-1.2998683172091972
2018-11-28,0.7120294078614199
2018-11-29,-0.5586026606604088
2018-11-30,0.13712432902434482
2018-12-03,0.4170407554224115
2018-12-04,-2.7973216340048714
2018-12-06,1.787746410620479
2018-12-07,0.16179211513885536
2018-12-10,2.958260012492621
2018-12-11,-0.4776614431831449
2018-12-12,0.5037264361840915
2018-12-13,-0.4832021757405104
2018-12-14,-1.1443193963678486
2018-12-17,-1.2381583273547663
2018-12-18,-0.02902165885072302
2018-12-19,-0.8103425092333194
2018-12-20,-2.3001472470486743
2018-12-21,-2.025669046488295
2018-12-24,-2.2371464068817923
2018-12-26,1.696585923917638
2018-12-27,1.7616533475576341
2018-12-28,0.6983744717773229
2018-12-31,0.6828459297146342
2019-01-02,0.3954085508000733
2019-01-03,-1.4854382070808343
2019-01-04,1.9272081318613945
2019-01-07,0.49067413532265924
2019-01-08,0.30286046723995913
2019-01-09,0.31427196791454703
2019-01-10,1.278049534600584
2019-01-11,-0.3212274300939186
2019-01-14,0.904012877904301
2019-01-15,-0.18442991622538626
2019-01-16,-0.6711971219676864
2019-01-17,1.869379305382688
2019-01-18,0.8197067867538799
2019-01-22,-0.6097272477499396
2019-01-23,1.1998598036530577
2019-01-24,-0.055992485262806306
2019-01-25,0.6599187942373178
2019-01-28,0.3407035453339306
2019-01-29,1.2469956522604801
2019-01-30,0.1805169973546848
2019-01-31,-1.0436348262212547
2019-02-01,-0.49514679693599645
2019-02-04,1.2407020612939712
2019-02-05,-0.015845987396768083
2019-02-06,0.43352128613149526
2019-02-07,-0.35724565518593104
2019-02-08,0.47651494640778796
2019-02-11,0.2082499513468952
2019-02-12,0.5818954212890932
2019-02-13,-0.1259730301194555
2019-02-14,-0.5266907735851057
2019-02-15,1.3811746562613683
2019-02-19,0.12461092381994084
2019-02-20,0.22686350210317416
2019-02-21,-0.10635786024306848
2019-02-22,0.5425918639194216
2019-02-25,-0.303267461608551
2019-02-26,-0.06047183026336537
2019-02-27,0.09200464007187086
2019-02-28,0.7040249780730231
2019-03-01,-0.5711891543217461
2019-03-04,-0.7838126400507354
2019-03-05,-0.0067968270022069
2019-03-06,-0.46961633605480796
2019-03-07,-0.8213899535255825
2019-03-08,-0.0540020791038562
2019-03-11,0.7540672934427584
2019-03-12,-0.8252925122751548
2019-03-13,0.9116177144859883
2019-03-14,-0.9056623259851715
2019-03-15,-0.7281201739070979
2019-03-18,0.8547097464488612
2019-03-19,-0.8018394716256096
2019-03-20,-0.06792705584450297
2019-03-21,0.500587637923207
2019-03-22,-0.8556790344958237
2019-03-25,0.10530657385244989
2019-03-26,-0.5617848850303329
2019-03-27,-0.3743744932322042
2019-03-28,0.7648972168620567
2019-03-29,0.6434774166432373
2019-04-01,1.0604761153216604
2019-04-02,-0.12048086019977085
2019-04-03,-1.4123121098251137
2019-04-04,1.0167686941886138
2019-04-05,1.2296740237486967
2019-04-08,0.18543615358464408
2019-04-09,-0.7032538996674547
2019-04-10,-0.6002514470909579
2019-04-11,1.5619679321286633
2019-04-12,1.26670510812201
2019-04-15,-0.5561519718248875
2019-04-16,0.34753730680930994
2019-04-17,-0.5572111324453558
2019-04-18,0.568268407630205
2019-04-22,0.4220363953862072
2019-04-23,2.0613096249169254
2019-04-24,-2.5456916503223614
2019-04-25,-0.12906367191310386
2019-04-26,0.8733225374164708
2019-04-29,0.636287423826727
2019-04-30,0.8401426417952614
2019-05-01,-0.1032595964584819
2019-05-02,0.14129543804585032
2019-05-03,0.45257940867726054
2019-05-06,-0.1323117295239765
2019-05-07,-0.6122953679400581
2019-05-08,0.48138465771647526
2019-05-09,0.9660039907930823
2019-05-10,1.2241819229505067
2019-05-13,-1.0835325128491575
2019-05-14,0.05292848026149296
2019-05-15,-0.22648527222082912
2019-05-16,2.106326924382741
2019-05-17,0.4055361876835964
2019-05-20,1.5593015508374175
2019-05-21,0.32836813779447044
2019-05-22,0.08263844089911285
2019-05-23,-1.0776043583960468
2019-05-24,0.20161316002694019
2019-05-28,-0.7465485139052911
2019-05-29,-0.42846994122687193
2019-05-30,0.7679168666655019
2019-05-31,-1.036795890134404
2019-06-03,0.7544108736984183
2019-06-04,1.0668557884221181
2019-06-05,0.8858959817751182
2019-06-06,-0.3724612606304554
2019-06-07,0.6826814545056727
2019-06-10,-1.3436981653478877
2019-06-11,-2.077228807702224
2019-06-12,0.845025551216034
2019-06-13,0.5644989289366269
2019-06-14,0.3646132239460795
2019-06-17,0.013769959621883775
2019-06-18,0.7295770694288709
2019-06-19,0.38875288418204623
2019-06-20,1.6323227563056608
2019-06-21,-0.324624166746412
2019-06-24,-0.1388443578710959
2019-06-25,-0.07360033381891798
2019-06-26,-0.4740425662679472
2019-06-27,-0.09141743254852115
2019-06-28,0.9002974185070993
2019-07-01,-0.878588689378875
2019-07-02,0.9570741417152899
2019-07-03,0.27522706391339075
2019-07-05,-0.025894330615256977
2019-07-08,-0.2423186712937884
2019-07-09,0.32172624196082994
2019-07-10,-0.33964661763264586
2019-07-11,0.15160133968426287
2019-07-12,0.8374484495768357
2019-07-15,-0.8030555727365583
2019-07-16,-0.27729053625043915
2019-07-17,-0.352250948222021
2019-07-18,-0.16777438707833395
2019-07-19,0.1911491408349904
2019-07-22,0.1938820403048054
2019-07-23,0.14524420257599388
2019-07-24,3.394032682180584
2019-07-25,1.9749218178112788
2019-07-26,-0.4305177471419633
2019-07-29,0.456701012169834
2019-07-30,-0.4819163416894205
2019-07-31,-1.3415370536506692
2019-08-01,-0.13681303288905844
2019-08-02,-0.7311110685146137
2019-08-05,0.26057076478042956
2019-08-06,1.969322060332056
2019-08-07,1.1746062727073672
2019-08-08,1.2033327656507544
2019-08-09,0.20159884820125787
2019-08-12,0.37488616582637296
2019-08-13,-0.48165084630485616
2019-08-14,-1.590869004661665
2019-08-15,0.5792389725387063
2019-08-16,0.38592297318539165
2019-08-19,0.29622717011922073
2019-08-20,-0.23471615857108147
2019-08-21,-0.03480375989073322
2019-08-22,0.41522347814018223
2019-08-23,-1.7851388054562074
2019-08-26,0.7999385133936957
2019-08-27,-0.45913750499870354
2019-08-28,-0.09572975989350789
2019-08-29,0.6127826451869882
2019-08-30,-0.06418301332897385
2019-09-03,-0.32178088977105007
2019-09-04,0.8963652501302278
2019-09-05,-0.6448139067717223
2019-09-06,0.05293480180950389
2019-09-09,-2.0190012658991874
2019-09-10,-0.16824525962607634
2019-09-11,0.5873067732650025
2019-09-12,1.00328893747828
2019-09-13,-0.2993097093663616
2019-09-16,1.2045600941969834
2019-09-17,0.4352960384743201
2019-09-18,0.4183211885695913
2019-09-19,-0.3360246360809119
2019-09-20,-1.2322867364694088
2019-09-23,0.1029454067434896
2019-09-24,0.013505389533997695
2019-09-25,0.8392495548831529
2019-09-26,1.0905228045087036
2019-09-27,-1.79466645793367
2019-09-30,0.5376607333901033
2019-10-01,-1.1691900575875471
2019-10-02,-0.9017571227344076
2019-10-03,0.2656454751900061
2019-10-04,0.7187374093038478
2019-10-07,-0.21046604008048947
2019-10-08,0.04731689479410891
2019-10-09,-0.16925006414894056
2019-10-10,0.14020871053029033
2019-10-11,-1.1117427518796055
2019-10-14,0.6433694977603538
2019-10-15,-0.7915073334172021
2019-10-16,0.41169967937605956
2019-10-17,-1.447940931252032
2019-10-18,-1.1698173816431996
2019-10-21,0.09804094642736408
2019-10-22,0.3051624606291442
2019-10-23,0.10248224142627554
2019-10-24,0.5880534571764211
2019-10-25,-2.1390839553217833
2019-10-28,0.21281588124995213
2019-10-29,0.04922705674459373
2019-10-30,1.1830461963765133
2019-10-31,-0.37364828727060906
2019-11-01,-0.14422642670834424
2019-11-04,-2.206586401429389
2019-11-05,-0.5969691710629026
2019-11-06,1.115748951626445
2019-11-07,-0.16577680714263587
2019-11-08,1.191564318322136
2019-11-11,-0.07835927946280236
2019-11-12,0.2545087711867478
2019-11-13,0.3086600991578685
2019-11-14,0.290913105774289
2019-11-15,0.10236255713737887
2019-11-18,-0.0671005350620917
2019-11-19,-0.654203282606578
2019-11-20,-0.17494862185881516
2019-11-21,-0.9663141459957685
2019-11-22,0.1031683115966603
2019-11-25,0.0357041625350411
2019-11-26,0.684203961591401
2019-11-27,-0.26404298229886525
2019-11-29,-0.04183855456960478
2019-12-02,-1.9670022385336212
2019-12-03,0.1946954761793719
2019-12-04,-0.06320648661877953
2019-12-05,0.14342372133085124
2019-12-06,-0.014249802477626859
2019-12-09,-0.4135113238772191
2019-12-10,0.21419060519012262
2019-12-11,0.7581677522080689
2019-12-12,-0.6238821702322206
2019-12-13,-0.3200588890782467
2019-12-16,-0.07027863112633086
2019-12-17,0.14430891131314708
2019-12-18,-1.510883965097286
2019-12-19,0.6220894612185544
2019-12-20,0.6485653724734858
2019-12-23,0.33558122678407754
2019-12-24,-0.34134169204868536
2019-12-26,0.06307670179911827
2019-12-27,-0.43038618889000824
2019-12-30,0.44130072421182875
2019-12-31,-1.1741815328939054
2020-01-02,2.306190168230215
2020-01-03,3.6086959589625005
2020-01-06,0.03358146854360842
2020-01-07,-0.28316709104829396
2020-01-08,-1.0096787606092892
2020-01-09,0.28258254389743415
2020-01-10,0.27844581949666497
2020-01-13,0.3507505753868822
2020-01-14,-0.5204818313706541
2020-01-15,0.9462994251554718
2020-01-16,0.5404746469553089
2020-01-17,-0.8298627949701494
2020-01-21,-0.4548427337791367
2020-01-22,-0.6449335685649645
2020-01-23,1.0806048437870965
2020-01-24,-0.07772257172627203
2020-01-27,-0.5894046467021976
2020-01-28,0.4283398629482946
2020-01-29,0.059641125014799956
2020-01-30,0.3255894548223026
2020-01-31,-2.0598817944698684
2020-02-03,-2.1938649460805775
2020-02-04,-0.46508612731625915
2020-02-05,1.098006632595102
2020-02-06,-0.8748581707016707
2020-02-07,-0.5409018895416741
2020-02-10,0.29297857973393676
2020-02-11,0.8520159313296131
2020-02-12,-0.13864481129719095
2020-02-13,-0.026369690865118287
2020-02-14,0.4881828420730283
2020-02-18,0.20847944726038872
2020-02-19,-1.2965728152829021
2020-02-20,-0.6428021626974268
2020-02-21,0.5358395413400119
2020-02-24,-1.1803172076144546
2020-02-25,-3.9153243250836898
2020-02-26,-1.2091346112025652
2020-02-27,-0.6166143914859515
2020-02-28,-0.6120461205563213
2020-03-02,1.4394379776091473
2020-03-03,-1.4162429967679602
2020-03-04,3.44414647107361
2020-03-05,-3.767741100254501
2020-03-06,0.18639407348588338
2020-03-09,-3.1733075002305187
2020-03-10,4.0942581075139275
2020-03-11,-3.2197823617111707
2020-03-12,-5.196476167407758
2020-03-13,4.3698405590696066
2020-03-16,-5.571469318956043
2020-03-17,5.8716295501795255
2020-03-18,0.5156097414673552
2020-03-19,-3.960360966990927
2020-03-20,-2.0694572852288666
2020-03-23,-2.3522807488227166
2020-03-24,1.8787397881049166
2020-03-25,1.1137537628364949
2020-03-26,4.653689814495579
2020-03-27,-1.2679265462325542
2020-03-30,0.18895894000460497
2020-03-31,-1.5861091756389059
2020-04-01,0.6065597537378018
2020-04-02,0.9844424007293094
2020-04-03,-0.12130768951928798
2020-04-06,2.445664704473573
2020-04-07,-0.9139870580532291
2020-04-08,0.5066914382399482
2020-04-09,0.85419656883271
2020-04-13,0.24189954978256673
2020-04-14,1.1960772334281051
2020-04-15,-0.5915547879880144
2020-04-16,0.20342149573061027
2020-04-17,1.175218061595736
2020-04-20,-1.5363042912145723
2020-04-21,-1.3056837282630918
2020-04-22,1.014641190108599
2020-04-23,-0.8094663787005587
2020-04-24,0.4031788956707007
2020-04-27,0.6482450388396727
2020-04-28,-0.06858159034789839
2020-04-29,-1.6162416369941748
2020-04-30,-0.17334472569528628
2020-05-01,-0.3589069135417173
2020-05-04,-0.7345759460988833
2020-05-05,0.7791752873317267
2020-05-06,-0.761473036219697
2020-05-07,0.12397911699354196
2020-05-08,0.4349068978500282
2020-05-11,-0.04007502778073009
2020-05-12,-0.27306503532800785
2020-05-13,-0.677621922334077
2020-05-14,-1.1506784637095675
2020-05-15,1.281701764016566
2020-05-18,1.2156162763671114
2020-05-19,-0.5397114804756368
2020-05-20,-0.8675047160751705
2020-05-21,0.9911987539565728
2020-05-22,-0.29342401258618356
2020-05-26,-0.23156564301217167
2020-05-27,2.326130387775385
2020-05-28,-0.05161866603981866
2020-05-29,-0.764447787936924
2020-06-01,-0.5833939105671873
2020-06-02,-0.4701076466413111
2020-06-03,1.101811266387411
2020-06-04,-0.0393819722985646
2020-06-05,0.763822205784282
2020-06-08,0.7867439953612667
2020-06-09,-0.7708589465399353
2020-06-10,-0.17967627268002087
2020-06-11,-2.533475893550114
2020-06-12,-0.4349057913466174
2020-06-15,-0.5344890262162106
2020-06-16,1.4190821554737503
2020-06-17,-0.3179100068689095
2020-06-18,-0.5753477264587429
2020-06-19,-0.6704362337692088
2020-06-22,0.38005146148507013
2020-06-23,-1.1083394491919822
2020-06-24,-0.6900582125352381
2020-06-25,-0.015286183954155512
2020-06-26,0.021049609659821333
2020-06-29,0.9633839864911877
2020-06-30,-0.20644565096618808
2020-07-01,0.09866938165511122
2020-07-02,0.24781135626645778
2020-07-06,0.32374644336458036
2020-07-07,-1.0428024468313273
2020-07-08,-0.44424845410808805
2020-07-09,-2.072812273190531
2020-07-10,0.8612712115350964
2020-07-13,0.06524257916402408
2020-07-14,0.45346047635738607
2020-07-15,0.7158559121705372
2020-07-16,0.3934836917187156
2020-07-17,0.42711514887022745
2020-07-20,-0.7018255098220467
2020-07-21,0.8910066889378758
2020-07-22,1.0081330593657982
2020-07-23,-0.3676065533543779
2020-07-24,-0.030291267091137813
2020-07-27,-0.5941528255488038
2020-07-28,0.6547550198292257
2020-07-29,0.32584396201345583
2020-07-30,1.3698983526473751
2020-07-31,-0.11769456305051769
2020-08-03,-0.1719627718131625
2020-08-04,0.18418966151685523
2020-08-05,0.5946576910180423
2020-08-06,-0.40532065180537913
2020-08-07,0.3812979579305046
2020-08-10,0.8066344359110168
2020-08-11,0.7484707308766708
2020-08-12,-0.2815340333147405
2020-08-13,-0.0859275389121871
2020-08-14,0.421225101753435
2020-08-17,-0.2652887711965551
2020-08-18,-0.24822275868770094
2020-08-19,0.04932519554748306
2020-08-20,-0.13778536700997754
2020-08-21,0.15737340987189355
2020-08-24,0.7925641834399775
2020-08-25,-0.16085686979984862
2020-08-26,-0.182297913398177
2020-08-27,0.9023618801191746
2020-08-28,-0.3222737190207512
2020-08-31,-0.24628660243368167
2020-09-01,-0.2583322735286054
2020-09-02,0.9543537945452059
2020-09-03,-0.7160167734574024
2020-09-04,-0.37284110633393003
2020-09-08,-0.5359248724699329
2020-09-09,0.5935974222241774
2020-09-10,-1.1342747943876186
2020-09-11,1.0896233300308695
2020-09-14,-0.042688427611411645
2020-09-15,-0.039200065513777076
2020-09-16,0.6641171093922206
2020-09-17,0.05646354405142335
2020-09-18,-0.2658405053333823
2020-09-21,-1.8812313194667076
2020-09-22,0.8641771560493408
2020-09-23,-0.5642393285652834
2020-09-24,-0.3939028024982108
2020-09-25,0.4294911147269778
2020-09-28,0.20459587332477572
2020-09-29,-0.506022350671758
2020-09-30,-1.2174840976277386
2020-10-01,-0.4543490441471165
2020-10-02,0.29891369022442377
2020-10-05,-0.20511537634012084
2020-10-06,-0.3938353683322257
2020-10-07,0.6637657258656185
2020-10-08,0.760121352489586
2020-10-09,-0.5383311114134223
2020-10-12,0.18708634548312852
2020-10-13,-0.4908156815713164
2020-10-14,0.3156176334401461
2020-10-15,0.012104006559125972
2020-10-16,0.19935779953408903
2020-10-19,-0.6193352664106215
2020-10-20,-0.28079075689126815
2020-10-21,-0.07049460814989895
2020-10-22,-0.6919750153165094
2020-10-23,0.7424544959815095
2020-10-26,0.20038966234886615
2020-10-27,-1.0051353806327916
2020-10-28,-1.1261506937459258
2020-10-29,-0.1475263620833034
2020-10-30,-0.3290815681347544
2020-11-02,0.965167188236874
2020-11-03,1.1189082719206396
2020-11-04,1.4162850772331823
2020-11-05,-1.0510470670526486
2020-11-06,-0.7807656050538229
2020-11-09,0.010792240370047742
2020-11-10,1.7368282206615968
2020-11-11,-0.5661382617324833
2020-11-12,-0.46438176317663143
2020-11-13,0.7279969282380069
2020-11-16,0.1490422101468958
2020-11-17,0.005642960557630095
2020-11-18,-0.24257540253903956
2020-11-19,-0.12614677138489808
2020-11-20,-0.3798448296725784
2020-11-23,0.027324257333519647
2020-11-24,0.4695880336004856
2020-11-25,0.31057857731319827
2020-11-27,-0.6003572212827635
2020-11-30,-0.47400079826099634
2020-12-01,-0.13659989108234583
2020-12-02,-0.29187581904773613
2020-12-03,0.6364959294912588
2020-12-04,0.5134766392036589
2020-12-07,-0.7998030264026618
2020-12-08,0.14483709937379105
2020-12-09,0.25087831567444274
2020-12-10,-0.6811385909740026
2020-12-11,0.3050350274980588
2020-12-14,-0.32255185812256615
2020-12-15,0.0884396157934459
2020-12-16,0.484160128238289
2020-12-17,-0.16018385982293545
2020-12-18,0.3410028289753168
2020-12-21,-0.7130254971374067
2020-12-22,-0.15066293293939484
2020-12-23,0.6006559844378412
2020-12-24,-0.11995981022447023
2020-12-28,0.47157809279306007
2020-12-29,-0.24746602565044074
2020-12-30,0.23201773402263037
2020-12-31,0.30041320584080594
2021-01-04,-1.3037534769542845
2021-01-05,0.28465566842415624
2021-01-06,0.3784249857304176
2021-01-07,-0.8576061341946465
2021-01-08,-0.550562225220552
2021-01-11,0.9187698746958052
2021-01-12,0.4147591554182945
2021-01-13,0.2913600533772408
2021-01-14,0.5082870137321102
2021-01-15,-0.26592092668643524
2021-01-19,-0.33032478803764803
2021-01-20,0.13722924405634943
2021-01-21,-0.22297841176850522
2021-01-22,0.2110651622281284
2021-01-25,0.1962781325973764
2021-01-26,-0.8078237064355774
2021-01-27,-0.07946216975382166
2021-01-28,0.14835298245669046
2021-01-29,-0.8445805336622836
2021-02-01,0.8276410836500315
2021-02-02,1.0711389258197699
2021-02-03,0.12577462203613202
2021-02-04,0.1769860325137785
2021-02-05,-0.3809671532067179
2021-02-08,0.20691408138918624
2021-02-09,0.5117088174948288
2021-02-10,0.008176652414123138
2021-02-11,-0.5030570701648297
2021-02-12,-0.27430797616362484
2021-02-16,-0.8483743097052965
2021-02-17,0.8920732150552889
2021-02-18,0.12187584323380507
2021-02-19,-0.054324570100096434
2021-02-22,0.1246521703079121
2021-02-23,0.12701715879079137
2021-02-24,0.4289613385242881
2021-02-25,0.035823334819243616
2021-02-26,-1.1825190384550217
2021-03-01,0.2643994572775272
2021-03-02,0.7434285247486596
2021-03-03,0.056034898571391586
2021-03-04,-0.19596884726584177
2021-03-05,0.48072637953208136
2021-03-08,0.6505152774533425
2021-03-09,-1.002144728201128
2021-03-10,0.25524185117980086
2021-03-11,-0.07679731458239968
2021-03-12,0.3378601139914691
2021-03-15,0.5866813092214782
2021-03-16,-0.002710795046968153
2021-03-17,0.7789335803260202
2021-03-18,0.7085918836297508
2021-03-19,-1.0695199294464082
2021-03-22,0.9199168386262222
2021-03-23,-0.04817970272820526
2021-03-24,0.29645800944299033
2021-03-25,0.8532292597666365
2021-03-26,-0.3989063226193766
2021-03-29,0.7431784596642514
2021-03-30,-0.09623197666725063
2021-03-31,0.15605410189767366
2021-04-01,-0.27293671591465035
2021-04-05,1.5118611151385288
2021-04-06,0.07439732638505797
2021-04-07,0.5075512824482978
2021-04-08,0.3787074634259596
2021-04-09,0.678392187102598
2021-04-12,0.12563900950017326
2021-04-13,-0.37836818121431864
2021-04-14,0.5803358304338264
2021-04-15,0.49174184253302533
2021-04-16,0.3230131507186227
2021-04-19,-0.31671074234735647
2021-04-20,0.08525158683253115
2021-04-21,0.05605686042845569
2021-04-22,-0.3889659611634584
2021-04-23,-0.2660640603077949
2021-04-26,-0.7933643544404343
2021-04-27,0.38672841373194855
2021-04-28,-0.2805535160583133
2021-04-29,2.521741253829939
2021-04-30,0.37600477121549175
2021-05-03,1.1306938374729203
2021-05-04,1.1963491703540368
2021-05-05,0.7953482397895151
2021-05-06,-0.5403986892306086
2021-05-07,0.0610888463084812
2021-05-10,0.5025041962194171
2021-05-11,-0.9724037446350493
2021-05-12,-0.9221727401829534
2021-05-13,1.1503950003551766
2021-05-14,0.2170260938984632
2021-05-17,0.1746110827320091
2021-05-18,-0.7699568995996497
2021-05-19,0.3606728481193914
2021-05-20,0.14172639686120836
2021-05-21,-0.2984417474019075
2021-05-24,0.2622036504549598
2021-05-25,-0.42222732374128563
2021-05-26,-0.6146749246792668
2021-05-27,0.6510499490724263
2021-05-28,-0.5771955364346247
2021-06-01,-0.07718104802203986
2021-06-02,0.2551962091482612
2021-06-03,-0.15669944283479414
2021-06-04,1.9426421142984625
2021-06-07,-1.0402673875958104
2021-06-08,-0.15331038344329873
2021-06-09,0.24268820643417152
2021-06-10,-0.04449006991118981
2021-06-11,0.42816872704303505
2021-06-14,-0.5779003362114212
2021-06-15,0.4639896345780743
2021-06-16,-0.5713031825998118
2021-06-17,-0.7124271938841191
2021-06-18,-0.3362008639319711
2021-06-21,1.1124013860431852
2021-06-22,-0.1886266151008535
2021-06-23,-0.4983964124453516
2021-06-24,-0.17884714906593493
2021-06-25,0.6339933111008568
2021-06-28,-0.6594613290043204
2021-06-29,-1.9821092601371457
2021-06-30,0.5624448049909812
2021-07-01,0.761628733267845
2021-07-02,0.2510587113337731
2021-07-06,-0.35092652019304554
2021-07-07,0.6392173478110537
2021-07-08,-0.3195244329286593
2021-07-09,0.2924491963356917
2021-07-12,-0.37330642370306955
2021-07-13,-0.6635915016091134
2021-07-14,-0.7661408279808406
2021-07-15,-0.024925649915675734
2021-07-16,-0.3260981440016512
2021-07-19,-1.66045202839318
2021-07-20,0.9744103003983224
2021-07-21,0.2556114282679888
2021-07-22,-0.5016597237649218
2021-07-23,0.3792879270193281
2021-07-26,-0.6819352248634639
2021-07-27,0.7683526797078136
2021-07-28,-0.4831779034569162
2021-07-29,1.1000672238729763
2021-07-30,-0.5889052533857426
2021-08-02,-0.28539176781707787
2021-08-03,0.5031124467614019
2021-08-04,-1.5418170687627233
2021-08-05,0.28066213669992324
2021-08-06,0.6769044726887578
2021-08-09,-0.2682856467591058
2021-08-10,0.3272559182422732
2021-08-11,0.6910951200829465
2021-08-12,-0.49567937969071646
2021-08-13,-0.18431503765834295
2021-08-16,1.1215461420575576
2021-08-17,-0.02806500636243466
2021-08-18,-1.1668341867334344
2021-08-19,-0.4609115957920678
2021-08-20,0.3736865741592892
2021-08-23,-0.043824804384557235
2021-08-24,-0.05280631795276178
2021-08-25,-0.04554760237526151
2021-08-26,0.8320684911176498
2021-08-27,-0.09400614261739224
2021-08-30,0.5583807121588261
2021-08-31,-0.010328623637549581
2021-09-01,-0.5976807897556751
2021-09-02,0.6773427126668463
2021-09-03,-0.5268352834557879
2021-09-07,-1.5264085586136698
2021-09-08,0.29889144755506747
2021-09-09,-0.8034930622236034
2021-09-10,-0.6172315424340813
2021-09-13,-0.10818662057599508
2021-09-14,-0.4580901902412411
2021-09-15,0.8709512105930632
2021-09-16,-1.367537135931481
2021-09-17,0.1190178635303099
2021-09-20,-0.3342513648440097
2021-09-21,-0.8790844632865332
2021-09-22,0.7705042959187738
2021-09-23,0.5285190729429841
2021-09-24,1.0670687158861754
2021-09-27,0.311391193679758
2021-09-28,0.21512873425073756
2021-09-29,1.0153739605237078
2021-09-30,-0.6941764247177973
2021-10-01,0.12253094864614578
2021-10-04,1.0221585307126915
2021-10-05,0.881485199701715
2021-10-06,1.5639058105648864
2021-10-07,1.0924711680055164
2021-10-08,1.42275582386729
2021-10-11,0.6454327854057155
2021-10-12,-0.7229303597359135
2021-10-13,-0.3671928555318537
2021-10-14,0.1868259151603338
2021-10-15,1.0556030797915097
2021-10-18,-0.38404150425614375
2021-10-19,1.0368519734806718
2021-10-20,0.23466890930191484
2021-10-21,0.2946280836642727
2021-10-22,0.6020122946772796
2021-10-25,-0.013249663539714162
2021-10-26,-2.1478986723678837
2021-10-27,-1.8600592106731295
2021-10-28,-6.153530048300992
2021-10-29,-0.37207388249757745
2021-11-01,-0.5800458905531488
2021-11-02,-0.42015264050614803
2021-11-03,0.14892952971113435
2021-11-04,0.5242533528962573
2021-11-05,1.6410452511716487
2021-11-08,-0.306592257740881
2021-11-09,0.20836956075418783
2021-11-10,-0.5959764803985815
2021-11-11,-0.5446970248411378
2021-11-12,-0.12444552576364434
2021-11-15,0.02716611573266899
2021-11-16,-1.2887554966502266
2021-11-17,-0.1947921475084331
2021-11-18,-0.6377858726095442
2021-11-19,0.3499028086342201
2021-11-22,2.2186110082163473
2021-11-23,0.1758231670214849
2021-11-24,-0.6934497053928035
2021-11-26,-1.3725144544488932
2021-11-29,0.49787858296252135
2021-11-30,-1.7984204167205435
2021-12-01,-0.7085489107985987
2021-12-02,1.4658141037685677
2021-12-03,1.140537976433702
2021-12-06,1.3083900655284046
2021-12-07,-0.35382841243156804
2021-12-08,0.2511408256403629
2021-12-09,0.7678300854517911
2021-12-10,0.6287511171325811
2021-12-13,1.2807758891495946
2021-12-14,-0.320134591797061
2021-12-15,0.4767121036342965
2021-12-16,-0.10021525161043238
2021-12-17,-0.35010924958753886
2021-12-20,-1.6956514175434863
2021-12-21,1.7611983833237959
2021-12-22,0.19607690911162737
2021-12-23,0.20759567031222032
2021-12-27,0.5576607517578535
2021-12-28,0.15300838618907273
2021-12-29,-0.1565938317547743
2021-12-30,-0.17989641266291168
2021-12-31,0.4516354755673289
2022-01-03,-0.4221768707828691
2022-01-04,2.2895861319454878
2022-01-05,-0.5078622002064136
2022-01-06,0.3674549037933379
2022-01-07,0.5376907513027687
2022-01-10,0.2656954608789384
2022-01-11,-0.44040165274040344
2022-01-12,-1.1509122409204582
2022-01-13,0.33937176585082285
2022-01-14,1.103961121622776
2022-01-18,-0.47826093822856464
2022-01-19,-0.098930533339154
2022-01-20,-0.9793803702257337
2022-01-21,0.18960803374491772
2022-01-24,0.7725738287875645
2022-01-25,-0.08633618429537142
2022-01-26,-0.10184324254131925
2022-01-27,-5.893383734375755
2022-01-28,1.1840428318514098
2022-01-31,-2.194205850121935
2022-02-01,0.0720550310310083
2022-02-02,0.0136363552756312
2022-02-03,0.5185326379852517
2022-02-04,-0.9185033804531821
2022-02-07,0.6394452435335598
2022-02-08,1.194277344995343
2022-02-09,0.9426541097106558
2022-02-10,-0.5530441569650371
2022-02-11,3.265241372898529
2022-02-14,-1.7686535217662158
2022-02-15,-1.225746838477049
2022-02-16,1.637162952515432
2022-02-17,0.7557360612580238
2022-02-18,-1.3936330574394569
2022-02-22,-0.18546077528650634
2022-02-23,-0.978089822469983
2022-02-24,1.7130183567919697
2022-02-25,2.806995150758442
2022-02-28,5.229489159030567
2022-03-01,2.0453035738507266
2022-03-02,-0.5348637153373716
2022-03-03,-0.6894539649570233
2022-03-04,2.699244957387266
2022-03-07,1.2332044193857747
2022-03-08,-4.23711621470541
2022-03-09,-0.006375604479965381
2022-03-10,-0.8972134474837319
2022-03-11,-1.350275399134145
2022-03-14,0.6715923064491841
2022-03-15,0.8473160753628879
2022-03-16,-3.5467445779213116
2022-03-17,0.57818195274942
2022-03-18,-0.21704859611400412
2022-03-21,2.639264838322696
2022-03-22,-0.1366173923951099
2022-03-23,-0.00344238470152198
2022-03-24,0.9947477400819227
2022-03-25,0.4105404282491215
2022-03-28,-1.690401443757304
2022-03-29,-0.15635044618744956
2022-03-30,0.9043692897368635
2022-03-31,-0.9497023943083241
2022-04-01,0.9853592083049826
2022-04-04,-0.4344619221737838
2022-04-05,0.16006472860138007
2022-04-06,0.9518263490212335
2022-04-07,1.1827112488720088
2022-04-08,-1.0465298966352488
2022-04-11,-0.2907287045246848
2022-04-12,0.07551933599189957
2022-04-13,0.09018115870961814
2022-04-14,0.285540520862188
2022-04-18,-0.3005041470853334
2022-04-19,-0.23869583092236732
2022-04-20,-0.21634029161659973
2022-04-21,-2.8167748781973327
2022-04-22,0.48313366294159393
2022-04-25,-0.5460521427284564
2022-04-26,-0.2826041142182649
2022-04-27,-0.4574086561388638
2022-04-28,0.7082949466449643
2022-04-29,-0.8813896344747062
2022-05-02,-0.16551715926336247
2022-05-03,1.7348502973686872
2022-05-04,1.4992246318022049
2022-05-05,0.49124770831658704
2022-05-06,0.2113915763137564
2022-05-09,-2.0418682396860914
2022-05-10,-0.6076315337633803
2022-05-11,-0.5420278199128133
2022-05-12,0.5469477217473299
2022-05-13,0.23080759763396066
2022-05-16,0.6658859451998285
2022-05-17,0.10501425601699303
2022-05-18,-0.6588262101478363
2022-05-19,-0.9318607082512878
2022-05-20,-0.7724466776669643
2022-05-23,1.7979379457852593
2022-05-24,1.840512186707531
2022-05-25,-0.5206082972484216
2022-05-26,-0.08609645585855395
2022-05-27,0.600806115253969
2022-05-31,-0.43085217669737147
2022-06-01,-0.5531233290147624
2022-06-02,-0.2444945371700867
2022-06-03,1.964628005859921
2022-06-06,-0.0027662593441402303
2022-06-07,1.595171152369828
2022-06-08,-2.523498865149855
2022-06-09,-1.2857556394378846
2022-06-10,0.062450232691763904
2022-06-13,-0.46507866666118725
2022-06-14,-0.869575837450655
2022-06-15,0.47334015231314036
2022-06-16,-1.300955864059513
2022-06-17,-0.7342008210179969
2022-06-21,2.5426266371861264
2022-06-22,-0.7168850191086286
2022-06-23,-0.36058095348789565
2022-06-24,0.9040989507730888
2022-06-27,0.34113157979287556
2022-06-28,-0.3311098775876623
2022-06-29,-0.4306560862015568
2022-06-30,2.039972496685009
2022-07-01,0.8859060235864894
2022-07-05,-2.751770492295864
2022-07-06,2.070251836253818
2022-07-07,-0.36131065657281825
2022-07-08,0.06268856439750353
2022-07-11,-0.6538125415904785
2022-07-12,-0.8665416064988072
2022-07-13,-0.5116085235889531
2022-07-14,-0.8304216511739888
2022-07-15,0.21878731680117638
2022-07-18,-1.5551043733620764
2022-07-19,0.9676632637354997
2022-07-20,-0.22365494951465154
2022-07-21,-0.3421055393040342
2022-07-22,-0.3033141292985073
2022-07-25,0.1311321794720675
2022-07-26,-1.1597581843109852
2022-07-27,0.09844398627587989
2022-07-28,1.0435823567636255
2022-07-29,2.888327882021023
2022-08-01,-0.45025849942608204
2022-08-02,0.571004365422341
2022-08-03,0.015884249831005438
2022-08-04,-0.5055552661749696
2022-08-05,-0.12100112066646174
2022-08-08,-0.9595529662385122
2022-08-09,0.3752795013287359
2022-08-10,-0.13342358346736177
2022-08-11,-0.3980675762353453
2022-08-12,1.0334940624912616
2022-08-15,0.7792477302412165
2022-08-16,-0.22379744604724275
2022-08-17,0.7378371646031952
2022-08-18,-0.02961546203882622
2022-08-19,-0.3162089246286307
2022-08-22,-0.8250981110408042
2022-08-23,-0.2198159305417842
2022-08-24,0.6251341610936567
2022-08-25,0.5659443144769648
2022-08-26,-0.9412424378282338
2022-08-29,0.011369839251763507
2022-08-30,-0.6294915253207347
2022-08-31,-0.4056244857153014
2022-09-01,0.20816867690906085
2022-09-02,-0.45590338774952527
2022-09-06,0.2634607524718051
2022-09-07,0.8616273465591714
2022-09-08,0.15228386274352673
2022-09-09,0.11762013033381458
2022-09-12,-1.121965965296646
2022-09-13,-1.634538124317296
2022-09-14,1.780930024967847
2022-09-15,-0.04883407565475733
2022-09-16,-0.061964684219351536
2022-09-19,0.25127838777376044
2022-09-20,0.5909866858687991
2022-09-21,-0.2094449970489985
2022-09-22,0.3222145073251848
2022-09-23,-2.0671787876895333
2022-09-26,-0.5816440374406832
2022-09-27,-0.09216556696151057
2022-09-28,1.0290923047056022
2022-09-29,-1.5782342990279152
2022-09-30,-0.08014890067450649
2022-10-03,1.688668229363861
2022-10-04,0.44418090018594547
2022-10-05,-0.7143080305896776
2022-10-06,0.030010983656918247
2022-10-07,1.148414453125589
2022-10-10,0.7863161185731058
2022-10-11,0.31730209014254607
2022-10-12,-1.6764623831691934
2022-10-13,0.9308315270181866
2022-10-14,-4.084379328181009
2022-10-17,1.172691401349909
2022-10-18,3.2533337434060106
2022-10-19,0.3604594106747877
2022-10-20,0.10010291049060202
2022-10-21,0.9537362208616338
2022-10-24,0.2663079134993229
2022-10-25,0.02106424918207073
2022-10-26,0.34877344535961546
2022-10-27,0.36715411728242636
2022-10-28,1.1434125510341595
2022-10-31,-0.006713254333560096
2022-11-01,-1.3724977752632723
2022-11-02,-0.6429449753478254
2022-11-03,-0.5663253919692866
2022-11-04,-0.36016494375042185
2022-11-07,1.1167398059950056
2022-11-08,0.5187933245418255
2022-11-09,-0.8488522169331479
2022-11-10,-0.23749124051580464
2022-11-11,-3.953163067607427
2022-11-14,-1.2097192372722243
2022-11-15,1.887453987003764
2022-11-16,0.37024182134948197
2022-11-17,1.2744837495561985
2022-11-18,0.07085407501678279
2022-11-21,0.6343382326950423
2022-11-22,-0.3872256790285063
2022-11-23,-0.2992283095271895
2022-11-25,0.6177410051422667
2022-11-28,-0.3665173450298539
2022-11-29,0.2520695342111045
2022-11-30,0.3846505554024138
2022-12-01,-0.3751010437286086
2022-12-02,1.3527328241510035
2022-12-05,-0.47592142392973286
2022-12-06,-0.9888734154452781
2022-12-07,0.7113703811822089
2022-12-08,-0.050523900231708246
2022-12-09,-1.173845326373865
2022-12-12,0.5165710148137385
2022-12-13,-0.9828573077193459
2022-12-14,0.5190177081341627
2022-12-15,-0.38298415300912786
2022-12-16,0.061477773588624
2022-12-19,0.18004028337754033
2022-12-20,-0.35603328954397107
2022-12-21,0.8004255520537932
2022-12-22,-0.7719519367590266
2022-12-23,0.2517857478159056
2022-12-27,0.531856013567588
2022-12-28,-0.14372551168901232
2022-12-29,0.07702029285541721
2022-12-30,0.26256313271274495
2023-01-03,-0.5612948069384928
2023-01-04,-1.3756479648642257
2023-01-05,0.1380752878608861
2023-01-06,-0.7417308326256384
2023-01-09,-2.5964001837997897
2023-01-10,-0.006910686297864142
2023-01-11,-0.3313925085752016
2023-01-12,-0.5446087904643335
2023-01-13,-2.7786793376343453
2023-01-17,-0.6561393223579239
2023-01-18,-1.0556327958579277
2023-01-19,-0.4349827634805211
2023-01-20,0.8999835294902241
2023-01-23,-0.015377644006305109
2023-01-24,0.8757016118346032
2023-01-25,0.39169092390359567
2023-01-26,-2.1374884273243633
2023-01-27,-0.6574082185474198
2023-01-30,0.15019307662158923
2023-01-31,0.9457740370608008
2023-02-01,-0.6482792305843426
2023-02-02,-0.232371681190838
2023-02-03,-0.06176698652331119
2023-02-06,0.8918035471041239
2023-02-07,0.3098898678041577
2023-02-08,0.38620781054890024
2023-02-09,-0.2804616162639079
2023-02-10,1.0457943588964218
2023-02-13,0.0036624220164392964
2023-02-14,0.3140190481416381
2023-02-15,-0.7481394530509213
2023-02-16,0.43866647359838135
2023-02-17,0.5306486999184057
2023-02-21,0.3170060851593809
2023-02-22,0.4638063153288413
2023-02-23,-0.30400594889315896
2023-02-24,-0.43064708764043236
2023-02-27,-0.12891575207031736
2023-02-28,-0.6793836780349674
2023-03-01,-0.18958631246809488
2023-03-02,0.6412513513744842
2023-03-03,-0.10993805196441692
2023-03-06,0.30804993589426105
2023-03-07,0.2196791903514136
2023-03-08,-0.7896314497823618
2023-03-09,-0.7412738858966383
2023-03-10,0.08015887113432406
2023-03-13,-0.2522986849747951
2023-03-14,-0.5014612545659946
2023-03-15,-0.5839519092213838
2023-03-16,0.14814368246812984
2023-03-17,-0.8291225609003406
2023-03-20,0.6923579047501925
2023-03-21,0.07493128124486868
2023-03-22,-0.804573886033799
2023-03-23,0.10414052561191563
2023-03-24,1.3391050051052091
2023-03-27,0.36358806930438864
2023-03-28,0.08823527642689957
2023-03-29,0.30416768841691433
2023-03-30,-0.08246434058548735
2023-03-31,0.08323106389693553
2023-04-03,0.8913947634590366
2023-04-04,-0.14106359560282034
2023-04-05,0.3259598194112615
2023-04-06,-0.0735565839795443
2023-04-10,0.7240583723473748
2023-04-11,-0.9923834516832141
2023-04-12,0.534001575049921
2023-04-13,0.15729449090513198
2023-04-14,-0.1978437518672278
2023-04-17,0.2572630343195436
2023-04-18,0.5461281581249744
2023-04-19,-0.2926412372150972
2023-04-20,-0.3516457424923759
2023-04-21,-0.2691946501522658
2023-04-24,-0.14690658972045742
2023-04-25,-0.6788141303439067
2023-04-26,-2.040878594802923
2023-04-27,1.0632272715460855
2023-04-28,0.42892200596040136
2023-05-01,0.166152325944613
2023-05-02,-1.7309263471163974
2023-05-03,-0.650363039228254
2023-05-04,-0.18804968316018786
2023-05-05,0.5906300106178867
2023-05-08,-0.5756961143825292
2023-05-09,0.018882965441551717
2023-05-10,0.09544035523800186
2023-05-11,-0.9302172251321468
2023-05-12,0.38125680504043946
2023-05-15,0.08209329606627569
2023-05-16,-0.48338336537570287
2023-05-17,1.513734126102682
2023-05-18,-0.47358796337576325
2023-05-19,-0.0346575791854092
2023-05-22,-0.031352494027085724
2023-05-23,-0.008214088547340811
2023-05-24,-0.20199731791247072
2023-05-25,-1.0300224082163147
2023-05-26,0.89545810170244
2023-05-30,-0.010481404161239279
2023-05-31,-0.3379613411527918
2023-06-01,0.4098748419905565
2023-06-02,0.701649240862018
2023-06-05,0.22816730548820685
2023-06-06,0.34275138937411836
2023-06-07,0.6843618005357653
2023-06-08,0.2861892406074038
2023-06-09,-0.15096154511432391
2023-06-12,-0.0962603041798184
2023-06-13,-0.3051205375753374
2023-06-14,-0.4238554652815341
2023-06-15,0.6493511941012986
2023-06-16,0.706911215270461
2023-06-20,-0.5264703831070553
2023-06-21,1.0356661496635107
2023-06-22,-0.5744037125558805
2023-06-23,-0.5279168381725596
2023-06-26,-0.7992871504665129
2023-06-27,0.060627040404500586
2023-06-28,-0.7680477618942856
2023-06-29,1.1479919404276797
2023-06-30,0.6028184134378411
2023-07-03,0.3181221779180913
2023-07-05,0.1274877144725463
2023-07-06,-0.4106320978417645
2023-07-07,-0.46948386800222125
2023-07-10,0.02966457265648872
2023-07-11,1.1108591521251834
2023-07-12,-0.9913001239210343
2023-07-13,0.502141761100691
2023-07-14,-0.8648627549939731
2023-07-17,0.490454874533448
2023-07-18,-1.5783792077725096
2023-07-19,-0.05564550260753726
2023-07-20,1.6580993248886935
2023-07-21,-0.12977589278816778
2023-07-24,-0.16741116898000422
2023-07-25,0.6678624464967838
2023-07-26,-0.009714579913770876
2023-07-27,-1.6172325365686695
2023-07-28,0.5937764304712503
2023-07-31,-0.6419537589898443
2023-08-01,0.4558276465990995
2023-08-02,-0.08386578002575006
2023-08-03,-0.6690632494896729
2023-08-04,-0.5603405016233219
2023-08-07,-0.25096815428197367
2023-08-08,-0.5221176422965931
2023-08-09,0.3990657822888427
2023-08-10,-0.7461351988082536
2023-08-11,0.1333548700375959
2023-08-14,-0.21473662132364932
2023-08-15,-0.8996620798145366
2023-08-16,0.639455387658154
2023-08-17,0.3037296634245856
2023-08-18,0.1770660389262291
2023-08-21,0.5423210773829547
2023-08-22,0.609354904974002
2023-08-23,-0.4409917542683741
2023-08-24,-0.3165698360092384
2023-08-25,-0.0825537389795804
2023-08-28,0.26318366736965043
2023-08-29,-0.13397094281930325
2023-08-30,0.7175293154814237
2023-08-31,-0.22710644378884806
2023-09-01,0.3881928839190715
2023-09-05,-0.6396900029229906
2023-09-06,-1.0736875510799375
2023-09-07,1.1068536130071593
2023-09-08,-1.1884367527228132
2023-09-11,0.3702914507217161
2023-09-12,-0.10356677670329097
2023-09-13,0.35812209180018517
2023-09-14,0.9043410523442786
2023-09-15,0.19746023703637525
2023-09-18,1.047805812527341
2023-09-19,-0.6393555358520558
2023-09-20,0.6351098852989369
2023-09-21,-0.41973994385662766
2023-09-22,-1.763865801376662
2023-09-25,0.13487337116510287
2023-09-26,0.17741749162338075
2023-09-27,1.592383612627677
2023-09-28,0.34430067057214486
2023-09-29,0.1204305650596638
2023-10-02,0.3082449144701881
2023-10-03,-1.1433360660904535
2023-10-04,-1.7758945177853724
2023-10-05,-0.3041604754132499
2023-10-06,0.5153471238672
2023-10-09,6.386547144960404
2023-10-10,-0.8077134582944516
2023-10-11,1.0498307192632053
2023-10-12,0.5003229394810608
2023-10-13,1.567620788874587
2023-10-16,-0.12857681283148376
2023-10-17,-0.025502245695049646
2023-10-18,0.21154761235335542
2023-10-19,-0.10284744446944048
2023-10-20,-0.5497374459474158
2023-10-23,-0.6655577649584334
2023-10-24,-0.27159542451388996
2023-10-25,0.6631052269134022
2023-10-26,-0.7126992656109681
2023-10-27,-0.6116929768153654
2023-10-30,-0.569599521606652
2023-10-31,0.41254064582257294
2023-11-01,-0.39893614336233274
2023-11-02,1.0565621958088176
2023-11-03,-0.6833252159769763
2023-11-06,0.08191690104082723
2023-11-07,-0.43073128251791376
2023-11-08,-0.975597064982817
2023-11-09,0.12321842291683652
2023-11-10,0.3392946511344743
2023-11-13,0.1866607927100583
2023-11-14,0.370685045265903
2023-11-15,-0.26623559958276005
2023-11-16,-0.1499237277178113
2023-11-17,0.06275089829781363
2023-11-20,0.2752610087160334
2023-11-21,0.8106072143697792
2023-11-22,0.08396238543229546
2023-11-24,0.3145737391211447
2023-11-27,-0.44375016441981013
2023-11-28,0.2817954621574614
2023-11-29,-0.37370717931299885
2023-11-30,1.1818305053880689
2023-12-01,0.7142963715001514
2023-12-04,0.09489178829369942
2023-12-05,-0.5177687213534895
2023-12-06,0.5743772363002108
2023-12-07,-0.39131427802577656
2023-12-08,-0.15279211351874206
2023-12-11,0.4042263052650167
2023-12-12,0.09661498854847267
2023-12-13,0.8784084175211808
2023-12-14,-3.1377025547268302
2023-12-15,-0.36239558857734355
2023-12-18,0.6952402085682498
2023-12-19,-0.15844626277778037
2023-12-20,-1.0300786126931696
2023-12-21,0.35123349917001107
2023-12-22,0.6350763090687519
2023-12-26,0.24154893847495826
2023-12-27,-0.007493000766127496
2023-12-28,0.259603198838809
2023-12-29,0.4080841930419699
