Date,Close,log_returns,log_returns_zscore
2007-05-15,15.960000038146973,0.0,0.0
2007-05-16,15.449999809265137,-0.0324766034133681,-0.7071067811865475
2007-05-17,15.130000114440918,-0.02092945563435,-0.18997186616221848
2007-05-18,15.18000030517578,0.0032992567071843,0.9261525210975085
2007-05-21,15.630000114440918,0.0292133596839707,1.4017872716397755
2007-05-22,15.619999885559082,-0.0006400146702843,0.1380884370580406
2007-05-23,15.25,-0.023972634031556,-0.8335108492780519
2007-05-24,15.220000267028809,-0.0019691330752812,0.20363179507642892
2007-05-25,15.170000076293944,-0.0032905715884338,0.1288671855110137
2007-05-29,15.270000457763672,0.0065703508188096,0.6236562075257333
2007-05-30,15.100000381469728,-0.011195380124741,-0.3657476818358121
2007-05-31,14.81999969482422,-0.0187171698079915,-0.7584086815376747
2007-06-01,15.0,0.0120726018264275,1.0133975819276473
2007-06-04,15.0,0.0,0.27658738159350527
2007-06-05,14.760000228881836,-0.0161293664229842,-0.6940873718226269
2007-06-06,14.279999732971191,-0.0330608964672839,-1.561919616180158
2007-06-07,14.0,-0.0198026085966831,-0.7338025503526151
2007-06-08,14.100000381469728,0.007117494823454,0.8554184122474356
2007-06-11,14.489999771118164,0.0272839160980302,1.8253546214067344
2007-06-12,14.25,-0.0167018338220835,-0.6322321191935777
2007-06-13,14.25,0.0,0.3163757309765015
2007-06-14,14.170000076293944,-0.0056298476278824,-0.013374617859920834
2007-06-15,13.90999984741211,-0.0185190641210799,-0.7604748434951895
2007-06-18,13.850000381469728,-0.0043227347894095,0.09828341022233368
2007-06-19,13.84000015258789,-0.0007222989616275,0.31455609733578255
2007-06-20,14.0600004196167,0.0157709550125736,1.2848203948106074
2007-06-21,14.119999885559082,0.0042583077329812,0.5547254527128495
2007-06-22,13.850000381469728,-0.0193069637839274,-0.9010412940126485
2007-06-25,14.0600004196167,0.015048656050946,1.2163673777205872
2007-06-26,13.989999771118164,-0.0049911439102327,-0.03822817298849232
2007-06-27,14.210000038146973,0.0156031724765242,1.221823085370342
2007-06-28,14.010000228881836,-0.0141745681075765,-0.6439542656907943
2007-06-29,14.199999809265137,0.0134705744892335,1.080777842448291
2007-07-02,14.449999809265137,0.0174524501836141,1.2805097470994045
2007-07-03,14.5,0.0034542480677321,0.3942671533762509
2007-07-05,14.970000267028809,0.0318995668426039,2.037596015160217
2007-07-06,15.050000190734863,0.0053297875991649,0.4233069902199589
2007-07-09,14.869999885559082,-0.0120322510923278,-0.6275995590062561
2007-07-10,15.010000228881836,0.009370908118024,0.6801246748028534
2007-07-11,14.81999969482422,-0.0127390616182111,-0.6811630811177968
2007-07-12,14.93000030517578,0.0073950327157569,0.5693328647565595
2007-07-13,14.789999961853027,-0.009421357848072,-0.4846691502262111
2007-07-16,14.039999961853027,-0.0520408782628232,-2.8360302801237816
2007-07-17,13.989999771118164,-0.003567623563643,-0.033542554924073834
2007-07-18,14.0,0.0007145572982573,0.2144419539543109
2007-07-19,14.0,0.0,0.17029050333663753
2007-07-20,14.010000228881836,0.0007140470706901,0.2106469351073348
2007-07-23,13.979999542236328,-0.0021436726244676,0.03760901078302111
2007-07-24,13.68000030517578,-0.0216927695589058,-1.1289621328528987
2007-07-25,14.130000114440918,0.0323652702930057,2.0449966753967677
2007-07-26,14.56999969482422,0.0306643944660427,1.8572603780115513
2007-07-27,14.109999656677246,-0.0320808577287763,-1.6688934277617289
2007-07-30,14.0,-0.0078264119175888,-0.3034031815195255
2007-07-31,14.020000457763672,0.001427584641946,0.21887166939981725
2007-08-01,14.210000038146973,0.0134610305363206,0.8920742773366618
2007-08-02,14.390000343322754,0.012587599964177,0.8292959381225383
2007-08-03,13.970000267028809,-0.0296213523743863,-1.5467579314706097
2007-08-06,13.989999771118164,0.0014305799336851,0.21164392624990327
2007-08-07,14.229999542236328,0.0170096076158435,1.0818024510863316
2007-08-08,15.020000457763672,0.0540302968800858,2.925443904776434
2007-08-09,14.5,-0.0352340273864017,-1.7563852157084758
2007-08-10,14.479999542236328,-0.0013802940824721,0.009961335708428963
2007-08-13,15.1899995803833,0.0478689336390886,2.4503688741789715
2007-08-14,15.0,-0.0125870878809352,-0.5881627768339788
2007-08-15,15.0,0.0,0.048698090149856495
2007-08-16,16.979999542236328,0.1239859528219995,4.962983141363943
2007-08-17,16.969999313354492,-0.0005891151403918,-0.06116426200784342
2007-08-20,17.0,0.0017663052723982,0.03431280796985245
2007-08-21,16.8700008392334,-0.0076763977512509,-0.3495053628878627
2007-08-22,16.989999771118164,0.0070879759073136,0.25705448725862606
2007-08-23,17.059999465942383,0.0041115885465869,0.13259669650316183
2007-08-24,17.100000381469727,0.0023419750579193,0.058238255963994914
2007-08-27,16.969999313354492,-0.0076314470329671,-0.35874314574188415
2007-08-28,17.56999969482422,0.0347458460460482,1.406380995800983
2007-08-29,18.559999465942383,0.0548158137535318,2.162650259464555
2007-08-30,18.190000534057617,-0.0201366766934105,-0.8963338079739662
2007-08-31,17.6200008392334,-0.0318373537523638,-1.3505813927283614
2007-09-04,18.0,0.0213370897585411,0.808936797277864
2007-09-05,17.43000030517578,-0.0321788808555846,-1.353025059586829
2007-09-06,17.989999771118164,0.0316231581991357,1.2203038365036876
2007-09-07,17.489999771118164,-0.0281867592956453,-1.1843477491784071
2007-09-10,17.81999969482422,0.0186921289731277,0.7030027538989515
2007-09-11,19.079999923706055,0.0683192571043076,2.5842979716592263
2007-09-12,20.290000915527344,0.0614875369383131,2.2326920681427898
2007-09-13,20.979999542236328,0.0334413821892817,1.1486354601672104
2007-09-14,21.5,0.0244833539845163,0.8004659124342764
2007-09-17,22.489999771118164,0.0450178206605579,1.5510548798719939
2007-09-18,22.600000381469727,0.0048791673632564,0.03517545311979107
2007-09-19,22.579999923706055,-0.0008853678147439,-0.18270155802387245
2007-09-20,21.899999618530273,-0.0305779359389414,-1.296839017544002
2007-09-21,21.3700008392334,-0.0244985108011229,-1.0531623074654806
2007-09-24,21.899999618530273,0.0244985108011229,0.802056878151027
2007-09-25,21.690000534057617,-0.0096352699426664,-0.49462440208215563
2007-09-26,21.329999923706055,-0.0167368205546578,-0.7597698746147423
2007-09-27,21.34000015258789,0.0004687241175085,-0.09976660740580354
2007-09-28,21.75,0.0190305045107629,0.6110703995641942
2007-10-01,21.25,-0.0232568621642672,-1.0130100589182296
2007-10-02,22.5,0.0571584138399486,2.0390027031802336
2007-10-03,22.68000030517578,0.0079681831048989,0.16876186341646723
2007-10-04,23.459999084472656,0.0338133118850192,1.1424351258299381
2007-10-05,23.510000228881836,0.0021290680871952,-0.06537630521556008
2007-10-08,22.979999542236328,-0.0228016197869687,-1.0105976959287633
2007-10-09,24.260000228881836,0.0542046604499203,1.8959437855384536
2007-10-10,24.600000381469727,0.0139175454947767,0.3705150781943024
2007-10-11,25.059999465942383,0.0185264697115477,0.5421753582238276
2007-10-12,25.770000457763672,0.0279381142709425,0.8931182010873256
2007-10-15,24.88999938964844,-0.0347449505701654,-1.4750191071718743
2007-10-16,25.149999618530273,0.0103917895204245,0.2354233358154963
2007-10-17,24.200000762939453,-0.0385052166889018,-1.6000931259912354
2007-10-18,23.770000457763672,-0.0179283640589189,-0.8159342997822898
2007-10-19,23.13999938964844,-0.0268616052410867,-1.1421153423136838
2007-10-22,24.15999984741211,0.0431356713618319,1.482637290390362
2007-10-23,25.170000076293945,0.0409544454274801,1.3824161704731064
2007-10-24,25.850000381469727,0.0266578035331169,0.8407842193517406
2007-10-25,25.899999618530273,0.0019323382654436,-0.08576284115218728
2007-10-26,26.6200008392334,0.0274198905164577,0.8672983696058932
2007-10-29,26.88999938964844,0.0100916030892972,0.21319777756267863
2007-10-30,25.209999084472656,-0.0645137426988972,-2.5269709046823223
2007-10-31,25.040000915527344,-0.006766122089298,-0.39126784396381475
2007-11-01,23.829999923706055,-0.0495292948854322,-1.9373404348948347
2007-11-02,23.790000915527344,-0.0016799251104877,-0.18318520329601642
2007-11-05,24.56999969482422,0.0322608113138502,1.056280315686491
2007-11-06,23.5,-0.0445257529623076,-1.738133077040012
2007-11-07,23.25,-0.0106952891167479,-0.502108443426767
2007-11-08,23.399999618530273,0.0064308740281652,0.12372780214908266
2007-11-09,23.399999618530273,0.0,-0.1119524720849499
2007-11-12,23.25,-0.0064308740281652,-0.3474861857566251
2007-11-13,23.799999237060547,0.0233804165877836,0.7507128872991492
2007-11-14,23.299999237060547,-0.021232220793677,-0.8961560648373582
2007-11-15,23.420000076293945,0.0051370335997402,0.0814175789552995
2007-11-16,24.040000915527344,0.0261287863232941,0.8571732790377402
2007-11-19,25.399999618530273,0.0550300112554912,1.899966462897434
2007-11-20,25.459999084472656,0.0023593981638222,-0.04265563754351861
2007-11-21,24.93000030517578,-0.0210366473930464,-0.9027405408930578
2007-11-23,25.030000686645508,0.0040032230998099,0.02491594686679012
2007-11-26,24.959999084472656,-0.0028006260551384,-0.22724005209455642
2007-11-27,25.1200008392334,0.0063898681875254,0.11533362297803523
2007-11-28,26.450000762939453,0.0515918121399296,1.7808249678025703
2007-11-29,26.690000534057617,0.0090327962771849,0.19885270667966268
2007-11-30,27.459999084472656,0.028441383573341,0.9164004939797685
2007-12-03,24.299999237060547,-0.1222540480496089,-4.356774352408651
2007-12-04,24.299999237060547,0.0,-0.10335493462960087
2007-12-05,24.940000534057617,0.0259966427157707,0.799606474421863
2007-12-06,25.489999771118164,0.0218132477431567,0.650147796493797
2007-12-07,24.719999313354492,-0.0306736045961767,-1.1784179797312486
2007-12-10,24.8700008392334,0.0060496867475538,0.10569450397215638
2007-12-11,24.260000228881836,-0.0248333786096819,-0.9717214490108322
2007-12-12,24.239999771118164,-0.0008247611916459,-0.12850528131895939
2007-12-13,25.0,0.0308716731094071,0.9813483334642151
2007-12-14,25.020000457763672,0.0007996984664742,-0.07766817503529147
2007-12-17,23.11000061035156,-0.0794100726376737,-2.8241498003256744
2007-12-18,22.940000534057617,-0.0073833157151484,-0.33805350708348875
2007-12-19,22.36000061035156,-0.0256084593983733,-0.9625399553930105
2007-12-20,23.25,0.0390314564498856,1.2637364834649079
2007-12-21,23.8799991607666,0.0267361213472582,0.8344667228355367
2007-12-24,23.5,-0.0160408322305102,-0.6415441032119394
2007-12-26,23.3799991607666,-0.0051195010015464,-0.2623515128671835
2007-12-27,22.920000076293945,-0.0198710249733218,-0.7709429327019338
2007-12-28,23.399999618530273,0.0207261108862855,0.6384800773059678
2007-12-31,23.479999542236328,0.0034129694024674,0.034965020362336466
2008-01-02,23.420000076293945,-0.002558614036786,-0.17326260218630926
2008-01-03,23.260000228881836,-0.0068552044965459,-0.32283906195196493
2008-01-04,23.219999313354492,-0.0017212102322177,-0.14184918456303108
2008-01-07,24.38999938964844,0.0491592405047159,1.6342382468082994
2008-01-08,25.270000457763672,0.0354447523118442,1.1448937677366118
2008-01-09,25.8700008392334,0.0234660891233384,0.721656687948144
2008-01-10,24.469999313354492,-0.0556361792444742,-2.02360088406358
2008-01-11,24.219999313354492,-0.010269139619278,-0.4444836480227332
2008-01-14,23.850000381469727,-0.0153944764457065,-0.620582543043545
2008-01-15,22.5,-0.0582689241185134,-2.0840967199396
2008-01-16,22.100000381469727,-0.0179376834255939,-0.6869415334249677
2008-01-17,21.979999542236328,-0.0054446976356781,-0.253624208191075
2008-01-18,20.780000686645508,-0.0561419094344456,-1.9846354247444336
2008-01-22,20.549999237060547,-0.0111301148984212,-0.4340605385662311
2008-01-23,21.709999084472656,0.0549120379031975,1.821185208760487
2008-01-24,20.260000228881836,-0.0691244316016678,-2.381940839000841
2008-01-25,19.049999237060547,-0.061581448594371,-2.094287528103431
2008-01-28,18.34000015258789,-0.0379825863751248,-1.2946921309762816
2008-01-29,19.09000015258789,0.0400801705824666,1.302647513456978
2008-01-30,19.3700008392334,0.0145608750146208,0.45050359350703223
2008-01-31,19.809999465942383,0.0224613130061111,0.7114642095549711
2008-02-01,19.940000534057617,0.0065409575654546,0.17837060945042713
2008-02-04,19.010000228881836,-0.0477626227765092,-1.6266494569518668
2008-02-05,18.0,-0.0545934106442485,-1.8325584609607726
2008-02-06,18.420000076293945,0.023065277072904,0.7402835838841649
2008-02-07,18.61000061035156,0.0102620684820573,0.3141501531490226
2008-02-08,17.969999313354492,-0.0349954408663163,-1.1848682202534921
2008-02-11,17.780000686645508,-0.0106293938800696,-0.37344272623504116
2008-02-12,17.700000762939453,-0.0045095860210337,-0.16899918407466769
2008-02-13,17.81999969482422,0.0067567222334918,0.20693353520980023
2008-02-14,17.75,-0.0039358889957735,-0.1508993645217169
2008-02-15,17.760000228881836,0.0005632345300899,0.00022414672240659856
2008-02-19,17.399999618530273,-0.020478566154579,-0.7056708425469288
2008-02-20,16.389999389648438,-0.0597988287804635,-2.0050836845892674
2008-02-21,16.31999969482422,-0.0042800246800077,-0.1473819664176834
2008-02-22,17.170000076293945,0.0507723485163644,1.6822680916508828
2008-02-25,17.530000686645508,0.0207500587500516,0.6776451720789813
2008-02-26,17.649999618530273,0.0068220236634095,0.21154680191997033
2008-02-27,17.1200008392334,-0.0304883420320525,-1.033166223819269
2008-02-28,16.889999389648438,-0.013525725051389,-0.46351140079585856
2008-02-29,17.1299991607666,0.0141095686611535,0.46269901055672435
2008-03-03,16.559999465942383,-0.0338411466367447,-1.1434000285838428
2008-03-04,16.309999465942383,-0.0152117328185176,-0.5157317514783076
2008-03-05,16.700000762939453,0.0236303812189661,0.7888157625685203
2008-03-06,16.5,-0.0120483842011706,-0.4123187696676443
2008-03-07,16.3700008392334,-0.0079099382569442,-0.2718674225445035
2008-03-10,14.989999771118164,-0.0880671458040528,-2.9151224210855324
2008-03-11,15.029999732971191,0.0026648891529573,0.09833815481918554
2008-03-12,15.09000015258789,0.0039840968931173,0.14191532517700486
2008-03-13,14.59000015258789,-0.0336959098985294,-1.1096647242054445
2008-03-14,14.56999969482422,-0.0013717737314591,-0.03142568944383813
2008-03-17,14.0600004196167,-0.0356306830343899,-1.1702517783825965
2008-03-18,13.260000228881836,-0.0585819142084439,-1.9155195561159486
2008-03-19,13.300000190734863,0.0030120475498852,0.12854818858612685
2008-03-20,13.0600004196167,-0.0182098935904749,-0.575677097142192
2008-03-24,13.220000267028809,0.0121766986441908,0.4356053497936682
2008-03-25,12.789999961853027,-0.0330672420142019,-1.0694501910283893
2008-03-26,13.789999961853027,0.0752800764307434,2.5033147243811236
2008-03-27,14.970000267028809,0.0821045272302,2.6767260483877924
2008-03-28,14.65999984741211,-0.020925530219078,-0.6680793199766767
2008-03-31,14.399999618530272,-0.0178945059590531,-0.5677873376321899
2008-04-01,14.390000343322754,-0.0006946353332989,-0.007450445300792346
2008-04-02,15.0600004196167,0.0455087054770393,1.4902337268237469
2008-04-03,14.65999984741211,-0.0269195641846873,-0.864632992403539
2008-04-04,15.720000267028809,0.0698111179375712,2.255436903941241
2008-04-07,16.489999771118164,0.047820318703843,1.5341179947415153
2008-04-08,16.68000030517578,0.0114562925350418,0.36308542829733276
2008-04-09,17.610000610351562,0.0542565419409768,1.7276390187968584
2008-04-10,17.719999313354492,0.0062269492597002,0.18559951096152857
2008-04-11,18.520000457763672,0.0441573475081062,1.3965913835883565
2008-04-14,18.38999938964844,-0.007044248508383,-0.24630052775851782
2008-04-15,18.1200008392334,-0.0147906584967697,-0.4941255320628323
2008-04-16,17.8700008392334,-0.0138929707955488,-0.4639939792261077
2008-04-17,17.360000610351562,-0.0289546317438886,-0.9461923002524568
2008-04-18,18.510000228881836,0.0641423945600096,2.0360575769547697
2008-04-21,18.0,-0.0279393810545485,-0.9123404782313885
2008-04-22,17.290000915527344,-0.0402434052497036,-1.29947888948456
2008-04-23,18.13999938964844,0.0479910583938053,1.515321199781011
2008-04-24,18.049999237060547,-0.0049737685294912,-0.17562761255403017
2008-04-25,18.15999984741211,0.006075722259955,0.17755539218273975
2008-04-28,19.809999465942383,0.0869654689807375,2.722205317631081
2008-04-29,19.059999465942383,-0.0385949635452243,-1.2424641025428145
2008-04-30,18.309999465942383,-0.0401445406873624,-1.2843512649336506
2008-05-01,18.670000076293945,0.019470632121196,0.5947902081800999
2008-05-02,20.170000076293945,0.0772783941085889,2.3875593981593624
2008-05-05,19.86000061035156,-0.0154886663989328,-0.5130948380013691
2008-05-06,19.93000030517578,0.0035184601873524,0.08222141061182446
2008-05-07,19.09000015258789,-0.0430615038063497,-1.3720068230708435
2008-05-08,18.75,-0.017970893314316,-0.5841884799115185
2008-05-09,19.100000381469727,0.0184946026084011,0.5585488865331034
2008-05-12,19.540000915527344,0.022775338443824,0.6910147045827151
2008-05-13,19.81999969482422,0.0142278200358315,0.4211763835198775
2008-05-14,18.0,-0.0963197556083117,-2.994471062123146
2008-05-15,18.15999984741211,0.0088496068745656,0.25442441016727363
2008-05-16,17.229999542236328,-0.0525693407987201,-1.638039502044945
2008-05-19,16.739999771118164,-0.0288509725834311,-0.900776461035701
2008-05-20,16.0,-0.0452123291487979,-1.3925000838229074
2008-05-21,15.949999809265137,-0.0031299049672263,-0.09874890567250337
2008-05-22,15.979999542236328,0.0018790944195363,0.052108571481958826
2008-05-23,16.0,0.00125081054769,0.032384014691608856
2008-05-27,16.170000076293945,0.0105689560674745,0.31734642575739924
2008-05-28,17.25,0.0646544651701129,1.959059673916894
2008-05-29,16.979999542236328,-0.0157759895531592,-0.49572150035819235
2008-05-30,16.299999237060547,-0.0408710929175954,-1.2558662183789626
2008-06-02,15.779999732971191,-0.0324217625108637,-0.9915377904658215
2008-06-03,15.75,-0.0019029332241082,-0.06372165646125418
2008-06-04,16.18000030517578,0.02693556522,0.806936472948399
2008-06-05,16.25,0.0043169782841043,0.11576390829932542
2008-06-06,15.84000015258789,-0.0255545127563928,-0.7921700850645494
2008-06-09,16.18000030517578,0.0212375344722884,0.628905735556609
2008-06-10,15.93000030517578,-0.0155717874123857,-0.4851356947190818
2008-06-11,15.68000030517578,-0.0158181086942537,-0.4927622539266554
2008-06-12,15.170000076293944,-0.0330662359952971,-1.0114167432297119
2008-06-13,15.210000038146973,0.0026333103895152,0.07141745781288256
2008-06-16,15.9399995803833,0.0468785382580863,1.4022504155976743
2008-06-17,16.520000457763672,0.0357401487651899,1.0580456504255924
2008-06-18,17.280000686645508,0.0449780073098415,1.326814182902284
2008-06-19,17.799999237060547,0.0296486113239328,0.8629780284287574
2008-06-20,16.399999618530273,-0.0819171028664682,-2.4500239851497225
2008-06-23,16.200000762939453,-0.012270022236438,-0.38295933082053213
2008-06-24,16.709999084472656,0.0309959984847468,0.8992641145892715
2008-06-25,17.020000457763672,0.0183818622227484,0.5220195560504908
2008-06-26,16.459999084472656,-0.0334560104132837,-1.007726055004348
2008-06-27,16.3700008392334,-0.0054826969779862,-0.18066034604664938
2008-06-30,15.729999542236328,-0.0398807546807188,-1.1900213843062513
2008-07-01,16.31999969482422,0.0368216428675924,1.0714755735642094
2008-07-02,16.149999618530273,-0.0104713047882156,-0.3213032095813678
2008-07-03,16.309999465942383,0.0098583578404906,0.2810366399483955
2008-07-07,16.450000762939453,0.0085471397019383,0.24192634153366768
2008-07-08,16.93000030517578,0.028761690580106,0.8330297786022327
2008-07-09,16.299999237060547,-0.0379221531641697,-1.1253069409405763
2008-07-10,16.079999923706055,-0.0135888020004422,-0.4092969416357251
2008-07-11,16.31999969482422,0.0148150718302923,0.4253372795579812
2008-07-14,15.949999809265137,-0.0229325135639094,-0.6827571742987818
2008-07-15,16.0,0.0031299049672263,0.0771081218892478
2008-07-16,16.770000457763672,0.0470028808919173,1.3616341681115456
2008-07-17,16.549999237060547,-0.0132055474076884,-0.40789723033636655
2008-07-18,15.770000457763672,-0.0482766257215638,-1.4278312443267533
2008-07-21,15.029999732971191,-0.0480612440039511,-1.4102113748108274
2008-07-22,15.420000076293944,0.0256171870844149,0.7351843238891808
2008-07-23,15.40999984741211,-0.0006487336527606,-0.032702729721926733
2008-07-24,14.770000457763672,-0.0424185118940604,-1.240604063517751
2008-07-25,14.56999969482422,-0.0136335282744652,-0.39759294456029504
2008-07-28,13.789999961853027,-0.0550209102226912,-1.5965236971771575
2008-07-29,13.06999969482422,-0.0536241847521351,-1.5433970210943464
2008-07-30,13.0,-0.0053701468252605,-0.14667549595530405
2008-07-31,13.949999809265137,0.0705301371330877,2.0262031282783295
2008-08-01,13.859999656677246,-0.006472525603629,-0.18151330511380995
2008-08-04,14.0600004196167,0.0143269472362384,0.41096006330956913
2008-08-05,14.329999923706056,0.0190213202887751,0.5435298109089887
2008-08-06,14.729999542236328,0.027530962881566,0.7861142146745813
2008-08-07,14.359999656677246,-0.0254396596857668,-0.7276372933298518
2008-08-08,14.550000190734863,0.0131444670146186,0.37888956444222827
2008-08-11,14.890000343322754,0.0230988630267609,0.6627400043225691
2008-08-12,14.90999984741211,0.0013422487895297,0.0409807243482417
2008-08-13,15.220000267028809,0.0205782514354219,0.593590908296617
2008-08-14,15.029999732971191,-0.0125621839796442,-0.36351658741786036
2008-08-15,15.220000267028809,0.0125621839796443,0.38578182852056586
2008-08-18,14.699999809265137,-0.0347628891686096,-1.0128920461163513
2008-08-19,14.130000114440918,-0.0395472760139487,-1.1467454021371275
2008-08-20,13.619999885559082,-0.0367609124766315,-1.0587202128115367
2008-08-21,13.550000190734863,-0.0051527309168659,-0.1254510765902176
2008-08-22,13.59000015258789,0.0029476779889224,0.1135154818824912
2008-08-25,13.670000076293944,0.0058694169259748,0.1992352087289359
2008-08-26,13.720000267028809,0.0036509854434992,0.13251678163480954
2008-08-27,13.989999771118164,0.0194881305565209,0.6021278504527374
2008-08-28,14.260000228881836,0.0191156587197682,0.598133623582519
2008-08-29,14.34000015258789,0.0055944147754225,0.1940778307352701
2008-09-02,14.770000457763672,0.0295452817238971,0.8978662595170542
2008-09-03,14.510000228881836,-0.0177600448659171,-0.5020116479627359
2008-09-04,14.510000228881836,0.0,0.021644579742054398
2008-09-05,14.350000381469728,-0.0110881138812859,-0.3036694967913845
2008-09-08,15.079999923706056,0.0496193887316439,1.4913800251947231
2008-09-09,14.899999618530272,-0.0120081701711117,-0.3357429722464583
2008-09-10,15.800000190734863,0.0586487647553298,1.7689785832861713
2008-09-11,16.030000686645508,0.0144520573517413,0.4612501046907661
2008-09-12,16.0,-0.0018732872167079,-0.023970886659610405
2008-09-15,15.600000381469728,-0.0253177835311025,-0.7224041996619692
2008-09-16,15.989999771118164,0.024692573823123,0.7846093988123936
2008-09-17,15.729999542236328,-0.0163938245629298,-0.4503745207148997
2008-09-18,15.90999984741211,0.0113781447901328,0.38436300713235516
2008-09-19,15.93000030517578,0.0012563103202517,0.07596063889747971
2008-09-22,14.920000076293944,-0.0655015431901064,-1.9195484960836453
2008-09-23,15.25,0.0218769031642706,0.6985607852425489
2008-09-24,14.960000038146973,-0.0191995279571581,-0.5308962282630806
2008-09-25,14.729999542236328,-0.0154937756986875,-0.4200799530752882
2008-09-26,14.59000015258789,-0.009549826404492,-0.24082343567942918
2008-09-29,13.859999656677246,-0.0513294040020874,-1.478369579817063
2008-09-30,13.920000076293944,0.004319691396165,0.17913434894093022
2008-10-01,13.31999969482422,-0.0440600181860122,-1.2574889626273227
2008-10-02,13.229999542236328,-0.006779698674713,-0.13903436803706426
2008-10-03,12.800000190734863,-0.0330417576997024,-0.9184546323610375
2008-10-06,11.649999618530272,-0.094139038559206,-2.6985004850138816
2008-10-07,11.239999771118164,-0.0358273231651344,-0.9733181849500623
2008-10-08,10.279999732971191,-0.0892785900509384,-2.5155624470878366
2008-10-09,8.949999809265137,-0.1385467230758477,-3.825978492602677
2008-10-10,8.020000457763672,-0.1097150320194198,-2.941757019794945
2008-10-13,8.739999771118164,0.0859716845234046,2.4966530720226636
2008-10-14,9.68000030517578,0.1021517693353181,2.884120389015727
2008-10-15,9.350000381469728,-0.0346855487154127,-0.8367820828552907
2008-10-16,9.869999885559082,0.0541234577510696,1.5642892748747053
2008-10-17,9.850000381469728,-0.0020283479386778,0.03980901284711096
2008-10-20,10.140000343322754,0.0290165381094085,0.8753137876114313
2008-10-21,8.670000076293945,-0.1566192324290828,-4.012633517480475
2008-10-22,8.010000228881836,-0.0791780099374346,-1.9535791724966296
2008-10-23,7.289999961853027,-0.0941872488669928,-2.3119008791067888
2008-10-24,6.519999980926514,-0.1116291677746056,-2.711851442868345
2008-10-27,5.849999904632568,-0.1084327280715402,-2.5848762559841703
2008-10-28,5.5,-0.0616935527032146,-1.3931060503074137
2008-10-29,5.5,0.0,0.15258457514791038
2008-10-30,5.409999847412109,-0.0164990275848211,-0.26309493700490466
2008-10-31,5.599999904632568,0.0345175160576009,1.0170997390297074
2008-11-03,6.5,0.1490355961903866,3.7818217224036954
2008-11-04,6.849999904632568,0.0524464614502896,1.4074964204274005
2008-11-05,6.079999923706055,-0.1192439549221516,-2.7494957982217225
2008-11-06,5.650000095367432,-0.0733491213921883,-1.6267816105642796
2008-11-07,4.829999923706055,-0.1568091101689075,-3.5252379797977063
2008-11-10,4.710000038146973,-0.0251585357411619,-0.44000627258424385
2008-11-11,4.599999904632568,-0.0236316333644725,-0.4025362199058826
2008-11-12,4.010000228881836,-0.137264984366758,-2.994469146069999
2008-11-13,4.579999923706055,0.132907683071786,3.142005578417412
2008-11-14,4.289999961853027,-0.0654122574201695,-1.3184716545889548
2008-11-17,4.409999847412109,0.027587930810468,0.7710382552848923
2008-11-18,3.990000009536743,-0.100083421566392,-2.0736313089552345
2008-11-19,3.740000009536743,-0.0647056193155613,-1.272610359059416
2008-11-20,3.2100000381469727,-0.1528146649506553,-3.1603591696907554
2008-11-21,3.569999933242798,0.1062946280663346,2.4606811446899592
2008-11-24,3.859999895095825,0.0781015792074407,1.8329304758381872
2008-11-25,4.059999942779541,0.0505158032204403,1.234298169257453
2008-11-26,4.900000095367432,0.1880522650593898,4.037228086640539
2008-11-28,4.889999866485596,-0.0020429483961007,0.09727996386107632
2008-12-01,4.019999980926514,-0.1959103782969397,-3.794092132550084
2008-12-02,4.300000190734863,0.0673331691701793,1.5046542326181929
2008-12-03,5.21999979019165,0.1938822946449153,3.9280907080243255
2008-12-04,6.070000171661377,0.150861271650323,3.019195695604626
2008-12-05,6.510000228881836,0.069980858027278,1.4495385225632735
2008-12-08,7.059999942779541,0.0811055520212924,1.646664634310897
2008-12-09,7.71999979019165,0.0893692934591673,1.787058888623137
2008-12-10,8.050000190734863,0.0418577782648064,0.8777884164508611
2008-12-11,8.279999732971191,0.0281708210230681,0.615293404377213
2008-12-12,7.809999942779541,-0.0584379796222803,-1.0198193592781202
2008-12-15,6.96999979019165,-0.1137897618542275,-2.0428054579240618
2008-12-16,8.109999656677246,0.1514826311232551,2.886567656064379
2008-12-17,8.239999771118164,0.0159024903503993,0.37019493082907984
2008-12-18,8.0,-0.0295587744646221,-0.47238429505110474
2008-12-19,8.039999961853027,0.0049875367663907,0.1707951651277798
2008-12-22,7.510000228881836,-0.0681935821932415,-1.1780971212937172
2008-12-23,7.170000076293945,-0.0463298310007386,-0.7700508743108097
2008-12-24,7.010000228881836,-0.0225679315549872,-0.3290481150375404
2008-12-26,7.170000076293945,0.0225679315549871,0.502598599645715
2008-12-29,6.78000020980835,-0.0559285323547584,-0.9420596742940708
2008-12-30,7.699999809265137,0.1272431711913883,2.4033787270039864
2008-12-31,7.71999979019165,0.0025940327705606,0.12773166840414082
2009-01-02,7.840000152587891,0.0154245169656204,0.3602186283146993
2009-01-05,7.579999923706055,-0.0337256642359414,-0.5340625291130204
2009-01-06,8.680000305175781,0.1355083742416424,2.5184649883820915
2009-01-07,8.699999809265137,0.0023014399062319,0.11796487726162433
2009-01-08,9.43000030517578,0.0805731252706002,1.520935510065667
2009-01-09,8.949999809265137,-0.0522426180319846,-0.8678780760041096
2009-01-12,8.390000343322754,-0.0646129495760206,-1.0839708808485204
2009-01-13,9.579999923706056,0.1326370226193066,2.416556443134307
2009-01-14,8.75,-0.0906238836493687,-1.5363747592485464
2009-01-15,9.199999809265137,0.0501497629534209,0.9468015961651249
2009-01-16,8.619999885559082,-0.0651183919235509,-1.0815600307040834
2009-01-20,7.949999809265137,-0.0809131667249595,-1.3553506134295907
2009-01-21,8.479999542236328,0.0645384911478117,1.1929009469353666
2009-01-22,7.78000020980835,-0.0861540306642911,-1.435922901437857
2009-01-23,7.78000020980835,0.0,0.0666134148270268
2009-01-26,8.130000114440918,0.0440045724781387,0.8316271358924214
2009-01-27,8.010000228881836,-0.0148701479813139,-0.2034238250007576
2009-01-28,8.5600004196167,0.0664094495195131,1.219984319867474
2009-01-29,8.229999542236328,-0.0393142801066604,-0.6292767591129559
2009-01-30,7.940000057220459,-0.0358726766019803,-0.5647957441552888
2009-02-02,7.929999828338623,-0.001260268465979,0.04201911171023592
2009-02-03,7.760000228881836,-0.0216706503094634,-0.31763911710798615
2009-02-04,8.279999732971191,0.0648605724571028,1.1898544862839469
2009-02-05,8.40999984741211,0.0155785196939193,0.32737577471708734
2009-02-06,8.569999694824219,0.0188462411586807,0.3839466511340906
2009-02-09,8.630000114440918,0.0069768213562496,0.17325684760799093
2009-02-10,8.130000114440918,-0.0596835807200684,-0.9895178918098971
2009-02-11,8.550000190734863,0.0503703676207468,0.9298325070191578
2009-02-12,8.960000038146973,0.0468389259874739,0.8641553419411347
2009-02-13,8.949999809265137,-0.0011167202687078,0.02790254596382001
2009-02-17,8.859999656677246,-0.0101067851083635,-0.1280884095909424
2009-02-18,8.0,-0.1021051841874064,-1.7164223068391447
2009-02-19,7.159999847412109,-0.1109315820184398,-1.856584582567862
2009-02-20,7.860000133514404,0.0932766637662843,1.6497174838273139
2009-02-23,6.630000114440918,-0.1701818019688358,-2.8135979785542653
2009-02-24,7.230000019073486,0.0866342173499318,1.5177246500072117
2009-02-25,6.739999771118164,-0.0701791478432908,-1.1144938384879004
2009-02-26,6.829999923706055,0.0132647714467963,0.28409183171451236
2009-02-27,6.119999885559082,-0.1097625845875438,-1.7652158709579457
2009-03-02,5.409999847412109,-0.1233130131711341,-1.9672910517433144
2009-03-03,5.590000152587891,0.0327302498099849,0.6135079712500761
2009-03-04,6.619999885559082,0.16911603819818,2.814903958977884
2009-03-05,5.110000133514404,-0.2588959223180927,-4.009535139808777
2009-03-06,3.359999895095825,-0.4192584875900444,-6.022645596825267
2009-03-09,2.859999895095825,-0.1611193546016526,-2.2264965265709917
2009-03-10,3.200000047683716,0.1123292365548628,1.7051593359188941
2009-03-11,2.6700000762939453,-0.1810723237201728,-2.476901334249127
2009-03-12,3.5399999618530273,0.2820482153830329,3.96149416261869
2009-03-13,3.140000104904175,-0.1199038830405677,-1.5593557404966054
2009-03-16,3.1500000953674316,0.003179649783782,0.12683660391648488
2009-03-17,3.009999990463257,-0.0454624075204851,-0.5389510805950132
2009-03-18,3.2799999713897705,0.0859033380809902,1.2499904901180103
2009-03-19,3.0,-0.0892311250053116,-1.1360192006721999
2009-03-20,2.990000009536743,-0.0033388980759684,0.0342428770310316
2009-03-23,3.4000000953674316,0.1285020690792185,1.8137495962853434
2009-03-24,3.059999942779541,-0.105360562406567,-1.3458587461739433
2009-03-25,3.3299999237060547,0.0845573838164647,1.2170476549604656
2009-03-26,4.050000190734863,0.1957446471322172,2.679556430449258
2009-03-27,4.389999866485596,0.080612268460301,1.135980127946529
2009-03-30,4.300000190734863,-0.0207141296173148,-0.2117407813662443
2009-03-31,4.099999904632568,-0.0476281166065479,-0.5669100677845191
2009-04-01,4.239999771118164,0.0335762648123872,0.5133987241020036
2009-04-02,4.46999979019165,0.0528251464261856,0.7644053668543082
2009-04-03,4.5,0.0066890350877887,0.15510534382824412
2009-04-06,4.010000228881836,-0.1152860983800333,-1.4550864782271336
2009-04-07,3.549999952316284,-0.1218437083409491,-1.5280414183892903
2009-04-08,4.349999904632568,0.2032282331217533,2.7195842255076212
2009-04-09,4.320000171661377,-0.0069203811845969,-0.017188104805286673
2009-04-13,4.940000057220459,0.1341099007904719,1.8049947848642047
2009-04-14,4.5,-0.0932879460066458,-1.1330458229578695
2009-04-15,4.260000228881836,-0.0548081827668659,-0.6333713422440076
2009-04-16,5.059999942779541,0.1720972579815748,2.2628092249817535
2009-04-17,5.119999885559082,0.0117879447086914,0.21253866237848357
2009-04-20,4.630000114440918,-0.100597523884271,-1.2134670920240163
2009-04-21,5.300000190734863,0.1351499637303823,1.7754315038375525
2009-04-22,5.110000133514404,-0.0365074262021094,-0.4016601782250107
2009-04-23,4.860000133514404,-0.0501609649591744,-0.5700230756452671
2009-04-24,5.389999866485596,0.1035068947656422,1.3687364416869794
2009-04-27,5.25,-0.0263172835466116,-0.27033251820017057
2009-04-28,5.360000133514404,0.0207359233885817,0.328400425920653
2009-04-29,5.800000190734863,0.0788939504455802,1.0572568970954892
2009-04-30,5.75,-0.0086580956284353,-0.05138003105167016
2009-05-01,5.710000038146973,-0.0069808244606094,-0.028841209954004146
2009-05-04,6.0,0.0495404388794053,0.6884698667458118
2009-05-05,6.050000190734863,0.0082988343411183,0.16486616724827866
2009-05-06,5.960000038146973,-0.014987816091416,-0.1291675615176171
2009-05-07,5.699999809265137,-0.0446043460995099,-0.5042104885965627
2009-05-08,6.909999847412109,0.1925034743191472,2.458314671704443
2009-05-11,7.010000228881836,0.014368117999865,0.22956732594679116
2009-05-12,7.159999847412109,0.0211722259641368,0.3147977177915427
2009-05-13,6.679999828338623,-0.0693919978106529,-0.8133532443046406
2009-05-14,6.769999980926514,0.0133831222560866,0.21632072145922718
2009-05-15,6.75,-0.0029585792223912,0.012139114274624756
2009-05-18,7.269999980926514,0.0742137840374013,0.9717735057736723
2009-05-19,7.320000171661377,0.0068540625023879,0.12689826765294954
2009-05-20,7.599999904632568,0.0375378833197112,0.5069327665769063
2009-05-21,7.099999904632568,-0.0680534641287019,-0.8107067626028309
2009-05-22,6.650000095367432,-0.0654779016065071,-0.7742393706857829
2009-05-26,7.170000076293945,0.0752887962435166,0.9781109833383718
2009-05-27,7.0,-0.0239955161969332,-0.25765327492211126
2009-05-28,7.059999942779541,0.0085348943449564,0.15076534874777775
2009-05-29,7.230000019073486,0.0237939954085066,0.3391856719537873
2009-06-01,7.829999923706055,0.0797234614501362,1.0293808823016466
2009-06-02,7.150000095367432,-0.0908501302148942,-1.0903047329379927
2009-06-03,7.199999809265137,0.0069686294870375,0.12523588961813448
2009-06-04,7.170000076293945,-0.0041753342788095,-0.01175876271326198
2009-06-05,7.369999885559082,0.0275120254210585,0.38099507696813206
2009-06-08,7.079999923706055,-0.0401437937436577,-0.4591693596265318
2009-06-09,6.989999771118164,-0.0127933734281115,-0.11761638800884214
2009-06-10,6.590000152587891,-0.0589271518326604,-0.6882672603721336
2009-06-11,6.710000038146973,0.0180455849998077,0.26589316657188256
2009-06-12,6.659999847412109,-0.0074794950274803,-0.052324257761462156
2009-06-15,6.590000152587891,-0.0105660899723274,-0.09000941473039964
2009-06-16,6.650000095367432,0.0090634973398544,0.15577048953446662
2009-06-17,6.840000152587891,0.0281708849339001,0.3936987569478469
2009-06-18,6.960000038146973,0.0173917258845851,0.26121510084394356
2009-06-19,6.710000038146973,-0.0365805231585319,-0.4068603794323307
2009-06-22,6.519999980926514,-0.0287245836555029,-0.31229624358826324
2009-06-23,6.409999847412109,-0.0170151258852649,-0.16615838114704756
2009-06-24,6.699999809265137,0.0442482508011146,0.5962916074578134
2009-06-25,6.639999866485596,-0.0089955545482786,-0.06552781989469332
2009-06-26,6.989999771118164,0.0513685801207845,0.6817865895091931
2009-06-29,7.360000133514404,0.0515794273797928,0.6809610293925498
2009-06-30,7.699999809265137,0.0451603532075475,0.5967516080404857
2009-07-01,7.71999979019165,0.0025940327705606,0.06922072748380578
2009-07-02,7.119999885559082,-0.0809066275087154,-0.9642303782772796
2009-07-06,6.789999961853027,-0.0474567733982276,-0.5457765097690136
2009-07-07,6.78000020980835,-0.0014738030550059,0.02536004457350704
2009-07-08,6.420000076293945,-0.0545590033118262,-0.6290483855172716
2009-07-09,6.28000020980835,-0.0220481156965822,-0.22660463266892697
2009-07-10,6.079999923706055,-0.0323653304593502,-0.3536151218131819
2009-07-13,6.239999771118164,0.0259754622718249,0.36949011623912054
2009-07-14,6.190000057220459,-0.0080450497610335,-0.05320182547135317
2009-07-15,6.690000057220459,0.0776787867527492,1.0044494276145386
2009-07-16,6.829999923706055,0.020710779719012,0.3006936401874506
2009-07-17,6.909999847412109,0.0116449532851123,0.18716779629172042
2009-07-20,7.210000038146973,0.0424993408903056,0.5648647467944121
2009-07-21,6.840000152587891,-0.0526812026450699,-0.6137335638390232
2009-07-22,6.690000057220459,-0.02217387124936,-0.23360487697726756
2009-07-23,7.159999847412109,0.0678960769681261,0.8772939696711298
2009-07-24,7.429999828338623,0.037015875964452,0.49149301421693375
2009-07-27,7.349999904632568,-0.0108255353762637,-0.10030034925064944
2009-07-28,7.320000171661377,-0.0040899488253568,-0.019515927337367487
2009-07-29,7.159999847412109,-0.0221003917628315,-0.24415564086169297
2009-07-30,7.059999942779541,-0.0140649162611262,-0.14419544493163666
2009-07-31,6.699999809265137,-0.0523375454712398,-0.6127236904889631
2009-08-03,6.510000228881836,-0.0287680065500525,-0.3193843102615421
2009-08-04,6.690000057220459,0.0272743913142926,0.37449628257039813
2009-08-05,7.210000038146973,0.07485507389443,0.9597230623253599
2009-08-06,7.130000114440918,-0.0111577061108759,-0.1024360295227997
2009-08-07,7.230000019073486,0.0139277883319523,0.20604923998711847
2009-08-10,7.380000114440918,0.0205346153105039,0.2874185760294192
2009-08-11,7.340000152587891,-0.0054347907043154,-0.03252247698844283
2009-08-12,7.909999847412109,0.0747888990740927,0.9549864193604174
2009-08-13,8.890000343322754,0.1167993256557371,1.463182577800347
2009-08-14,8.850000381469727,-0.0045095860210337,-0.02962402134861871
2009-08-17,8.300000190734863,-0.0641619643411051,-0.7589528929044591
2009-08-18,8.399999618530273,0.0119761226535482,0.17451755807328573
2009-08-19,8.979999542236328,0.0667681709019927,0.8420333797127357
2009-08-20,9.600000381469728,0.0667633068720225,0.836066168628763
2009-08-21,9.739999771118164,0.014477955945062,0.19367091977894896
2009-08-24,9.470000267028809,-0.0281121587599552,-0.32719861199540784
2009-08-25,9.470000267028809,0.0,0.017865110917548263
2009-08-26,9.5,0.0031628632111688,0.05668005642435488
2009-08-27,9.369999885559082,-0.0137787145697095,-0.14949513518342902
2009-08-28,9.289999961853027,-0.0085745353172788,-0.08432444056013019
2009-08-31,9.210000038146973,-0.0086486943103833,-0.08454096116041768
2009-09-01,9.279999732971191,0.0075716636143291,0.11553598367407643
2009-09-02,9.270000457763672,-0.0010780890644957,0.008588750053266906
2009-09-03,9.460000038146973,0.0202889581372795,0.2697631549696063
2009-09-04,9.539999961853027,0.0084210943653243,0.1231997770253594
2009-09-08,9.5,-0.0042016828550656,-0.02907757812288375
2009-09-09,9.880000114440918,0.03922072473637,0.5013805543398676
2009-09-10,10.8100004196167,0.0899591471257069,1.1209902209608364
2009-09-11,11.25,0.039896458181857,0.5059682267149732
2009-09-14,11.09000015258789,-0.0143243135291011,-0.15765424881623707
2009-09-15,11.039999961853027,-0.0045187777277204,-0.0385543030044046
2009-09-16,11.100000381469728,0.0054201052913223,0.08417011515196855
2009-09-17,11.229999542236328,0.0116435853028501,0.15907402346000774
2009-09-18,10.68000030517578,-0.0502158658812202,-0.5955964943542819
2009-09-21,10.800000190734863,0.0111732896842495,0.15571356957774368
2009-09-22,10.989999771118164,0.0174395957983477,0.22867637221588896
2009-09-23,10.859999656677246,-0.0118994646968814,-0.12938358512391332
2009-09-24,10.579999923706056,-0.0261208636732702,-0.30339158760360363
2009-09-25,10.279999732971191,-0.0287651851675516,-0.33511043180845257
2009-09-28,10.800000190734863,0.0493459177393557,0.6190562619568953
2009-09-29,11.170000076293944,0.0336854681205546,0.4232676012050097
2009-09-30,11.229999542236328,0.0053571080764159,0.07608659984774833
2009-10-01,10.369999885559082,-0.0796717167821125,-0.9628556768295923
2009-10-02,10.270000457763672,-0.0096899426923027,-0.10628401240994745
2009-10-05,10.260000228881836,-0.0009742064625704,-0.0011808042828857824
2009-10-06,10.489999771118164,0.0221695385383609,0.27716425431630554
2009-10-07,10.4399995803833,-0.0047778583278339,-0.05505714106097626
2009-10-08,10.449999809265137,0.0009574178973584,0.010980685975223685
2009-10-09,10.800000190734863,0.0329441916321295,0.39842254680802797
2009-10-12,10.859999656677246,0.0055401311014662,0.0538690333418379
2009-10-13,11.010000228881836,0.0137176886308537,0.15934381891315344
2009-10-14,11.130000114440918,0.010840204046527,0.12844139021446924
2009-10-15,10.9399995803833,-0.0172184169320101,-0.22284615502597227
2009-10-16,10.729999542236328,-0.0193822446570783,-0.2464198648801125
2009-10-19,10.59000015258789,-0.0131333399585756,-0.16774927387631436
2009-10-20,9.84000015258789,-0.0734544474509306,-0.915331474807261
2009-10-21,9.779999732971191,-0.0061162698278949,-0.0829410873600255
2009-10-22,10.470000267028809,0.0681745936434629,0.8446002611000101
2009-10-23,9.460000038146973,-0.1014416632903929,-1.2890703121777807
2009-10-26,8.979999542236328,-0.0520725557580395,-0.6731163400320463
2009-10-27,10.65999984741211,0.1714985730854403,2.1228665959260713
2009-10-28,10.970000267028809,0.0286658942052339,0.32579379727987384
2009-10-29,10.3100004196167,-0.0620499599000327,-0.8100047838686426
2009-10-30,11.100000381469728,0.0738308039560912,0.8894574940388057
2009-11-02,11.859999656677246,0.0662262219366935,0.7918402313815863
2009-11-03,11.899999618530272,0.0033670034395804,0.012191391524477405
2009-11-04,11.770000457763672,-0.0109844078966085,-0.16564532748347982
2009-11-05,12.039999961853027,0.0226804765477265,0.25303794294408544
2009-11-06,12.0600004196167,0.0016597893808048,-0.017126723562676444
2009-11-09,12.010000228881836,-0.0041545709436295,-0.09945035784156211
2009-11-10,11.8100004196167,-0.0167929894096001,-0.2616891447541511
2009-11-11,11.880000114440918,0.0059096578276758,0.02746212577604531
2009-11-12,11.760000228881836,-0.0101523616343509,-0.18588092819905064
2009-11-13,11.760000228881836,0.0,-0.04849823860507514
2009-11-16,12.079999923706056,0.0268472242577231,0.2951261238731419
2009-11-17,11.90999984741211,-0.0141728156354819,-0.2351330294223543
2009-11-18,11.850000381469728,-0.0050504707827852,-0.1220638686679791
2009-11-19,11.989999771118164,0.0117450501773507,0.09292825258274577
2009-11-20,12.350000381469728,0.029583144012194,0.3188721388769478
2009-11-23,12.5600004196167,0.0168611004868022,0.15670671888498824
2009-11-24,12.8100004196167,0.0197089542165806,0.19771892420872716
2009-11-25,12.300000190734863,-0.0406268707803344,-0.5955374493920078
2009-11-27,12.31999969482422,0.0016246554493407,-0.02722672109066774
2009-11-30,12.260000228881836,-0.0048819841575553,-0.11416958075905115
2009-12-01,12.06999969482422,-0.0156189393514429,-0.27132509341345873
2009-12-02,11.989999771118164,-0.0066500598755851,-0.1457608073345303
2009-12-03,11.850000381469728,-0.0117450501773507,-0.2067016453739644
2009-12-04,12.09000015258789,0.0200507774750235,0.2406227377061506
2009-12-07,12.369999885559082,0.0228954999052063,0.2831975818139769
2009-12-08,12.149999618530272,-0.0179450387630359,-0.28036199101454107
2009-12-09,11.90999984741211,-0.0199507678344086,-0.3031314217617237
2009-12-10,11.56999969482422,-0.0289628557263501,-0.42537323427958834
2009-12-11,11.970000267028809,0.0339880270489397,0.4550183728364859
2009-12-14,12.539999961853027,0.0465199902846985,0.6248991127748842
2009-12-15,12.9399995803833,0.0313997244821279,0.4071816335391653
2009-12-16,12.779999732971191,-0.0124418285897636,-0.20218389655543823
2009-12-17,12.979999542236328,0.015528247953981,0.19478383754548972
2009-12-18,13.369999885559082,0.029603706545225,0.3912442300575498
2009-12-21,13.75,0.0280254415582586,0.3674481750621933
2009-12-22,13.949999809265137,0.0144406704820441,0.17036581968076248
2009-12-23,14.09000015258789,0.009985842145481,0.10395279395804505
2009-12-24,14.279999732971191,0.0133946014718362,0.15046160356622879
2009-12-28,14.329999923706056,0.003495298304067,0.010640818690773806
2009-12-29,14.399999618530272,0.0048729435749925,0.026855115751889883
2009-12-30,14.260000228881836,-0.0097697490542319,-0.17522429894963146
2009-12-31,14.279999732971191,0.0014015071751724,-0.014906441466978351
2010-01-04,15.029999732971191,0.0511882477865534,0.6966119544647674
2010-01-05,15.0,-0.0019979848962851,-0.0674885639635213
2010-01-06,14.670000076293944,-0.0222456037466417,-0.35132469256410453
2010-01-07,14.800000190734863,0.0088225963019918,0.09695942322746742
2010-01-08,14.0600004196167,-0.0512932774303262,-0.7646808160838197
2010-01-11,14.5,0.0308147331992949,0.4182886815190161
2010-01-12,14.350000381469728,-0.0103986806376427,-0.18165767284868242
2010-01-13,14.460000038146973,0.0076362505798358,0.08766223512834323
2010-01-14,14.84000015258789,0.0259400286527153,0.3494070523177895
2010-01-15,14.510000228881836,-0.0224881653512652,-0.3563015725662851
2010-01-19,14.649999618530272,0.0096022267540149,0.11016183678498655
2010-01-20,14.050000190734863,-0.041817900068997,-0.6490148102969618
2010-01-21,14.399999618530272,0.0246057707358115,0.33185009150838046
2010-01-22,13.800000190734863,-0.0425595741064755,-0.6627845990335607
2010-01-25,13.90999984741211,0.0079393889811713,0.08328173085958787
2010-01-26,13.859999656677246,-0.0036010259747018,-0.08459024813014264
2010-01-27,14.25,0.0277499377236641,0.37665451978523984
2010-01-28,13.65999984741211,-0.0422850637424322,-0.6535190708792333
2010-01-29,13.630000114440918,-0.0021985888675338,-0.062237431848919285
2010-02-01,14.039999961853027,0.0296371417759507,0.4057299621173803
2010-02-02,14.010000228881836,-0.0021390191946954,-0.06517426894211038
2010-02-03,14.0,-0.0007140470706901,-0.04529849038181008
2010-02-04,13.279999732971191,-0.052798205674562,-0.8108353438963565
2010-02-05,13.0600004196167,-0.0167049679624964,-0.27363012420405697
2010-02-08,13.170000076293944,0.0083873655699996,0.09910729096618505
2010-02-09,13.479999542236328,0.023265549977231,0.31875041095080725
2010-02-10,14.760000228881836,0.0907137631537947,1.3077387072331672
2010-02-11,15.06999969482422,0.0207851577086286,0.2746114423224913
2010-02-12,15.140000343322754,0.0046342782979841,0.03785044476054329
2010-02-16,15.279999732971191,0.0092044955768286,0.10500799661950064
2010-02-17,15.039999961853027,-0.0158314502773409,-0.26585893519060166
2010-02-18,14.869999885559082,-0.0113675632093562,-0.20598194303397765
2010-02-19,14.859999656677246,-0.000672736590176,-0.05348956840504716
2010-02-22,15.0,0.0093771849164164,0.10244261133546291
2010-02-23,14.979999542236328,-0.0013342535714596,-0.06964758355862338
2010-02-24,15.0,0.0013342535714597,-0.023885893916496044
2010-02-25,14.920000076293944,-0.0053476012130601,-0.1303316408074088
2010-02-26,14.699999809265137,-0.0148551190796202,-0.2743565691734799
2010-03-01,15.15999984741211,0.0308128893395315,0.4195457466170398
2010-03-02,15.279999732971191,0.0078843961136057,0.058481157319099905
2010-03-03,15.220000267028809,-0.0039343962845275,-0.12292295940372722
2010-03-04,15.140000343322754,-0.0052700992923009,-0.13470899591296281
2010-03-05,15.34000015258789,0.013123535200331,0.14294927920524617
2010-03-08,15.619999885559082,0.0180883311988071,0.21750064524395948
2010-03-09,15.890000343322754,0.0171378650698626,0.1909618591825836
2010-03-10,16.34000015258789,0.0279260966153217,0.39945342723405985
2010-03-11,16.469999313354492,0.0079244037287066,0.01344437661793264
2010-03-12,15.649999618530272,-0.051069609887768,-1.149678797606281
2010-03-15,15.760000228881836,0.0070042063415924,0.012317208539466943
2010-03-16,15.039999961853027,-0.0467617829673661,-1.0804350137744754
2010-03-17,15.1899995803833,0.0099239729978194,0.0715661798226352
2010-03-18,15.050000190734863,-0.0092592851148477,-0.31450200863170924
2010-03-19,15.0600004196167,0.0006642463664443,-0.118825887333919
2010-03-22,15.220000267028809,0.0105681197433976,0.08512321092935529
2010-03-23,15.399999618530272,0.0117571146706821,0.12089109509585261
2010-03-24,15.390000343322754,-0.0006495144898629,-0.14973099641308038
2010-03-25,14.920000076293944,-0.0310153702698088,-0.7874295783067359
2010-03-26,14.8100004196167,-0.0073999432761074,-0.27637032089205643
2010-03-29,15.09000015258789,0.0187296262785698,0.3063173478727155
2010-03-30,15.300000190734863,0.0138205579731082,0.19466293680170796
2010-03-31,15.09000015258789,-0.0138205579731082,-0.42187518591071366
2010-04-01,15.010000228881836,-0.0053156219976186,-0.22967655940721196
2010-04-05,15.649999618530272,0.0417542317171057,0.8183898104417844
2010-04-06,15.539999961853027,-0.0070535501263583,-0.26632947529845136
2010-04-07,15.5600004196167,0.001286203233158,-0.09241726085352461
2010-04-08,15.220000267028809,-0.02209317573976,-0.6391782502309371
2010-04-09,15.140000343322754,-0.0052700992923009,-0.24459045513816546
2010-04-12,15.25,0.0072392323675823,0.05347744651244792
2010-04-13,15.010000228881836,-0.0158628421594268,-0.4946012412454409
2010-04-14,14.960000038146973,-0.0033366857977312,-0.19997756582557
2010-04-15,15.170000076293944,0.013939823293443,0.22055910764923484
2010-04-16,15.149999618530272,-0.0013192916138475,-0.14561374941339353
2010-04-19,15.100000381469728,-0.0033057376920837,-0.19508086527904814
2010-04-20,15.779999732971191,0.044048529411976,1.018883514430721
2010-04-21,15.470000267028809,-0.0198406166497021,-0.6408259227941098
2010-04-22,15.4399995803833,-0.0019411644266658,-0.1687405016074078
2010-04-23,14.880000114440918,-0.0369434803235147,-1.105322594222051
2010-04-26,14.739999771118164,-0.0094531658626172,-0.36415073674743553
2010-04-27,14.40999984741211,-0.0226424718108475,-0.7219837909961451
2010-04-28,13.979999542236328,-0.0302946953609217,-0.9226177517863532
2010-04-29,14.220000267028809,0.0170217390920106,0.3672168219385416
2010-04-30,13.8100004196167,-0.0292564453473024,-0.891610896832039
2010-05-03,14.40999984741211,0.0425294016162135,1.0561884972941658
2010-05-04,13.920000076293944,-0.0345957390352424,-1.032176667597344
2010-05-05,14.029999732971191,0.007871214694507,0.12334835155191833
2010-05-06,13.210000038146973,-0.060223753659699,-1.715241810301358
2010-05-07,13.989999771118164,0.0573686508950325,1.4547773133920792
2010-05-10,14.68000030517578,0.0481432716579091,1.2857463200278467
2010-05-11,14.90999984741211,0.0155460745678071,0.35738379651027546
2010-05-12,15.710000038146973,0.0522653361530092,1.3947054849830922
2010-05-13,15.34000015258789,-0.0238336488095572,-0.7756439070657174
2010-05-14,15.140000343322754,-0.013123535200331,-0.46634030311887525
2010-05-17,15.270000457763672,0.0085498785226768,0.15177069971311544
2010-05-18,15.100000381469728,-0.011195380124741,-0.4060825978501068
2010-05-19,14.949999809265137,-0.0099834820052635,-0.3691536992976826
2010-05-20,13.84000015258789,-0.0771483258638504,-2.271275370988549
2010-05-21,13.760000228881836,-0.0057971120756082,-0.24249544878506893
2010-05-24,13.8100004196167,0.0036271486671375,0.02110046902200067
2010-05-25,13.850000381469728,0.0028922623700983,0.008186249649451388
2010-05-26,13.65999984741211,-0.0138134172040603,-0.48239538890242184
2010-05-27,14.3100004196167,0.046486779919451,1.275631472564402
2010-05-28,14.56999969482422,0.0180059763699454,0.44476677962731614
2010-06-01,14.479999542236328,-0.0061962439175672,-0.2548312315775638
2010-06-02,15.010000228881836,0.0359483055499372,0.9871061476628998
2010-06-03,15.079999923706056,0.004652696626536,0.05141239263128366
2010-06-04,14.350000381469728,-0.0496193887316438,-1.5588784169239835
2010-06-07,13.789999961853027,-0.0398062797499534,-1.2562250016104721
2010-06-08,13.619999885559082,-0.0124043967199831,-0.4468265588328992
2010-06-09,13.9399995803833,0.0232230829117996,0.6099566994194947
2010-06-10,14.4399995803833,0.0352397291746025,0.961389451334539
2010-06-11,14.989999771118164,0.0373811924401863,1.0214469765092142
2010-06-14,15.100000381469728,0.0073114722382361,0.12140480400040514
2010-06-15,15.289999961853027,0.0125042483622999,0.2738787877481448
2010-06-16,15.359999656677246,0.0045676879217099,0.037228923265231244
2010-06-17,15.399999618530272,0.0026007792810376,-0.01854354547271423
2010-06-18,15.390000343322754,-0.0006495144898629,-0.1136875809593764
2010-06-21,15.289999961853027,-0.0065189527128846,-0.29371017155866397
2010-06-22,15.43000030517578,0.0091146687070756,0.17124841605536448
2010-06-23,15.369999885559082,-0.0038961360483783,-0.22161013837998755
2010-06-24,15.199999809265137,-0.0111221348008869,-0.43352459611192323
2010-06-25,15.479999542236328,0.0182534232863997,0.4492007041100479
2010-06-28,15.859999656677246,0.0242513559693335,0.6354944779803812
2010-06-29,15.4399995803833,-0.0268386771402351,-0.9035512876588436
2010-06-30,15.050000190734863,-0.0255835135510848,-0.8585072732968551
2010-07-01,15.119999885559082,0.0046403593142455,0.059969906816145654
2010-07-02,15.279999732971191,0.0105264030801237,0.23083416955649258
2010-07-06,15.119999885559082,-0.0105264030801237,-0.4238793157617008
2010-07-07,15.220000267028809,0.0065920067955962,0.10465197616636976
2010-07-08,15.279999732971191,0.0039343962845274,0.015361465801171332
2010-07-09,15.3100004196167,0.0019614708149393,-0.04908904775996936
2010-07-12,14.699999809265137,-0.0406587562680765,-1.3748517132759368
2010-07-13,15.34000015258789,0.0426163250766397,1.2132114931442943
2010-07-14,15.199999809265137,-0.009168390582285,-0.39561067816614226
2010-07-15,15.390000343322754,0.0124225548550745,0.2862480434809187
2010-07-16,14.56999969482422,-0.0547533708973349,-1.8028290954944486
2010-07-19,14.81999969482422,0.0170130000141589,0.4364096472978825
2010-07-20,14.68000030517578,-0.0094915553008723,-0.38528706479687247
2010-07-21,14.399999618530272,-0.0192578638839089,-0.6985825183681248
2010-07-22,14.989999771118164,0.0401551167545365,1.160533579181124
2010-07-23,14.720000267028809,-0.0181761654042637,-0.6655724618719784
2010-07-26,15.039999961853027,0.0215061845440518,0.5928776693618913
2010-07-27,15.170000076293944,0.0086064824043796,0.18167961956263026
2010-07-28,14.670000076293944,-0.0335152010341373,-1.1470072158468356
2010-07-29,14.899999618530272,0.0155565899938498,0.40031994369135787
2010-07-30,14.789999961853027,-0.0074099132059505,-0.3275181811486147
2010-08-02,15.270000457763672,0.0319388750650477,0.9118148821020353
2010-08-03,15.06999969482422,-0.0131841568206608,-0.5260434521732953
2010-08-04,15.06999969482422,0.0,-0.10276495628310287
2010-08-05,14.949999809265137,-0.0079947053093438,-0.3508185404286769
2010-08-06,15.010000228881836,0.0040053738154832,0.033888474824584736
2010-08-09,15.329999923706056,0.0210950270129548,0.5835580016992048
2010-08-10,15.0600004196167,-0.017769437672207,-0.6635336817006517
2010-08-11,14.90999984741211,-0.0100101316920244,-0.41293479490619056
2010-08-12,14.539999961853027,-0.0251286490609323,-0.8952945816722546
2010-08-13,14.890000343322754,0.0237864002714025,0.7262369355807705
2010-08-16,14.960000038146973,0.0046901053430748,0.08709380685065059
2010-08-17,15.329999923706056,0.0244317128106862,0.7413799893097383
2010-08-18,15.0600004196167,-0.017769437672207,-0.6764982369946309
2010-08-19,14.649999618530272,-0.0276019408105549,-1.0025333179672467
2010-08-20,14.84000015258789,0.0128859385972504,0.38221801771978553
2010-08-23,14.529999732971191,-0.0211107888170027,-0.776912227034286
2010-08-24,14.09000015258789,-0.0307501224643288,-1.1060690692151594
2010-08-25,14.350000381469728,0.0182846320487804,0.5688160730256657
2010-08-26,14.100000381469728,-0.0175751443501732,-0.6539750086744345
2010-08-27,13.6899995803833,-0.029509215789685,-1.0577678159751265
2010-08-30,13.289999961853027,-0.0296537387942252,-1.0577199976011278
2010-08-31,13.220000267028809,-0.0052810152324115,-0.2286054957162123
2010-09-01,13.539999961853027,0.023917410044384,0.7623515574891655
2010-09-02,13.979999542236328,0.031979439394706,1.0298709814127622
2010-09-03,14.1899995803833,0.014909757539173,0.4515283492076878
2010-09-07,14.050000190734863,-0.0099150522454644,-0.38866679353017936
2010-09-08,13.75,-0.0215835852426095,-0.7814694496302447
2010-09-09,13.760000228881836,0.0007270250264715,-0.019982046081638897
2010-09-10,13.789999961853027,0.0021778398998806,0.04198389227232627
2010-09-13,14.100000381469728,0.0222311353997803,0.7411347258039725
2010-09-14,14.010000228881836,-0.006403447752764,-0.25477045160353945
2010-09-15,14.020000457763672,0.000713537571256,-0.008157612882062744
2010-09-16,13.9399995803833,-0.0057225390264556,-0.23029506888687337
2010-09-17,14.260000228881836,0.0226960558060202,0.7551672288888746
2010-09-20,14.779999732971191,0.0358164664163844,1.2030391020427205
2010-09-21,14.550000190734863,-0.015683890726727,-0.5874211918328155
2010-09-22,14.289999961853027,-0.018031017454138,-0.6641032087470502
2010-09-23,13.890000343322754,-0.0283908077887757,-1.0208240484340576
2010-09-24,13.960000038146973,0.0050269185833046,0.13673529869773215
2010-09-27,13.779999732971191,-0.0129778538593029,-0.49322009744175527
2010-09-28,14.010000228881836,0.016553130478434,0.5441110688582778
2010-09-29,14.270000457763672,0.0183880868815394,0.6117165238365476
2010-09-30,14.140000343322754,-0.0091517788188104,-0.35348666466208584
2010-10-01,14.770000457763672,0.0435904427874112,1.4989852087291529
2010-10-04,14.449999809265137,-0.0219037261772924,-0.8255586589792544
2010-10-05,15.06999969482422,0.0420115910290578,1.4311519854671935
2010-10-06,15.31999969482422,0.0164531520045004,0.5287482759214165
2010-10-07,15.479999542236328,0.0103896941979291,0.3121417858870345
2010-10-08,15.829999923706056,0.0223580304830572,0.7316011097254393
2010-10-11,16.059999465942383,0.0144248061913748,0.45487361243452074
2010-10-12,16.170000076293945,0.0068260030425396,0.18570500901668452
2010-10-13,16.309999465942383,0.0086207055814836,0.25000903859875967
2010-10-14,15.989999771118164,-0.0198148713569376,-0.7517742588662966
2010-10-15,15.890000343322754,-0.0062735103769625,-0.2745070889247079
2010-10-18,15.899999618530272,0.0006290830795395,-0.03301108010860322
2010-10-19,15.710000038146973,-0.0120216305386521,-0.4815127025906554
2010-10-20,16.170000076293945,0.0288602236115291,0.9649184693145262
2010-10-21,15.989999771118164,-0.0111941657754539,-0.47157993542896925
2010-10-22,15.920000076293944,-0.0043873273232315,-0.21952535740045434
2010-10-25,15.899999618530272,-0.0012570999741913,-0.12388824548529956
2010-10-26,16.0,0.0062696370054024,0.149757267077081
2010-10-27,15.989999771118164,-0.0006252097079795,-0.09190614479983088
2010-10-28,15.850000381469728,-0.0087939881410217,-0.42272057208808467
2010-10-29,15.949999809265137,0.0062892928817749,0.19050383407839094
2010-11-01,15.68000030517578,-0.017072782887552,-0.784326287870452
2010-11-02,16.0,0.0202026878547783,0.8200902212065847
2010-11-03,16.0,0.0,-0.050669505514538984
2010-11-04,16.049999237060547,0.003120079801074,0.08152997453633483
2010-11-05,14.4399995803833,-0.1057066976355037,-4.417424325289459
2010-11-08,14.300000190734863,-0.0097425538013876,-0.43227669399550495
2010-11-09,13.960000038146973,-0.0240634505371462,-1.0211308210292422
2010-11-10,14.65999984741211,0.0489265859832367,1.97684221282984
2010-11-11,14.0600004196167,-0.0417887698228205,-1.7356689736390365
2010-11-12,13.720000267028809,-0.0244792744667536,-1.0239748371980002
2010-11-15,13.600000381469728,-0.0087848209692296,-0.3819431327106819
2010-11-16,12.81999969482422,-0.0590633931033899,-2.396883848835537
2010-11-17,12.770000457763672,-0.0039077217966105,-0.1692385506514011
2010-11-18,12.800000190734863,0.0023464799354824,0.08253334276128682
2010-11-19,12.779999732971191,-0.001563757771617,-0.07352409835859774
2010-11-22,12.789999961853027,0.0007821845530733,0.02610355922922625
2010-11-23,12.75,-0.0031323410037537,-0.12964239981821296
2010-11-24,13.039999961853027,0.0224902819686904,0.9102426325822939
2010-11-26,13.600000381469728,0.042048267218125,1.690543679586812
2010-11-29,13.550000190734863,-0.003683259389167,-0.16482211561700522
2010-11-30,13.56999969482422,0.0014748899556902,0.04351522167369519
2010-12-01,13.9399995803833,0.0269009238729752,1.0672064618900559
2010-12-02,13.729999542236328,-0.0151791887912683,-0.6366463388306819
2010-12-03,14.3100004196167,0.0413754364521978,1.6376362226995267
2010-12-06,14.100000381469728,-0.0147837984529656,-0.620796849641529
2010-12-07,14.420000076293944,0.0224413127089324,0.8805075196807934
2010-12-08,14.4399995803833,0.0013859672577063,0.028292871168388384
2010-12-09,14.479999542236328,0.002766250938705,0.08049256957095448
2010-12-10,14.75,0.0184747274417723,0.7093221992386426
2010-12-13,14.149999618530272,-0.0415284856555738,-1.7052314633343468
2010-12-14,14.59000015258789,0.0306217758628279,1.2181042561150748
2010-12-15,14.960000038146973,0.0250436021031796,0.9939380813903721
2010-12-16,15.260000228881836,0.0198550657588579,0.7774570839548067
2010-12-17,15.0600004196167,-0.0131927906203787,-0.5595674951395525
2010-12-20,15.25,0.0125372528186789,0.4889357760741418
2010-12-21,15.460000038146973,0.0136765425733178,0.5386532783663904
2010-12-22,15.520000457763672,0.0038734986234156,0.1407603958339248
2010-12-23,15.539999961853027,0.001287798234587,0.03669142538322378
2010-12-27,15.550000190734863,0.0006433084064095,0.012462369132296905
2010-12-28,15.5,-0.0032206269659497,-0.1442206989741252
2010-12-29,15.510000228881836,0.0006449680202957,0.014304263887373953
2010-12-30,15.5,-0.0006449680202957,-0.03986162096447385
2010-12-31,15.5,0.0,-0.013288697031343177
2011-01-03,16.06999969482422,0.0361141368338167,1.4707617285073435
2011-01-04,15.760000228881836,-0.0194790618063256,-0.8061779372300434
2011-01-05,16.06999969482422,0.0194790618063257,0.783684646696555
2011-01-06,16.1200008392334,0.0031066283810884,0.11347785112581038
2011-01-07,15.880000114440918,-0.0150003261145095,-0.6400946752648228
2011-01-10,15.81999969482422,-0.0037855199765934,-0.17131908841362933
2011-01-11,16.1299991607666,0.0194058970587639,0.7848439845301153
2011-01-12,16.469999313354492,0.0208596623911004,0.8418586311843105
2011-01-13,17.25,0.0462716409785011,1.8808873308561207
2011-01-14,17.3700008392334,0.0069324850907501,0.25651277882094764
2011-01-18,17.5,0.0074562523613494,0.2785008594428398
2011-01-19,17.0,-0.0289875368732522,-1.2309334237460035
2011-01-20,16.989999771118164,-0.0005884218439374,-0.05161403622298065
2011-01-21,16.989999771118164,0.0,-0.03443979370717298
2011-01-24,17.079999923706055,0.0052832616812863,0.1865111113766996
2011-01-25,16.860000610351562,-0.0129641951186961,-0.5732188188357611
2011-01-26,17.059999465942383,0.0117925219839967,0.4630938513933498
2011-01-27,17.020000457763672,-0.002347360718005,-0.13547719017199172
2011-01-28,16.610000610351562,-0.0243841896696275,-1.056597597238017
2011-01-31,17.030000686645508,0.0249715746231227,1.0170379263129299
2011-02-01,17.3700008392334,0.0197680935737629,0.7937725723268797
2011-02-02,17.360000610351562,-0.0005758841774152,-0.05998936030690889
2011-02-03,17.31999969482422,-0.0023068588762635,-0.14248464999675475
2011-02-04,17.229999542236328,-0.0052098615424299,-0.267758373512291
2011-02-07,17.479999542236328,0.0144053200675258,0.5633998669781793
2011-02-08,17.709999084472656,0.0130720560597027,0.5091956606176461
2011-02-09,17.56999969482422,-0.0079365152693725,-0.37744797606654784
2011-02-10,17.610000610351562,0.0022740723376213,0.07255449336539241
2011-02-11,18.0,0.0219048007286772,0.9281032768811328
2011-02-14,17.850000381469727,-0.0083682282996638,-0.39300593639915826
2011-02-15,17.639999389648438,-0.0118345136182849,-0.5455539743369869
2011-02-16,18.010000228881836,0.0207581559182458,0.8742299059846718
2011-02-17,18.40999984741211,0.0219668150602088,0.9215781578749856
2011-02-18,18.049999237060547,-0.0197483444458955,-0.8927355663498333
2011-02-22,18.0,-0.0027738846146105,-0.15265794868747998
2011-02-23,17.719999313354492,-0.015677851468977,-0.7113919528929582
2011-02-24,18.0,0.015677851468977,0.6497155753875258
2011-02-25,18.1299991607666,0.0071962205808311,0.27709970853805416
2011-02-28,17.770000457763672,-0.0200563105499594,-0.9023470902853091
2011-03-01,17.489999771118164,-0.0158823919829657,-0.7155775027995185
2011-03-02,17.649999618530273,0.0091064858222193,0.37120229194042353
2011-03-03,18.11000061035156,0.0257285438314922,1.0877084967134876
2011-03-04,18.09000015258789,-0.0011049977556479,-0.07653561665181624
2011-03-07,17.760000228881836,-0.0184105573906194,-0.8228988976521413
2011-03-08,18.010000228881836,0.0139784214449472,0.5865649286622067
2011-03-09,18.1299991607666,0.0066408065805339,0.27172240677270176
2011-03-10,17.65999984741211,-0.0262657919414928,-1.1551305919324424
2011-03-11,17.770000457763672,0.0062094813915334,0.2507818032020498
2011-03-14,17.709999084472656,-0.0033822678277977,-0.16903498270207942
2011-03-15,17.59000015258789,-0.0067988326750765,-0.3289765467341539
2011-03-16,17.40999984741211,-0.0102858224084463,-0.4799570436318982
2011-03-17,17.829999923706055,0.0238376825803684,1.025113242736526
2011-03-18,18.280000686645508,0.0249251759925836,1.066542602998894
2011-03-21,18.920000076293945,0.0344119640675139,1.475314295692827
2011-03-22,19.010000228881836,0.0047456008842316,0.17200900464781754
2011-03-23,19.200000762939453,0.0099451502297515,0.3987809906667809
2011-03-24,19.5,0.0155041467995362,0.6371409758045513
2011-03-25,19.8700008392334,0.0187966332302286,0.7770888248815034
2011-03-28,19.979999542236328,0.0055206515093826,0.19445467735041985
2011-03-29,20.510000228881836,0.0261808329345006,1.1019586113303392
2011-03-30,21.09000015258789,0.0278864184819525,1.1676179328293277
2011-03-31,20.6200008392334,-0.0225374824369818,-1.0441517802025593
2011-04-01,20.729999542236328,0.0053203850767202,0.185657424908227
2011-04-04,20.75,0.0009643423112031,-0.008081863585669417
2011-04-05,20.510000228881836,-0.0116336634328942,-0.5618470688270603
2011-04-06,20.690000534057617,0.0087379343259927,0.33251006559834273
2011-04-07,20.520000457763672,-0.0082504749590663,-0.41810989498708095
2011-04-08,20.450000762939453,-0.0034171228143768,-0.20256326898008178
2011-04-11,20.579999923706055,0.0063368069023519,0.22503503005417808
2011-04-12,20.770000457763672,0.0091899332289626,0.34905738898124056
2011-04-13,20.739999771118164,-0.0014454681620646,-0.11895656298890432
2011-04-14,20.68000030517578,-0.0028971273683351,-0.18294993484156058
2011-04-15,20.920000076293945,0.0115385784463826,0.45346559824343813
2011-04-18,21.149999618530273,0.0109342446122327,0.435499002979497
2011-04-19,20.989999771118164,-0.0075937645276791,-0.39295783627469255
2011-04-20,21.010000228881836,0.0009524028226424,-0.012049259255022723
2011-04-21,21.309999465942383,0.0141778952983073,0.5721400327828671
2011-04-25,21.520000457763672,0.0098063355159656,0.37265806410713104
2011-04-26,21.520000457763672,0.0,-0.07158375153523325
2011-04-27,21.459999084472656,-0.0027920620246163,-0.2028951877663929
2011-04-28,21.270000457763672,-0.0088930438068033,-0.47401850956543645
2011-04-29,21.489999771118164,0.0102900492700886,0.3870510389422041
2011-05-02,21.520000457763672,0.001395056561331,-0.008970097580842943
2011-05-03,21.09000015258789,-0.0201837548393638,-1.000356929987205
2011-05-04,20.649999618530273,-0.0210837007918344,-1.0342761403401202
2011-05-05,20.18000030517578,-0.0230232708857837,-1.1451690467121862
2011-05-06,20.559999465942383,0.0186553845632512,0.8036940666850148
2011-05-09,20.579999923706055,0.0009723120873157,-0.017449760333069445
2011-05-10,20.649999618530273,0.0033955742352165,0.09973604377524828
2011-05-11,20.709999084472656,0.0029013302665424,0.08660431953668424
2011-05-12,20.899999618530273,0.0091325095181513,0.38030964498010317
2011-05-13,20.989999771118164,0.0042969822095889,0.14448391911893524
2011-05-16,20.649999618530273,-0.0163308219942826,-0.843053276126629
2011-05-17,20.489999771118164,-0.0077783498535396,-0.43251110589650915
2011-05-18,21.09000015258789,0.0288620506453738,1.319077854100147
2011-05-19,21.469999313354492,0.0178575781832975,0.7949887990591917
2011-05-20,21.290000915527344,-0.0084190580009826,-0.5006587587300421
2011-05-23,20.6200008392334,-0.0319760026192967,-1.6465631107892247
2011-05-24,20.489999771118164,-0.0063245682083921,-0.38636677745208037
2011-05-25,20.709999084472656,0.0106796801200819,0.443070412945052
2011-05-26,20.899999618530273,0.0091325095181513,0.37798737249790876
2011-05-27,21.3700008392334,0.0222389678839979,1.0257077416888964
2011-05-31,21.079999923706055,-0.0136633885487188,-0.749567603368054
2011-06-01,20.399999618530273,-0.03278983790323,-1.6824067188052318
2011-06-02,19.59000015258789,-0.0405156424051542,-2.038706760682311
2011-06-03,18.969999313354492,-0.0321604919949871,-1.6437775791677058
2011-06-06,18.299999237060547,-0.0359577295938388,-1.8348343721952152
2011-06-07,18.420000076293945,0.0065360168123748,0.2643373774214885
2011-06-08,18.59000015258789,0.0091867749723467,0.3991845909412402
2011-06-09,18.700000762939453,0.0058997547180256,0.24322066351163643
2011-06-10,18.61000061035156,-0.0048244612083151,-0.28543014386961724
2011-06-13,18.90999984741211,0.0159917711500759,0.7576547274715976
2011-06-14,19.190000534057617,0.0146984632484016,0.6921269129223454
2011-06-15,18.809999465942383,-0.020000722928883,-1.0414826906211825
2011-06-16,18.709999084472656,-0.005330523567238,-0.30546805386223985
2011-06-17,19.31999969482422,0.0320827216350411,1.5530795524664145
2011-06-20,19.600000381469727,0.0143887727106885,0.6672040401027642
2011-06-21,20.469999313354492,0.0434307804299934,2.0883397359121627
2011-06-22,20.489999771118164,0.0009765849511857,-0.008113895183409025
2011-06-23,19.770000457763672,-0.0357712907434065,-1.8067681701207767
2011-06-24,20.600000381469727,0.0411254339764979,1.9504876787777812
2011-06-27,21.09000015258789,0.0235079074122826,1.0915554991095435
2011-06-28,21.559999465942383,0.0220407195442688,1.0122265052436823
2011-06-29,21.86000061035156,0.013818789399289,0.6044950961164905
2011-06-30,22.170000076293945,0.0140815164002111,0.6150956888934366
2011-07-01,22.520000457763672,0.0156637965289383,0.6911765992398685
2011-07-05,22.600000381469727,0.0035460995589583,0.09554161081565883
2011-07-06,22.56999969482422,-0.001328345849289,-0.14161879343504394
2011-07-07,23.040000915527344,0.020610298255977,0.9279240951476593
2011-07-08,22.940000534057617,-0.0043497405822667,-0.2910502288122052
2011-07-11,22.59000015258789,-0.0153747977472755,-0.8408836236075693
2011-07-12,22.420000076293945,-0.007553916187622,-0.44952116367450856
2011-07-13,22.469999313354492,0.0022276345919596,0.03358470389574077
2011-07-14,21.8700008392334,-0.0270651825765126,-1.4080765765462473
2011-07-15,22.209999084472656,0.0154267236225308,0.6905795806440884
2011-07-18,21.59000015258789,-0.0283123450906907,-1.491629624843628
2011-07-19,22.049999237060547,0.0210823156981835,0.9730256262908495
2011-07-20,22.219999313354492,0.0076801860169196,0.29842866557875686
2011-07-21,22.65999984741211,0.0196084955567155,0.9051520203543395
2011-07-22,22.510000228881836,-0.0066415837794132,-0.4201573261632117
2011-07-25,21.18000030517578,-0.0609023105047103,-3.087186555063467
2011-07-26,20.350000381469727,-0.0399764239478925,-2.0237662332178346
2011-07-27,19.65999984741211,-0.0344948236763617,-1.7533549773651933
2011-07-28,19.75,0.0045673843894477,0.16976701034102584
2011-07-29,19.65999984741211,-0.0045673843894476,-0.2804544007436448
2011-08-01,19.290000915527344,-0.0189992325788053,-0.9836106469118262
2011-08-02,18.440000534057617,-0.0450646272885206,-2.243274127198877
2011-08-03,18.510000228881836,0.003788891860356,0.14540321188509295
2011-08-04,17.459999084472656,-0.0583986409749597,-2.840380438851514
2011-08-05,16.899999618530273,-0.0325988986188991,-1.5837226470521304
2011-08-08,15.210000038146973,-0.1053604905776336,-4.814196866650643
2011-08-09,16.459999084472656,0.0789800308483562,3.5087622532859863
2011-08-10,15.649999618530272,-0.0504622470164773,-2.2386543673184454
2011-08-11,16.329999923706055,0.0425330096992629,1.8512228714327974
2011-08-12,17.190000534057617,0.0513239481523191,2.2158591021934666
2011-08-15,17.959999084472656,0.0438191614354605,1.8683692386035737
2011-08-16,17.68000030517578,-0.0157129374275714,-0.7065736349853552
2011-08-17,17.860000610351562,0.0101295351520012,0.41067667111662515
2011-08-18,16.579999923706055,-0.0743664645169879,-3.194745333050706
2011-08-19,16.56999969482422,-0.0006033320844802,-0.044447954630789016
2011-08-22,16.559999465942383,-0.0006036963138467,-0.04801959362363899
2011-08-23,17.209999084472656,0.0385004403187844,1.6102398662037671
2011-08-24,17.010000228881836,-0.0116891371625488,-0.5282892876299077
2011-08-25,16.40999984741211,-0.035910524059963,-1.5544509350346765
2011-08-26,16.56999969482422,0.0097029172175742,0.3819734199951489
2011-08-29,17.1200008392334,0.0326536067131335,1.3510588003749997
2011-08-30,17.34000015258789,0.0127685604179214,0.4989471413198868
2011-08-31,17.479999542236328,0.0080413638873771,0.30042392404636153
2011-09-01,17.479999542236328,0.0,-0.0380346310556654
2011-09-02,16.950000762939453,-0.0307894652019005,-1.3471302864564032
2011-09-06,16.959999084472656,0.000589697544555,-0.006729603825641712
2011-09-07,17.469999313354492,0.0296275084595091,1.225674508895328
2011-09-08,17.350000381469727,-0.0068925564621038,-0.3338335703201177
2011-09-09,17.299999237060547,-0.0028860709764098,-0.16176753163931154
2011-09-12,16.809999465942383,-0.0287325417528952,-1.2556285374840517
2011-09-13,17.010000228881836,0.0118275042132017,0.4716433353478228
2011-09-14,16.81999969482422,-0.0112327834623162,-0.5096724443075642
2011-09-15,17.0,0.0106447076550398,0.4201411726283612
2011-09-16,17.450000762939453,0.0261263483136776,1.0787987631852463
2011-09-19,16.3799991607666,-0.0632786651802219,-2.685466312234796
2011-09-20,16.110000610351562,-0.0166207921142865,-0.717811278033659
2011-09-21,15.81999969482422,-0.018165292026382,-0.7828947050843577
2011-09-22,14.850000381469728,-0.0632750521120977,-2.648913561214464
2011-09-23,15.220000267028809,0.0246104790412339,1.0096990902371326
2011-09-26,15.5600004196167,0.0220931757397599,0.8982711410007101
2011-09-27,16.1200008392334,0.0353572434222067,1.441755542216774
2011-09-28,15.920000076293944,-0.0124846039315359,-0.5354920877368229
2011-09-29,15.75,-0.0107358199369281,-0.4626913148208158
2011-09-30,15.260000228881836,-0.0316053244165215,-1.3191651518950496
2011-10-03,14.289999961853027,-0.0656750515828317,-2.692832833823273
2011-10-04,14.9399995803833,0.0444821623455881,1.8252039499612918
2011-10-05,16.0,0.068546570621904,2.762781804350051
2011-10-06,15.859999656677246,-0.0087885276801636,-0.35903442545560094
2011-10-07,15.390000343322754,-0.0300822244006587,-1.2095168228812516
2011-10-10,15.640000343322754,0.0161137869097888,0.6544392359794787
2011-10-11,15.489999771118164,-0.0096371174160733,-0.3819295814065661
2011-10-12,15.449999809265137,-0.0025856486542183,-0.09566744573286326
2011-10-13,15.039999961853027,-0.0268956750131299,-1.0744055671727357
2011-10-14,15.369999885559082,0.0217042341194455,0.8789941434840893
2011-10-17,14.949999809265137,-0.0277062630262608,-1.102753312872698
2011-10-18,15.539999961853027,0.0387060554062306,1.5492171004715936
2011-10-19,15.65999984741211,0.0076923383341168,0.31340544306909557
2011-10-20,15.56999969482422,-0.0057637145731941,-0.22684170187095956
2011-10-21,16.010000228881836,0.0278675750591389,1.1136512209285652
2011-10-24,16.399999618530273,0.0240677702650005,0.9559144573607808
2011-10-25,15.300000190734863,-0.0694284707050826,-2.7236000955984294
2011-10-26,15.220000267028809,-0.0052424708865812,-0.19846536094814832
2011-10-27,16.209999084472656,0.0630179092902738,2.445538887507968
2011-10-28,16.479999542236328,0.0165192174359901,0.6364865084063529
2011-10-31,16.31999969482422,-0.009756165867939,-0.38527568186986316
2011-11-01,15.140000343322754,-0.075051060150626,-2.8632307579545753
2011-11-02,15.40999984741211,0.017676368744311,0.6814080882217851
2011-11-03,14.850000381469728,-0.0370167484932442,-1.397788668324118
2011-11-04,17.0,0.1352134531193107,5.023084948576856
2011-11-07,16.90999984741211,-0.0053081901692571,-0.22302246777010196
2011-11-08,17.56999969482422,0.0382877309429071,1.3923750979332832
2011-11-09,17.0,-0.03297954077365,-1.2546282774509006
2011-11-10,17.299999237060547,0.0174931133469697,0.6257351534231571
2011-11-11,18.540000915527344,0.0692241521157164,2.525341189734338
2011-11-14,18.18000030517578,-0.019608503983223,-0.7699467602815805
2011-11-15,18.700000762939453,0.028201459123762,0.9983926697209035
2011-11-16,17.799999237060547,-0.0493251502231698,-1.880173013701297
2011-11-17,17.709999084472656,-0.0050690143370329,-0.23600094866108798
2011-11-18,17.399999618530273,-0.017659215802303,-0.7003309805936452
2011-11-21,17.360000610351562,-0.0023014399062319,-0.1303083798394968
2011-11-22,17.530000686645508,0.0097449937121767,0.3144944308591975
2011-11-23,17.270000457763672,-0.0149428194380009,-0.5957310137887922
2011-11-25,17.360000610351562,0.0051978257258243,0.15762090032426038
2011-11-28,18.0,0.036203013505461,1.302913162864047
2011-11-29,18.0,0.0,-0.041642492253903596
2011-11-30,18.579999923706055,0.0317139713832874,1.1348248728713117
2011-12-01,18.200000762939453,-0.0206640932769531,-0.8080499502775377
2011-12-02,18.63999938964844,0.023888140510763,0.8498212932245163
2011-12-05,18.75,0.0058839759031577,0.17696429522162263
2011-12-06,18.940000534057617,0.0100823635388519,0.33545409859373426
2011-12-07,18.61000061035156,-0.0175770125041454,-0.6919733548730305
2011-12-08,17.790000915527344,-0.0450625503103515,-1.6984710378299714
2011-12-09,18.510000228881836,0.0396745858099386,1.430740946223219
2011-12-12,18.36000061035156,-0.0081367205148202,-0.3399758517170571
2011-12-13,18.440000534057617,0.0043478286544641,0.12703888263916788
2011-12-14,17.860000610351562,-0.0319586374677851,-1.2121508386080113
2011-12-15,17.65999984741211,-0.0112614230870689,-0.4397226886832127
2011-12-16,17.520000457763672,-0.0079590748991944,-0.31796192105381876
2011-12-19,17.610000610351562,0.0051238455311788,0.16918373191207273
2011-12-20,18.219999313354492,0.0340528969779625,1.2379555394768458
2011-12-21,18.450000762939453,0.0125445576928172,0.4393516245473591
2011-12-22,18.709999084472656,0.0139936795152154,0.49093734447464865
2011-12-23,18.600000381469727,-0.0058964901252022,-0.24465071914413125
2011-12-27,18.600000381469727,0.0,-0.026790684947063232
2011-12-28,18.579999923706055,-0.0010758719488283,-0.06637609493187055
2011-12-29,18.979999542236328,0.0213000397841169,0.758088875342705
2011-12-30,18.829999923706055,-0.007934430446231,-0.3219653266545921
2012-01-03,19.059999465942383,0.0121405315889057,0.4252071300939339
2012-01-04,19.09000015258789,0.0015727755244922,0.030156671387894973
2012-01-05,19.1200008392334,0.0015703057854785,0.032735524386018476
2012-01-06,18.739999771118164,-0.0200746869194835,-0.7674944101879886
2012-01-09,18.260000228881836,-0.0259473768953063,-0.9826724646672531
2012-01-10,18.15999984741211,-0.0054915229306941,-0.2239114743436106
2012-01-11,18.989999771118164,0.044691148000708,1.6259747453528357
2012-01-12,19.040000915527344,0.0026295646761989,0.07591833379787852
2012-01-13,19.11000061035156,0.0036697127434011,0.12129881096792684
2012-01-17,19.170000076293945,0.0031347708463761,0.10198513884576586
2012-01-18,19.3700008392334,0.010378959707942,0.3707947284678575
2012-01-19,19.809999465942383,0.0224613130061111,0.8131557711371576
2012-01-20,19.899999618530273,0.0045328788096455,0.1453113100746552
2012-01-23,19.34000015258789,-0.0285442146462087,-1.0786449903871953
2012-01-24,19.489999771118164,0.0077260038610122,0.26732516438824316
2012-01-25,19.68000030517578,0.0097014053550896,0.3374001825445957
2012-01-26,19.8700008392334,0.0096081916689231,0.33430170568553286
2012-01-27,19.829999923706055,-0.0020151601156253,-0.09734260559274381
2012-01-30,19.549999237060547,-0.0142206912779664,-0.5526699263937793
2012-01-31,19.459999084472656,-0.0046142176951062,-0.19150092334908517
2012-02-01,19.399999618530273,-0.0030879833053374,-0.1314305029156916
2012-02-02,19.739999771118164,0.0173739760046167,0.6280064129313562
2012-02-03,19.8799991607666,0.0070671366029563,0.24277988531960384
2012-02-06,19.700000762939453,-0.0090954845416343,-0.3584114769027029
2012-02-07,19.579999923706055,-0.006110041265993,-0.2443354795475042
2012-02-08,19.13999938964844,-0.0227282790698287,-0.8571058289640073
2012-02-09,19.8799991607666,0.037933804877456,1.388031803895386
2012-02-10,19.649999618530273,-0.011636840111415,-0.44732520455980185
2012-02-13,20.290000915527344,0.0320508800577668,1.168329266724299
2012-02-14,20.260000228881836,-0.0014796888420539,-0.07335999084734564
2012-02-15,20.020000457763672,-0.0119167133653725,-0.45960375280606863
2012-02-16,20.979999542236328,0.0468377843967082,1.7029313331071085
2012-02-17,20.270000457763672,-0.0344275981018834,-1.2795689839745479
2012-02-21,19.959999084472656,-0.0154117580320038,-0.5814393839560725
2012-02-22,19.709999084472656,-0.0126041503004762,-0.4765526254317318
2012-02-23,20.020000457763672,0.0156057220376554,0.5558902450190032
2012-02-24,20.479999542236328,0.0227169810671725,0.815707575105606
2012-02-27,20.459999084472656,-0.0009770620432676,-0.05352412563064823
2012-02-28,20.299999237060547,-0.0078508673117807,-0.30813913757061434
2012-02-29,19.739999771118164,-0.0279738260540057,-1.0448670014677188
2012-03-01,19.530000686645508,-0.0106952423634238,-0.40743767640151424
2012-03-02,19.350000381469727,-0.0092593408570987,-0.35013918600330973
2012-03-05,19.059999465942383,-0.0151005689837447,-0.5625314030530332
2012-03-06,18.6200008392334,-0.0233555532857124,-0.8646790360247381
2012-03-07,19.170000076293945,0.0291102441168834,1.058210775233917
2012-03-08,19.600000381469727,0.0221830246617979,0.80102952024621
2012-03-09,19.399999618530273,-0.0102565392933182,-0.3898788764777718
2012-03-12,18.88999938964844,-0.0266403972033058,-0.9842216414737042
2012-03-13,19.36000061035156,0.0245764641722655,0.8854759911292116
2012-03-14,19.469999313354492,0.0056656707424067,0.19239183153502815
2012-03-15,20.11000061035156,0.0323424500179488,1.158675503758848
2012-03-16,19.979999542236328,-0.0064854838258972,-0.2533371572630878
2012-03-19,19.600000381469727,-0.0192021646101,-0.711750840843634
2012-03-20,19.5,-0.0051151201295113,-0.1918669817208485
2012-03-21,19.280000686645508,-0.0113461407729086,-0.41777920165349575
2012-03-22,19.079999923706055,-0.0104276627752864,-0.3811528296336653
2012-03-23,18.88999938964844,-0.0100080128189175,-0.36220730214908065
2012-03-26,19.100000381469727,0.0110557058222324,0.4112371855828539
2012-03-27,19.540000915527344,0.022775338443824,0.8374570107478893
2012-03-28,19.399999618530273,-0.0071906470627506,-0.25573402848438953
2012-03-29,19.520000457763672,0.0061665580300596,0.23800338485416986
2012-03-30,19.13999938964844,-0.0196592502999426,-0.7121467235911456
2012-04-02,19.170000076293945,0.0015662069014032,0.06902412958606745
2012-04-03,19.36000061035156,0.0098625523374395,0.372764786970302
2012-04-04,18.600000381469727,-0.0400475121465736,-1.4526295964466296
2012-04-05,17.989999771118164,-0.0333455659885644,-1.1978539900657024
2012-04-09,17.770000457763672,-0.0123043673126795,-0.42853462416552196
2012-04-10,17.290000915527344,-0.0273833152805753,-0.9739529549350752
2012-04-11,17.700000762939453,0.0234363300372453,0.8749305264444902
2012-04-12,18.239999771118164,0.0300522894141325,1.1102927848973776
2012-04-13,17.350000381469727,-0.0500244437182432,-1.7799006554736838
2012-04-16,16.93000030517578,-0.0245053142088117,-0.8545400080021773
2012-04-17,17.030000686645508,0.0058893208235718,0.24173614229968063
2012-04-18,17.5,0.0272243459351125,1.0068335728948659
2012-04-19,17.520000457763672,0.00114223070684,0.06692222768781186
2012-04-20,17.760000228881836,0.013605638815206,0.5134446863873884
2012-04-23,17.610000610351562,-0.0084817932840272,-0.2780182194621098
2012-04-24,17.770000457763672,0.0090447107595488,0.35287248561238194
2012-04-25,18.239999771118164,0.0261053041708026,0.9613880331477249
2012-04-26,18.31999969482422,0.0043763704900783,0.17976050348501915
2012-04-27,18.350000381469727,0.0016362527012026,0.07984108828651669
2012-04-30,17.860000610351562,-0.0270659856665479,-0.9446527460214295
2012-05-01,17.93000030517578,0.0039116950148697,0.16630689440636098
2012-05-02,18.170000076293945,0.0132965819695341,0.49844760526784954
2012-05-03,17.979999542236328,-0.0105118830231057,-0.35785462839614396
2012-05-04,17.75,-0.0128744876624454,-0.4445709553130042
2012-05-07,17.969999313354492,0.0123181466633851,0.4623257181795207
2012-05-08,17.799999237060547,-0.0095052481485382,-0.32114117546189364
2012-05-09,17.309999465942383,-0.0279140761007027,-0.9769087969010457
2012-05-10,18.170000076293945,0.0484875482714072,1.7484823186876717
2012-05-11,17.979999542236328,-0.0105118830231057,-0.35373594659595076
2012-05-14,18.309999465942383,0.0181873259350107,0.6676700528326879
2012-05-15,18.3700008392334,0.0032716153931493,0.13325759963129039
2012-05-16,18.3700008392334,0.0,0.015461474823406133
2012-05-17,18.010000228881836,-0.0197917730155686,-0.6845672512037827
2012-05-18,17.920000076293945,-0.0050097600922028,-0.15345234145520134
2012-05-21,18.510000228881836,0.0323937271464541,1.1748026646880634
2012-05-22,18.56999969482422,0.0032362199800948,0.13052756116409628
2012-05-23,18.549999237060547,-0.0010776110061763,-0.024411596107538413
2012-05-24,18.649999618530273,0.0053763777110517,0.20709834226014207
2012-05-25,18.0,-0.0354743677395187,-1.2436214400494707
2012-05-29,18.510000228881836,0.0279393810545486,1.0156877693352286
2012-05-30,18.510000228881836,0.0,0.01838853620589514
2012-05-31,18.420000076293945,-0.0048741039816444,-0.1596963649456663
2012-06-01,17.75,-0.0370515190476439,-1.3109224158786001
2012-06-04,17.809999465942383,0.0033745513937543,0.1299551569965691
2012-06-05,18.030000686645508,0.012277007983546,0.44353051066705784
2012-06-06,18.6200008392334,0.0321992416218057,1.1532071540199427
2012-06-07,18.950000762939453,0.0175676548685605,0.6269313204626897
2012-06-08,19.40999984741211,0.0239844175305241,0.8531782130445486
2012-06-11,19.799999237060547,0.0198935098485772,0.7025919530350103
2012-06-12,20.010000228881836,0.0105502608658212,0.3693851040375301
2012-06-13,19.8799991607666,-0.0065180010205471,-0.238281857214261
2012-06-14,19.780000686645508,-0.0050427981047711,-0.18779378349233006
2012-06-15,20.049999237060547,0.0135577547920381,0.4756625861777047
2012-06-18,20.239999771118164,0.0094317174101391,0.3319207596994257
2012-06-19,20.68000030517578,0.021506231286404,0.7638207468205945
2012-06-20,20.950000762939453,0.012971618388026,0.46404597415632415
2012-06-21,20.40999984741211,-0.026113713439684,-0.9386461512999537
2012-06-22,21.15999984741211,0.036087630433331,1.2882134950897992
2012-06-25,20.989999771118164,-0.0080664768507366,-0.29401361554044037
2012-06-26,20.850000381469727,-0.0066921563874935,-0.24036787364073955
2012-06-27,21.049999237060547,0.0095465573435147,0.3490308109200609
2012-06-28,20.86000061035156,-0.0090670450521863,-0.32160332160190036
2012-06-29,21.3700008392334,0.0241546297705741,0.8790665404640465
2012-07-02,21.84000015258789,0.0217550492607061,0.7909144523861389
2012-07-03,21.739999771118164,-0.0045892866984093,-0.16034913120592206
2012-07-05,21.600000381469727,-0.0064605388141653,-0.22724094271150808
2012-07-06,21.11000061035156,-0.0229464415776142,-0.8167746015647718
2012-07-09,21.3700008392334,0.0122412178294826,0.4524186576327271
2012-07-10,21.299999237060547,-0.0032810717059978,-0.11017254003268119
2012-07-11,21.06999969482422,-0.0108568235644279,-0.38349520363460876
2012-07-12,20.36000061035156,-0.034277991671901,-1.2211411732946986
2012-07-13,20.68000030517578,0.0155948427369816,0.5706608111794235
2012-07-16,20.700000762939453,0.0009666727310233,0.044985908538541425
2012-07-17,20.979999542236328,0.0134358440207995,0.48993855994779256
2012-07-18,20.850000381469727,-0.0062156146083802,-0.21695538199144787
2012-07-19,20.38999938964844,-0.0223094118882248,-0.7943383747376737
2012-07-20,20.25,-0.0068897610999475,-0.23320518230230253
2012-07-23,19.920000076293945,-0.0164305375660786,-0.5767735869608118
2012-07-24,19.84000015258789,-0.0040241464388208,-0.13749308304816238
2012-07-25,19.8799991607666,0.0020140494658188,0.07726590839901946
2012-07-26,19.780000686645508,-0.0050427981047711,-0.18641162052325838
2012-07-27,20.479999542236328,0.0347774169108687,1.2701068429503566
2012-07-30,19.8700008392334,-0.0302376790196351,-1.10778702942287
2012-07-31,19.559999465942383,-0.0157244614968181,-0.5774724602939737
2012-08-01,19.260000228881836,-0.0154562190493401,-0.5747201641138513
2012-08-02,18.950000762939453,-0.0162264464646798,-0.5997123810230706
2012-08-03,19.530000686645508,0.0301478082579954,1.0990909575552041
2012-08-06,19.540000915527344,0.0005119134215579,-0.0023782006671998423
2012-08-07,19.18000030517578,-0.0185956081022068,-0.7469573160951425
2012-08-08,18.719999313354492,-0.0242756509967742,-0.9642793251199956
2012-08-09,20.100000381469727,0.0711273996739594,2.709531338792029
2012-08-10,20.799999237060547,0.034233115983867,1.2878303288925783
2012-08-13,20.3799991607666,-0.0203989634121762,-0.8208485128484261
2012-08-14,20.0,-0.018821713061323,-0.7531473822455844
2012-08-15,20.040000915527344,0.0019980483476691,0.05877035417750915
2012-08-16,20.11000061035156,0.0034869122335495,0.11813422315227096
2012-08-17,20.59000015258789,0.0235882943152647,0.904467505678983
2012-08-20,20.540000915527344,-0.0024312793771646,-0.13066333327174104
2012-08-21,20.440000534057617,-0.0048804576097433,-0.22742594022623305
2012-08-22,20.34000015258789,-0.00490439334129,-0.22250478219861577
2012-08-23,20.510000228881836,0.0083231851215364,0.3030543717381592
2012-08-24,21.18000030517578,0.0321447713381243,1.2460697725442347
2012-08-27,21.030000686645508,-0.0071073322165683,-0.3223407900759398
2012-08-28,20.8799991607666,-0.0071582995441022,-0.3190219210468344
2012-08-29,21.020000457763672,0.0066826644050676,0.23771599580561095
2012-08-30,20.93000030517578,-0.0042908361876434,-0.2010535022202295
2012-08-31,20.969999313354492,0.0019092611309545,0.047672258622339266
2012-09-04,21.260000228881836,0.01373457151,0.5169274769218515
2012-09-05,20.989999771118164,-0.0127812607514315,-0.5484824832370045
2012-09-06,21.3700008392334,0.0179419856744091,0.6911605119420352
2012-09-07,21.260000228881836,-0.0051607249229775,-0.24060952247560408
2012-09-10,21.63999938964844,0.0177160420938491,0.6779354614172944
2012-09-11,21.36000061035156,-0.0130233831069896,-0.5642145984931825
2012-09-12,21.40999984741211,0.0023380528081415,0.05756304585101994
2012-09-13,22.010000228881836,0.0276388104627166,1.0713162186868455
2012-09-14,22.13999938964844,0.0058889937753059,0.1952104779929085
2012-09-17,22.079999923706055,-0.0027136817591163,-0.1473897707889433
2012-09-18,21.59000015258789,-0.0224419663593106,-0.9624014705156434
2012-09-19,22.020000457763672,0.0197209004888323,0.7555602406176426
2012-09-20,22.100000381469727,0.003626473701706,0.09414405902090726
2012-09-21,22.049999237060547,-0.0022650584923549,-0.1591665995924319
2012-09-24,21.950000762939453,-0.0045453930131842,-0.2494620434703377
2012-09-25,21.8799991607666,-0.0031942350816499,-0.18936237666588684
2012-09-26,21.600000381469727,-0.0128796068468368,-0.5867082913468991
2012-09-27,21.670000076293945,0.0032354867182302,0.08412096050341404
2012-09-28,21.579999923706055,-0.004161862774397,-0.2263609674408246
2012-10-01,21.700000762939453,0.0055453394103254,0.17416422698555276
2012-10-02,22.100000381469727,0.0182653300798671,0.7048115263808917
2012-10-03,21.739999771118164,-0.0164237546198605,-0.7677299342102841
2012-10-04,21.90999984741211,0.0077892754781515,0.28509044482959267
2012-10-05,21.84000015258789,-0.0031999887797422,-0.19484316532333323
2012-10-08,21.579999923706055,-0.0119762015687413,-0.5823418973168468
2012-10-09,21.149999618530273,-0.0201270688386948,-0.931624311468851
2012-10-10,21.459999084472656,0.0145508070846199,0.5790440932033367
2012-10-11,21.190000534057617,-0.0126612970570203,-0.6073606833552228
2012-10-12,21.049999237060547,-0.0066288735992574,-0.3485368252639092
2012-10-15,21.200000762939453,0.007100693781441,0.25531325738714644
2012-10-16,21.190000534057617,-0.0004718201821834,-0.08161925956945192
2012-10-17,20.8799991607666,-0.014737674662226,-0.7027450716181539
2012-10-18,20.989999771118164,0.0052544001069472,0.1807622029641542
2012-10-19,20.989999771118164,0.0,-0.05237098537403952
2012-10-22,21.1200008392334,0.0061743756462757,0.2248384695259843
2012-10-23,21.030000686645508,-0.0042704762091207,-0.23336489782872616
2012-10-24,21.09000015258789,0.0028489793603967,0.07133690763991068
2012-10-25,21.260000228881836,0.0080283819538797,0.30348418725442744
2012-10-26,21.209999084472656,-0.0023546582679466,-0.15740007466181852
2012-10-31,21.209999084472656,0.0,-0.0461090171283963
2012-11-01,21.350000381469727,0.006579032130369,0.25395957519195
2012-11-02,20.540000915527344,-0.0386775084687578,-1.871168559350733
2012-11-05,20.739999771118164,0.0096899426923028,0.39961435741614965
2012-11-06,20.5,-0.0116393056212503,-0.610042914657202
2012-11-07,19.489999771118164,-0.0505233843684455,-2.5953632145454266
2012-11-08,19.1299991607666,-0.018643762193772,-0.9707639807503784
2012-11-09,20.309999465942383,0.0598556097148443,2.975933514445853
2012-11-12,20.6299991607666,0.0156329371059279,0.7496603333794176
2012-11-13,20.299999237060547,-0.0161254379384006,-0.8452263407349163
2012-11-14,20.030000686645508,-0.0133896645059362,-0.7071637648836021
2012-11-15,20.420000076293945,0.0192836325141753,0.9720523646228603
2012-11-16,20.510000228881836,0.0043977667710573,0.20902175034286544
2012-11-19,21.25,0.0354443121266126,1.8137495187118111
2012-11-20,21.84000015258789,0.0273862624929033,1.3812873981545195
2012-11-21,22.11000061035156,0.0122868646112519,0.5903605544256415
2012-11-23,22.149999618530273,0.0018074567944535,0.04377423989451105
2012-11-26,21.93000030517578,-0.0099819029233339,-0.5660138246307675
2012-11-27,21.469999313354492,-0.0211989964366377,-1.1473103975087766
2012-11-28,21.469999313354492,0.0,-0.043852638266054976
2012-11-29,21.88999938964844,0.0193733037430418,0.9719359632503344
2012-11-30,21.950000762939453,0.0027372906271364,0.10191218961392338
2012-12-03,22.09000015258789,0.0063578500603394,0.2978981213140923
2012-12-04,21.979999542236328,-0.0049920961904784,-0.30226895707134677
2012-12-05,21.90999984741211,-0.0031897815060308,-0.2023020291256302
2012-12-06,21.770000457763672,-0.0064102503693455,-0.3697352646880226
2012-12-07,21.719999313354492,-0.0022994328215051,-0.15016800174562894
2012-12-10,21.729999542236328,0.0004603097501405,-0.00818911781288214
2012-12-11,22.059999465942383,0.0150722164136737,0.7604973939046279
2012-12-12,22.030000686645508,-0.0013607976331272,-0.11069105510615877
2012-12-13,21.850000381469727,-0.0082042529827402,-0.479893348854663
2012-12-14,21.719999313354492,-0.0059674755479468,-0.3569432823410592
2012-12-17,21.6200008392334,-0.0046146124237035,-0.29158041068142176
2012-12-18,21.65999984741211,0.0018483834996415,0.05639107598796286
2012-12-19,21.209999084472656,-0.02099450911646,-1.178779595704093
2012-12-20,21.229999542236328,0.0009425287413519,0.010875421970152201
2012-12-21,21.239999771118164,0.0004709314447062,-0.007509931993043146
2012-12-24,21.239999771118164,0.0,-0.030510487645989487
2012-12-26,20.8700008392334,-0.0175734242962192,-0.9823103865562457
2012-12-27,20.90999984741211,0.0019147448416399,0.0791285711473144
2012-12-28,21.020000457763672,0.0052468810831567,0.25977242145932383
2012-12-31,21.219999313354492,0.0094697136010899,0.48764814691547814
2013-01-02,21.489999771118164,0.012643599176374,0.6637196892851839
2013-01-03,21.719999313354492,0.0106457634484224,0.5504623678615325
2013-01-04,21.809999465942383,0.004135092274493,0.19676643269521574
2013-01-07,22.440000534057617,0.0284765487271403,1.5142902889421728
2013-01-08,22.440000534057617,0.0,-0.03456511872624652
2013-01-09,22.40999984741211,-0.0013378234499384,-0.11167227446708736
2013-01-10,23.020000457763672,0.026856142175297,1.4149142749376984
2013-01-11,22.8700008392334,-0.006537378448704,-0.40651394097745475
2013-01-14,22.6299991607666,-0.0105496221700568,-0.6200543225931248
2013-01-15,22.65999984741211,0.0013248263056088,0.034964522831403715
2013-01-16,23.049999237060547,0.0170644874772704,0.8984981615132908
2013-01-17,22.969999313354492,-0.0034767495354685,-0.23089620578315367
2013-01-18,23.329999923706055,0.0155510959552679,0.8148148736082473
2013-01-22,23.65999984741211,0.0140457693379175,0.7351571114720815
2013-01-23,23.489999771118164,-0.0072110631740259,-0.4335092425276492
2013-01-24,23.81999969482422,0.0139507621883857,0.7259948542179702
2013-01-25,24.200000762939453,0.0158271135736554,0.8271202163371333
2013-01-28,23.899999618530273,-0.0124742217126754,-0.7314741074754572
2013-01-29,23.770000457763672,-0.0054541423462434,-0.34056711440317394
2013-01-30,23.270000457763672,-0.0212593036441066,-1.2059465186400593
2013-01-31,23.06999969482422,-0.0086319380286283,-0.5120593484391901
2013-02-01,23.270000457763672,0.0086319380286282,0.4366362193204557
2013-02-04,22.899999618530273,-0.016028103083911,-0.9181793020856538
2013-02-05,22.950000762939453,0.0021810758479755,0.08726218998051251
2013-02-06,22.979999542236328,0.0013062827504164,0.040315096704804085
2013-02-07,22.729999542236328,-0.0109386347752524,-0.6342223380109898
2013-02-08,22.8799991607666,0.0065775121065484,0.32849809999140184
2013-02-11,22.850000381469727,-0.0013119957970839,-0.11144145080101703
2013-02-12,22.61000061035156,-0.0105588207500912,-0.616977100483545
2013-02-13,22.520000457763672,-0.0039884896861667,-0.2526581606162352
2013-02-14,21.61000061035156,-0.041247624835738,-2.304351589559633
2013-02-15,21.290000915527344,-0.0149186768546544,-0.838190232898928
2013-02-19,21.5,0.0098154132255364,0.5287768951569946
2013-02-20,21.209999084472656,-0.0135802097219182,-0.7651044639156863
2013-02-21,21.18000030517578,-0.0014153708297614,-0.08995056573785946
2013-02-22,21.31999969482422,0.0065882304016451,0.35846373850970914
2013-02-25,21.020000457763672,-0.0141711977572482,-0.817173574015976
2013-02-26,21.190000534057617,0.0080550102571582,0.4439960503671687
2013-02-27,21.399999618530273,0.0098615067186247,0.5507917517077693
2013-02-28,22.56999969482422,0.053230673106025,2.951659015350606
2013-03-01,23.399999618530273,0.0361144287533881,1.971159864937218
2013-03-04,23.549999237060547,0.0063897820043158,0.3169907030874562
2013-03-05,23.489999771118164,-0.002550999138824,-0.18308395373777425
2013-03-06,23.079999923706055,-0.0176083505927539,-1.0192926060903886
2013-03-07,23.280000686645508,0.0086282140240499,0.4366999585527119
2013-03-08,23.93000030517578,0.0275382623148167,1.4783795007726566
2013-03-11,23.8700008392334,-0.0025104391638969,-0.1892093236442705
2013-03-12,23.90999984741211,0.0016742995792346,0.04970465168217578
2013-03-13,23.780000686645508,-0.0054518549509213,-0.35153394824058576
2013-03-14,24.25,0.0195716972459406,1.0461484634474645
2013-03-15,24.040000915527344,-0.0086974696329859,-0.5396661403763369
2013-03-18,24.020000457763672,-0.000832312041064,-0.09407439411629369
2013-03-19,24.049999237060547,0.0012481291192732,0.030587047713133864
2013-03-20,24.270000457763672,0.0091060737710911,0.47365126441379196
2013-03-21,24.260000228881836,-0.0004121256493668,-0.07171051964498823
2013-03-22,24.459999084472656,0.0082101798790133,0.41651511999309115
2013-03-25,24.600000381469727,0.0057073656157632,0.27029314352551426
2013-03-26,25.209999084472656,0.0244942464385723,1.3300012231227387
2013-03-27,25.6200008392334,0.0161326243417621,0.8480737465412596
2013-03-28,25.86000061035156,0.0093240677203087,0.4616352562055207
2013-04-01,26.0,0.0053991410756223,0.2431650835855997
2013-04-02,26.510000228881836,0.0194254909132444,1.034959660608694
2013-04-03,26.049999237060547,-0.017504290022854,-1.0590932077667081
2013-04-04,26.149999618530273,0.0038314370113068,0.14766557312962322
2013-04-05,25.850000381469727,-0.0115385602116918,-0.7238776678841696
2013-04-08,26.09000015258789,0.0092414892856698,0.45839947678909937
2013-04-09,26.1200008392334,0.0011492315409882,-0.011398870689782938
2013-04-10,26.31999969482422,0.0076277583241464,0.35468582064899534
2013-04-11,26.15999984741211,-0.0060975741061643,-0.44287931803107294
2013-04-12,26.25,0.0034344682815051,0.10373246638889755
2013-04-15,25.969999313354492,-0.0107239898029262,-0.716175354828364
2013-04-16,26.329999923706055,0.0137669713759062,0.7232580104349605
2013-04-17,26.36000061035156,0.0011387621781532,-0.03118473751522911
2013-04-18,25.899999618530273,-0.0176047788118349,-1.1573642506052653
2013-04-19,26.229999542236328,0.0126608224499381,0.6562419343344595
2013-04-22,26.1299991607666,-0.0038197290119682,-0.3258102457897077
2013-04-23,25.88999938964844,-0.0092272772262546,-0.6484177480528355
2013-04-24,25.5,-0.0151783180242658,-0.9986583194428693
2013-04-25,25.479999542236328,-0.0007846394260252,-0.13537675941444582
2013-04-26,25.290000915527344,-0.0074847158553218,-0.5343637530796197
2013-04-29,25.459999084472656,0.0066994602867862,0.32469434496740357
2013-04-30,25.239999771118164,-0.0086785285650259,-0.6005546419378065
2013-05-01,24.56999969482422,-0.0269038544923728,-1.68410498175395
2013-05-02,24.88999938964844,0.0129399177451201,0.7008734390116861
2013-05-03,25.5,0.0242123603068393,1.3706476286314817
2013-05-06,24.8700008392334,-0.0250161606042588,-1.5715305062985876
2013-05-07,28.56999969482422,0.1386949140008734,7.277775419213735
2013-05-08,28.350000381469727,-0.0077301619315119,-0.5102428317868921
2013-05-09,28.09000015258789,-0.0092133970812238,-0.5845895079252102
2013-05-10,29.190000534057617,0.0384125566136738,1.9264998762391965
2013-05-13,29.0,-0.0065303731754593,-0.4554690456457258
2013-05-14,29.459999084472656,0.0157375499710462,0.7420646664256895
2013-05-15,29.459999084472656,0.0,-0.10530362036212754
2013-05-16,29.239999771118164,-0.0074957529036387,-0.5031767083219233
2013-05-17,29.65999984741211,0.0142617045113362,0.6643827672760036
2013-05-20,29.739999771118164,0.002693601770697,0.042022551861459
2013-05-21,29.739999771118164,0.0,-0.10727271533731807
2013-05-22,28.690000534057617,-0.0359442847278763,-2.0217805612762634
2013-05-23,29.25,0.019330925069827,0.9398924691948982
2013-05-24,29.63999938964844,0.0132452061578624,0.6107426794871997
2013-05-28,30.549999237060547,0.0302398808084079,1.5085322273945085
2013-05-29,30.899999618530273,0.0113915109142653,0.5009094751230184
2013-05-30,30.520000457763672,-0.0123739501433353,-0.7773419610623129
2013-05-31,29.86000061035156,-0.0218624088635808,-1.2772431646066718
2013-06-03,30.040000915527344,0.0060100448213907,0.2197665328490856
2013-06-04,30.280000686645508,0.007957593872908,0.3217330655837067
2013-06-05,30.09000015258789,-0.0062945555327799,-0.45478618945098914
2013-06-06,30.280000686645508,0.00629455553278,0.22704550599633072
2013-06-07,30.700000762939453,0.0137752281988155,0.6321066455749783
2013-06-10,30.440000534057617,-0.0085051289065143,-0.5693264172719396
2013-06-11,30.700000762939453,0.0085051289065144,0.35929771232256597
2013-06-12,30.43000030517578,-0.0088337055069392,-0.5801493060535196
2013-06-13,30.920000076293945,0.015974252249024,0.77675079256729
2013-06-14,30.43000030517578,-0.015974252249024,-0.9630761672523795
2013-06-17,30.780000686645508,0.0114361767812442,0.5296441778153125
2013-06-18,31.1299991607666,0.0113068067756209,0.5189017835372894
2013-06-19,30.15999984741211,-0.03165541941405,-1.8057830132352275
2013-06-20,28.790000915527344,-0.0464884016562054,-2.565184139006408
2013-06-21,30.84000015258789,0.0687844172185857,3.51763648562185
2013-06-24,31.200000762939453,0.0116055656257686,0.5248665959881466
2013-06-25,30.989999771118164,-0.0067535548546346,-0.44204315826229434
2013-06-26,30.920000076293945,-0.0022613382273054,-0.1992444504209739
2013-06-27,31.690000534057617,0.024597964368705,1.211795411064464
2013-06-28,31.40999984741211,-0.0088748818627736,-0.5540214802614021
2013-07-01,31.450000762939453,0.00127269871264,-0.016917793401032576
2013-07-02,31.5,0.0015885384263319,-0.0024817764750174193
2013-07-03,31.170000076293945,-0.0105314496046694,-0.636569041033267
2013-07-05,32.38999938964844,0.0383936181124926,1.9387105347032185
2013-07-08,31.979999542236328,-0.0127390212476634,-0.7505129858428434
2013-07-09,31.489999771118164,-0.0154406652472112,-0.8896259451615559
2013-07-10,31.450000762939453,-0.0012710204392804,-0.150347295357302
2013-07-11,32.65999984741211,0.0377520754650522,1.8883624569433233
2013-07-12,33.08000183105469,0.0127778426374996,0.5772099865600907
2013-07-15,33.540000915527344,0.0138098581838366,0.6261436444215643
2013-07-16,32.84000015258789,-0.021091494461013,-1.2081656464238784
2013-07-17,32.97999954223633,0.0042540140207831,0.12635842013315754
2013-07-18,32.349998474121094,-0.0192873294723235,-1.1051674307395318
2013-07-19,32.38999938964844,0.0012357405603199,-0.02560776137516866
2013-07-22,32.279998779296875,-0.0034019087537451,-0.26981197052943096
2013-07-23,32.060001373291016,-0.0068386155692308,-0.4548303781971203
2013-07-24,31.760000228881836,-0.0094015464308926,-0.5891474821478988
2013-07-25,32.90999984741211,0.0355689147331861,1.7604412198965838
2013-07-26,32.58000183105469,-0.0100778989430292,-0.6312080352422097
2013-07-29,31.75,-0.0258059340369981,-1.443505774582623
2013-07-30,31.510000228881836,-0.0075877623057334,-0.49223739335970806
2013-07-31,31.88999938964844,0.0119874988497211,0.5365630233256538
2013-08-01,31.969999313354492,0.0025054797112537,0.03260968191963849
2013-08-02,31.649999618530273,-0.0100598050565131,-0.631941932228245
2013-08-05,31.15999984741211,-0.0156029204317972,-0.9245385350587297
2013-08-06,30.63999938964844,-0.0168288911533316,-0.9890147054064669
2013-08-07,30.68000030517578,0.0013046614938145,-0.025856460396955952
2013-08-08,33.779998779296875,0.0962578887966788,4.757642801069857
2013-08-09,34.08000183105469,0.0088418804464505,0.33241955430841075
2013-08-12,33.959999084472656,-0.0035274212050891,-0.2995110640374517
2013-08-13,33.54999923706055,-0.0121464938068355,-0.7384222614096044
2013-08-14,33.439998626708984,-0.0032840935281344,-0.2706309584064821
2013-08-15,33.349998474121094,-0.0026950205410437,-0.24409985196418366
2013-08-16,32.84000015258789,-0.0154104373775102,-0.913039988485429
2013-08-19,32.720001220703125,-0.0036607401885326,-0.2944926863652835
2013-08-20,33.65999984741211,0.0283236351873502,1.3752496035429247
2013-08-21,33.59000015258789,-0.002081776062589,-0.21109655808678468
2013-08-22,34.029998779296875,0.0130140444745721,0.5772948929404526
2013-08-23,34.099998474121094,0.0020548869008562,0.0012544954938710352
2013-08-26,34.63999938964844,0.0157117265320972,0.712653918093076
2013-08-27,32.869998931884766,-0.0524487108933974,-2.8021927586105777
2013-08-28,33.099998474121094,0.0069728811029675,0.2695880938530417
2013-08-29,33.29999923706055,0.0060241377913477,0.21778314964940015
2013-08-30,33.34000015258789,0.001200507824066,-0.03405389114441307
2013-09-03,33.4900016784668,0.0044890550251898,0.13699261155474282
2013-09-04,33.380001068115234,-0.0032899866922117,-0.26677808245644186
2013-09-05,33.529998779296875,0.0044835738394924,0.13597549451914723
2013-09-06,34.0,0.0139200005443213,0.6254616250087005
2013-09-09,35.349998474121094,0.0389378245615282,1.900970617104527
2013-09-10,35.84000015258789,0.0137662431865148,0.6043564398288294
2013-09-11,35.939998626708984,0.0027862507805507,0.03626943824998892
2013-09-12,36.0,0.0016680953113549,-0.018170583515969726
2013-09-13,36.40999984741211,0.0113245195404082,0.47616873385613623
2013-09-16,36.22999954223633,-0.0049559657244669,-0.3641283174139937
2013-09-17,36.90999984741211,0.0185950206358028,0.8570028674733996
2013-09-18,37.040000915527344,0.0035159215873848,0.0763528772821257
2013-09-19,37.75,0.0189870411997945,0.8721725729157246
2013-09-20,35.689998626708984,-0.0561149766712791,-2.9625838400249327
2013-09-23,36.040000915527344,0.0097589591194717,0.3983882399274343
2013-09-24,35.75,-0.0080791890032096,-0.5096200330854511
2013-09-25,35.209999084472656,-0.0152201619749684,-0.8701178706225905
2013-09-26,36.599998474121094,0.0387180915515909,1.8568299690462624
2013-09-27,35.84000015258789,-0.0209836063524348,-1.1581265035272763
2013-09-30,36.2400016784668,0.0110989351258821,0.4569457374511768
2013-10-01,37.18000030517578,0.0256074630112745,1.1820716781245193
2013-10-02,37.560001373291016,0.0101687004012941,0.40142388513447647
2013-10-03,37.4900016784668,-0.0018654153837818,-0.20324051303680463
2013-10-04,37.63999938964844,0.0039930229828016,0.0948134158032579
2013-10-07,37.16999816894531,-0.0125653634541427,-0.7415381683861267
2013-10-08,35.880001068115234,-0.0353218680878393,-1.868464173179483
2013-10-09,34.7400016784668,-0.0322882578316287,-1.7009318927407706
2013-10-10,35.15999984741211,0.0120172593490973,0.5025861791774071
2013-10-11,35.11000061035156,-0.0014230609128399,-0.1716387079455182
2013-10-14,35.939998626708984,0.0233648355804338,1.0638591300439193
2013-10-15,35.349998474121094,-0.0165524939670656,-0.9267671335096577
2013-10-16,37.689998626708984,0.0640964216648716,3.025465849185385
2013-10-17,37.25,-0.0117428260169926,-0.6839800484847597
2013-10-18,38.099998474121094,0.0225622972577708,0.9881023520006758
2013-10-21,38.06999969482422,-0.0007876797051083,-0.15506594235322543
2013-10-22,37.81999969482422,-0.0065885072170834,-0.43627326589786214
2013-10-23,38.119998931884766,0.0079009956050415,0.27044112412408267
2013-10-24,37.95000076293945,-0.0044695268207437,-0.3320704834932038
2013-10-25,37.970001220703125,0.0005268824474125,-0.08884845557480041
2013-10-28,38.540000915527344,0.0149002803486123,0.6109064931529066
2013-10-29,39.060001373291016,0.0134022738655621,0.5364717111219613
2013-10-30,38.84000015258789,-0.0056483132552807,-0.39288408425792276
2013-10-31,39.06999969482422,0.0059042539042272,0.16986438726791578
2013-11-01,39.310001373291016,0.0061240731126919,0.18068493732150862
2013-11-04,39.5099983215332,0.0050747875725523,0.1219761122366624
2013-11-05,39.86000061035156,0.0088195681558077,0.30643258257528744
2013-11-06,37.709999084472656,-0.0554480431048705,-2.80518465728802
2013-11-07,37.04999923706055,-0.0176569558422226,-0.9907345091680025
2013-11-08,36.43000030517578,-0.0168757117524194,-0.9531007554254048
2013-11-11,36.040000915527344,-0.010763161254292,-0.6493448338400026
2013-11-12,36.08000183105469,0.001109287801048,-0.05527376666853266
2013-11-13,36.9900016784668,0.0249089052763185,1.121924011428325
2013-11-14,37.16999816894531,0.0048542838269393,0.1197095793501672
2013-11-15,35.720001220703125,-0.0397911448650149,-2.0794389796602655
2013-11-18,35.02000045776367,-0.019791450253319,-1.0822149936754542
2013-11-19,34.70000076293945,-0.0091796309896572,-0.5520839923829524
2013-11-20,34.810001373291016,0.0031650323348546,0.06547170682371314
2013-11-21,35.310001373291016,0.014261507558309,0.6173419816748272
2013-11-22,35.59000015258789,0.0078984549767774,0.29939431690716367
2013-11-25,35.779998779296875,0.0053243401541778,0.16838824199631025
2013-11-26,36.04999923706055,0.0075177986039287,0.27261797691431594
2013-11-27,36.65999984741211,0.0167793956817254,0.730853568754063
2013-11-29,37.02000045776367,0.0097720812613443,0.3837800675394316
2013-12-02,36.310001373291016,-0.0193650962631254,-1.0641148047648525
2013-12-03,36.43000030517578,0.0032993961499852,0.0654695155214638
2013-12-04,36.20000076293945,-0.0063334794901176,-0.4141017366968292
2013-12-05,36.36000061035156,0.0044101461882238,0.11956655013259479
2013-12-06,36.75,0.0106689395632211,0.42797753751856016
2013-12-09,36.70000076293945,-0.0013614498097803,-0.17152176887956455
2013-12-10,36.58000183105469,-0.0032750828301772,-0.26608238890718994
2013-12-11,36.209999084472656,-0.0101663945251647,-0.6044263156808974
2013-12-12,36.2599983215332,0.0013798605432178,-0.029770211667568887
2013-12-13,36.47999954223633,0.0060489936208431,0.20011339515282506
2013-12-16,36.86000061035156,0.0103628161425353,0.4118812688207029
2013-12-17,36.66999816894531,-0.0051680366504019,-0.3620566802629209
2013-12-18,37.439998626708984,0.0207806827796915,0.9258486284344563
2013-12-19,36.41999816894531,-0.0276215909062245,-1.4784375840957722
2013-12-20,36.720001220703125,0.0082035749724536,0.29940775511974516
2013-12-23,37.84000015258789,0.0300451492202888,1.3730119610945375
2013-12-24,37.90999984741211,0.0018481772871126,-0.02229967396360102
2013-12-26,37.52000045776367,-0.0103407891646915,-0.627462132178772
2013-12-27,37.349998474121094,-0.0045412656132409,-0.33886727187571297
2013-12-30,37.54999923706055,0.0053404871668748,0.15044170078387042
2013-12-31,37.099998474121094,-0.012056429407605,-0.7062645859648945
2014-01-02,35.83000183105469,-0.0348313460637615,-1.8128117673002804
2014-01-03,36.869998931884766,0.0286126008554722,1.2999789235852401
2014-01-06,36.880001068115234,0.0002712443740146,-0.08890967708189311
2014-01-07,37.0099983215332,0.0035186733960509,0.07542799960384816
2014-01-08,36.869998931884766,-0.0037899177700655,-0.28335220389003807
2014-01-09,36.27000045776367,-0.0164072173604767,-0.8996430992178958
2014-01-10,36.25,-0.0005515846151271,-0.11593127326609587
2014-01-13,35.88999938964844,-0.0099806931473414,-0.579538852495592
2014-01-14,36.810001373291016,0.0253108965451393,1.1491275238759118
2014-01-15,36.529998779296875,-0.0076357773077468,-0.4682244881079451
2014-01-16,40.310001373291016,0.0984658038065854,4.534833604834541
2014-01-17,40.209999084472656,-0.002483913056786,-0.22173175267818496
2014-01-21,41.18000030517578,0.0238370108698857,1.0156196936744486
2014-01-22,41.84000015258789,0.0159001143931856,0.6416438018894824
2014-01-23,42.95000076293945,0.0261838427900917,1.1168901993206233
2014-01-24,43.279998779296875,0.0076539401397425,0.24820821206298815
2014-01-27,43.09000015258789,-0.0043996511645494,-0.3143853095764346
2014-01-28,43.560001373291016,0.0108483744222923,0.39817523096114205
2014-01-29,42.56999969482422,-0.0229895569199211,-1.1869193320155405
2014-01-30,43.369998931884766,0.0186181605480387,0.758467671066388
2014-01-31,43.0,-0.008567817525738,-0.5185047927835589
2014-02-03,42.15999984741211,-0.0197282150797129,-1.0353856082878186
2014-02-04,42.380001068115234,0.0052046774295885,0.12966967589190198
2014-02-05,42.97999954223633,0.0140583025203058,0.5427858201842286
2014-02-06,43.0099983215332,0.0006977272068644,-0.08396606714752511
2014-02-07,42.310001373291016,-0.0164091105807972,-0.8848928056444603
2014-02-10,43.189998626708984,0.0205854579862941,0.8457454394154086
2014-02-11,43.75,0.0128826576275183,0.4822792858667032
2014-02-12,44.5099983215332,0.0172222325142578,0.68009675228834
2014-02-13,44.970001220703125,0.0102817826095668,0.35267017913930876
2014-02-14,44.47999954223633,-0.0109559882765708,-0.6516559272264324
2014-02-18,44.630001068115234,0.0033666629229746,0.020279194502763175
2014-02-19,44.66999816894531,0.0008957917994717,-0.09473603485281534
2014-02-20,45.5,0.0184102315835808,0.7265291261843346
2014-02-21,44.970001220703125,-0.0117166980294564,-0.6939457880818767
2014-02-24,45.459999084472656,0.0108371703577638,0.3695544355180361
2014-02-25,45.7400016784668,0.006140427005242,0.14433139641325035
2014-02-26,45.790000915527344,0.0010925213725952,-0.09284793430923974
2014-02-27,45.2400016784668,-0.0120840583137423,-0.7107145740626906
2014-02-28,47.40999984741211,0.046851485346245,2.0783158356134686
2014-03-03,47.31999969482422,-0.0019001410345584,-0.22330081374868166
2014-03-04,49.77000045776367,0.0504793694070513,2.2372413436910676
2014-03-05,50.02000045776367,0.0050105325330406,0.09471530661860075
2014-03-06,48.810001373291016,-0.024487696566586,-1.291346008226396
2014-03-07,48.5,-0.006371440091062,-0.4364928444671388
2014-03-10,48.45000076293945,-0.001031443859718,-0.1805729128800701
2014-03-11,48.15999984741211,-0.006003556251507,-0.4142096095898808
2014-03-12,48.52000045776367,0.0074472956781726,0.21861255696972975
2014-03-13,48.130001068115234,-0.0080703880030707,-0.5120471053686526
2014-03-14,48.349998474121094,0.0045604848329624,0.08595703710862465
2014-03-17,48.56999969482422,0.0045398597341609,0.0825531215410899
2014-03-18,50.11000061035156,0.0312145510774301,1.33091132395646
2014-03-19,49.33000183105469,-0.0156881487877403,-0.8706550925952075
2014-03-20,50.18000030517578,0.0170840946557703,0.666483039034111
2014-03-21,49.84000015258789,-0.0067986694791455,-0.4529805395007914
2014-03-24,48.9900016784668,-0.017201647628853,-0.9347644345191691
2014-03-25,49.56999969482422,0.0117695759641219,0.42089509964471195
2014-03-26,49.13999938964844,-0.008712451203655,-0.5327447747058581
2014-03-27,48.54999923706055,-0.0120791756495423,-0.68527320803932
2014-03-28,47.16999816894531,-0.0288361205448584,-1.4578970506336872
2014-03-31,47.41999816894531,0.0052859835457402,0.13547704664934532
2014-04-01,48.310001373291016,0.01859456496925,0.7571761400886601
2014-04-02,49.029998779296875,0.0147937237731203,0.574299050428809
2014-04-03,49.06999969482422,0.0008155131165433,-0.07863994317900322
2014-04-04,44.310001373291016,-0.1020374276784207,-4.658191705382348
2014-04-07,41.79999923706055,-0.0583140949256282,-2.653498898463974
2014-04-08,41.349998474121094,-0.0108239367104163,-0.5572462264891506
2014-04-09,42.709999084472656,0.0323606788493194,1.3366081680506041
2014-04-10,42.2599983215332,-0.0105920909471879,-0.5484761856921068
2014-04-11,41.7599983215332,-0.0119020690890736,-0.6028724896369764
2014-04-14,42.45000076293945,0.0163880273488049,0.6331756372968124
2014-04-15,42.040000915527344,-0.0097053629437373,-0.5070647582125256
2014-04-16,42.599998474121094,0.0132326496702906,0.49654549298388134
2014-04-17,43.52000045776367,0.0213663956095834,0.846326862752237
2014-04-21,43.060001373291016,-0.0106260892374381,-0.551925339832725
2014-04-22,42.84000015258789,-0.0051222746873588,-0.31046021584926253
2014-04-23,41.90999984741211,-0.0219477908452235,-1.0438427792858598
2014-04-24,41.380001068115234,-0.012726760166382,-0.6410369382467543
2014-04-25,40.16999816894531,-0.0296772953412024,-1.3726647754615677
2014-04-28,38.25,-0.0489768425160039,-2.1864455080226666
2014-04-29,38.36000061035156,0.0028717056538386,0.053785898498317615
2014-04-30,37.630001068115234,-0.0192136329363651,-0.8973657564084409
2014-05-01,37.869998931884766,0.006357580718899,0.20082196186840331
2014-05-02,36.91999816894531,-0.0254058536694645,-1.1644817120240827
2014-05-05,37.38999938964844,0.0126499126256443,0.4812993380645814
2014-05-06,36.86000061035156,-0.0142763038647774,-0.6859672058242291
2014-05-07,35.38999938964844,-0.0406976916893891,-1.9272368553651031
2014-05-08,31.690000534057617,-0.1104280865555414,-4.892092996550352
2014-05-09,32.9900016784668,0.0402033455631475,1.7358785661182978
2014-05-12,34.560001373291016,0.0464924475537473,2.005211686468552
2014-05-13,34.47999954223633,-0.0023175511530002,-0.13149546278058086
2014-05-14,33.779998779296875,-0.0205105572764901,-0.9207028273000728
2014-05-15,33.2400016784668,-0.0161148547601563,-0.7249135252306167
2014-05-16,33.7599983215332,0.0155225995274994,0.6527966086749585
2014-05-19,33.939998626708984,0.0053175993336263,0.2089384121104926
2014-05-20,33.47999954223633,-0.0136459873952387,-0.6162203321607179
2014-05-21,34.09000015258789,0.018055858677318,0.7636689486976961
2014-05-22,34.88999938964844,0.023196147079244,0.9806624271087199
2014-05-23,35.099998474121094,0.0060008492943989,0.23111663472859761
2014-05-27,36.84000015258789,0.0483831285295284,2.0645278126100965
2014-05-28,36.45000076293945,-0.0106427361432235,-0.4941905746761651
2014-05-29,37.060001373291016,0.0165967785273053,0.691270571086148
2014-05-30,36.630001068115234,-0.0116706519627981,-0.5397488909775012
2014-06-02,35.11000061035156,-0.0423815983859761,-1.8640982085900821
2014-06-03,35.099998474121094,-0.0002849205648357,-0.03911346655762239
2014-06-04,35.25,0.004264442258792,0.15867489207654598
2014-06-05,36.29999923706055,0.0293521909949113,1.2362170737483633
2014-06-06,36.84000015258789,0.0147664952758249,0.6041034514488305
2014-06-09,39.0,0.0569774306006322,2.393261518562748
2014-06-10,37.61000061035156,-0.0362916574189633,-1.5786618600285647
2014-06-11,37.31999969482422,-0.0077406209088118,-0.36202665791871647
2014-06-12,37.040000915527344,-0.0075309333066321,-0.35336150743791633
2014-06-13,36.91999816894531,-0.0032450744557864,-0.1680257412378449
2014-06-16,37.84000015258789,0.0246133881766742,1.0094711483964534
2014-06-17,37.20000076293945,-0.0170579664279013,-0.7564701729056414
2014-06-18,37.70000076293945,0.01335133290286,0.5347327257182838
2014-06-19,38.720001220703125,0.0266961792437137,1.0931655366089934
2014-06-20,39.16999816894531,0.0115548069965852,0.4428953637444611
2014-06-23,37.970001220703125,-0.0311146945385269,-1.3871995508814576
2014-06-24,37.72999954223633,-0.0063408845492565,-0.30822232041371217
2014-06-25,38.15999984741211,0.0113323207378501,0.456329395397116
2014-06-26,38.79999923706055,0.0166323843843882,0.6826597837703555
2014-06-27,39.529998779296875,0.018639619462331,0.7715037842232935
2014-06-30,39.66999816894531,0.0035353419409032,0.11335348548703628
2014-07-01,40.790000915527344,0.0278417874052898,1.161718566870597
2014-07-02,40.72999954223633,-0.0014720653530229,-0.10797230569904503
2014-07-03,41.11000061035156,0.0092865053352367,0.35488552540679213
2014-07-07,41.029998779296875,-0.0019479390539608,-0.1257493687169351
2014-07-08,38.88999938964844,-0.0535663442292669,-2.343147799587972
2014-07-09,38.279998779296875,-0.0158095977773931,-0.7150559384773935
2014-07-10,38.119998931884766,-0.0041884839297676,-0.21348350453195625
2014-07-11,38.400001525878906,0.0073184485639212,0.2892464412960287
2014-07-14,38.939998626708984,0.013964465347096,0.5769262540342204
2014-07-15,37.81999969482422,-0.0291839095160586,-1.2815478865957326
2014-07-16,37.47999954223633,-0.0090306100044712,-0.4134250218015607
2014-07-17,36.38999938964844,-0.0295134503051157,-1.289628399420448
2014-07-18,37.119998931884766,0.0198618842917829,0.8330645273980789
2014-07-21,36.93000030517578,-0.0051316420152435,-0.24373865132538516
2014-07-22,37.68000030517578,0.0201052206792074,0.8393901861127674
2014-07-23,37.880001068115234,0.0052938387079096,0.1994953469699388
2014-07-24,37.20000076293945,-0.0181145147269912,-0.806467502783299
2014-07-25,36.290000915527344,-0.0247665353351583,-1.0847678922194395
2014-07-28,36.04999923706055,-0.0066354038854786,-0.3035339005867452
2014-07-29,35.900001525878906,-0.0041695045697659,-0.20137261837523024
2014-07-30,36.790000915527344,0.0244887560040824,1.0303921456725897
2014-07-31,35.34000015258789,-0.0402106227926445,-1.7432213439754767
2014-08-01,34.36000061035156,-0.0281223563297733,-1.2156218728000747
2014-08-04,35.20000076293945,0.0241529893989797,1.0137835305694998
2014-08-05,35.4900016784668,0.0082049096740136,0.3286898676800419
2014-08-06,35.38999938964844,-0.0028217368415506,-0.1452337667576016
2014-08-07,35.84000015258789,0.0126353152532739,0.5140664680641
2014-08-08,34.630001068115234,-0.0343442031062347,-1.5181130898714286
2014-08-11,35.310001373291016,0.0194458595747352,0.8499230115689332
2014-08-12,33.959999084472656,-0.0389829143485499,-1.706315592240814
2014-08-13,34.63999938964844,0.0198257315902305,0.861442391377093
2014-08-14,34.65999984741211,0.0005772138106541,0.019024387786258538
2014-08-15,34.58000183105469,-0.0023107466786332,-0.10734083556043425
2014-08-18,36.209999084472656,0.0460597652873169,1.9834297513063235
2014-08-19,36.02000045776367,-0.0052609460373162,-0.24501489540955143
2014-08-20,34.849998474121094,-0.0330212590340618,-1.4382091312078065
2014-08-21,34.70000076293945,-0.0043133844828042,-0.19266914651159453
2014-08-22,35.060001373291016,0.0103212097232847,0.4426075627047193
2014-08-25,35.18000030517578,0.0034168293212816,0.1428528618403342
2014-08-26,36.43000030517578,0.0349148714134109,1.5004924238933848
2014-08-27,36.459999084472656,0.0008231247425392,0.01798631512277139
2014-08-28,36.0,-0.0126968056839474,-0.5688524376598327
2014-08-29,36.11000061035156,0.0030509137358195,0.11916990928704871
2014-09-02,36.380001068115234,0.0074493502580031,0.31006869165109396
2014-09-03,36.22999954223633,-0.0041317101778812,-0.19398108078175552
2014-09-04,36.18000030517578,-0.001381003869972,-0.07423993035882535
2014-09-05,35.869998931884766,-0.0086052266352857,-0.38724808741649086
2014-09-08,35.93000030517578,0.001671347852254,0.0634263150230436
2014-09-09,35.29999923706055,-0.0176896672928125,-0.7758606559557305
2014-09-10,35.56999969482422,0.0076196350545452,0.33578595512389786
2014-09-11,35.70000076293945,0.0036481327756656,0.1613007384326583
2014-09-12,34.869998931884766,-0.0235238801002385,-1.0248700252161893
2014-09-15,32.939998626708984,-0.0569391469973946,-2.4480561093371054
2014-09-16,33.09000015258789,0.004543443486007,0.21228826018279195
2014-09-17,35.939998626708984,0.0826197165999352,3.4976569395541146
2014-09-18,37.869998931884766,0.0523083705641621,2.1867814831068557
2014-09-19,37.09000015258789,-0.0208118180934279,-0.8683617490342327
2014-09-22,36.619998931884766,-0.012752885536663,-0.5438795393115818
2014-09-23,37.040000915527344,0.0114039244164127,0.477833830782044
2014-09-24,38.529998779296875,0.0394386924609388,1.6472169203464395
2014-09-25,37.189998626708984,-0.0353972559455518,-1.4933555048128637
2014-09-26,37.470001220703125,0.0075007743731149,0.3121789828445848
2014-09-29,37.599998474121094,0.0034633644302208,0.1381535090478132
2014-09-30,36.849998474121094,-0.0201484325864574,-0.8523496770384009
2014-10-01,36.810001373291016,-0.0010859925290228,-0.04421984411037096
2014-10-02,38.040000915527344,0.0328686770461982,1.3822003948816282
2014-10-03,38.9900016784668,0.0246669842984733,1.0301572136119113
2014-10-06,38.5,-0.0126470047494147,-0.5350152332779695
2014-10-07,37.52000045776367,-0.0257841049551903,-1.0827143959258572
2014-10-08,39.29999923706055,0.0463503631234494,1.9225337994436533
2014-10-09,38.2400016784668,-0.027342367385838,-1.1601545581220563
2014-10-10,37.81999969482422,-0.0110440769150122,-0.47429111916727157
2014-10-13,37.27000045776367,-0.0146493293876173,-0.6224931681468904
2014-10-14,36.75,-0.0140505001146843,-0.5919373353581707
2014-10-15,37.08000183105469,0.0089395644200019,0.3665812895780741
2014-10-16,37.16999816894531,0.0024241449686846,0.10538928604636011
2014-10-17,37.189998626708984,0.0005379359630941,0.023149972289615607
2014-10-20,37.43000030517578,0.0064326590589514,0.27703757601634504
2014-10-21,38.58000183105469,0.0302615248692454,1.2826851363155976
2014-10-22,37.75,-0.0217485792437894,-0.9217257988693323
2014-10-23,38.83000183105469,0.0282077152042116,1.1896563507541742
2014-10-24,39.40999984741211,0.0148263964358605,0.6201626430924818
2014-10-27,39.400001525878906,-0.0002537323033275,-0.016920527342178873
2014-10-28,40.900001525878906,0.0373642453245296,1.5624049889100475
2014-10-29,41.09000015258789,0.0046346862525146,0.18667386260533128
2014-10-30,42.540000915527344,0.0346800446848324,1.4391440511898448
2014-10-31,43.16999816894531,0.01470093585875,0.599502206052279
2014-11-03,41.75,-0.0334463158555407,-1.406275783905241
2014-11-04,40.68000030517578,-0.0259628726146423,-1.0862354218933883
2014-11-05,40.27000045776367,-0.0101297924514972,-0.42357935314386524
2014-11-06,42.7400016784668,0.0595285029318435,2.455110722867817
2014-11-07,43.04999923706055,0.0072269239890005,0.27606750143069864
2014-11-10,44.75,0.0387292315692955,1.5721930515091993
2014-11-11,45.83000183105469,0.0238474937533573,0.9481035913701089
2014-11-12,46.400001525878906,0.0123605536433086,0.47033817871062233
2014-11-13,45.810001373291016,-0.0127970542409054,-0.5656059312637165
2014-11-14,45.16999816894531,-0.0140693287470774,-0.6147970466737706
2014-11-17,44.75,-0.009341664408683,-0.4262396254608032
2014-11-18,44.93000030517578,0.004014285153454,0.12616642456750504
2014-11-19,44.22999954223633,-0.0157024483437025,-0.6945544833816083
2014-11-20,45.459999084472656,0.0274295167545962,1.096392413330262
2014-11-21,45.2599983215332,-0.0044091951648148,-0.2243923345786013
2014-11-24,45.88999938964844,0.0138236119860273,0.5328579720494065
2014-11-25,45.47999954223633,-0.0089745562892537,-0.4126383700971534
2014-11-26,46.33000183105469,0.0185170801333945,0.7276967347297676
2014-11-28,46.59000015258789,0.005596190153261,0.19306600324257042
2014-12-01,44.0,-0.0571962951855653,-2.3790620038974644
2014-12-02,44.849998474121094,0.0191339205647171,0.7521632614812236
2014-12-03,46.36000061035156,0.0331134771540506,1.3174493121669852
2014-12-04,45.88999938964844,-0.0101898165306042,-0.45592312221612047
2014-12-05,46.25,0.0078142488520093,0.28093023756295704
2014-12-08,46.2400016784668,-0.0002162032952903,-0.04620076972994083
2014-12-09,47.5099983215332,0.0270949192069799,1.065634372673673
2014-12-10,45.900001525878906,-0.0344750295600758,-1.440065858569901
2014-12-11,45.220001220703125,-0.0149256564654628,-0.64321366374515
2014-12-12,43.65999984741211,-0.0351071462177001,-1.4523546320102514
2014-12-15,42.18000030517578,-0.0344861653411739,-1.415105654866418
2014-12-16,42.47999954223633,0.0070871838719912,0.26335533731866834
2014-12-17,44.83000183105469,0.0538442328540501,2.122185405113152
2014-12-18,46.59000015258789,0.0385083300920739,1.5009654671543553
2014-12-19,46.560001373291016,-0.0006440961855625,-0.06471797989313129
2014-12-22,46.75,0.0040724228164321,0.12451671446442655
2014-12-23,45.34000015258789,-0.0306246072898985,-1.2526571795475137
2014-12-24,46.2400016784668,0.0196556122183465,0.7532232893856633
2014-12-26,46.369998931884766,0.0028074147056074,0.07855747369747662
2014-12-29,46.560001373291016,0.0040891575495125,0.12838660125865076
2014-12-30,46.279998779296875,-0.0060319569692604,-0.27402053681370153
2014-12-31,46.060001373291016,-0.0047649517412017,-0.22467311868595047
2015-01-02,45.18000030517578,-0.0192904064132791,-0.8097164934008861
2015-01-05,45.09000015258789,-0.0019940219774559,-0.11215995385096844
2015-01-06,43.4900016784668,-0.0361294306132045,-1.470903185370499
2015-01-07,44.529998779296875,0.0236320267166983,0.914136888678226
2015-01-08,40.52000045776367,-0.09436740124285,-3.678746500642948
2015-01-09,41.290000915527344,0.0188246713933893,0.710856330361399
2015-01-12,40.650001525878906,-0.0156214885402843,-0.6236356703953948
2015-01-13,40.04999923706055,-0.0148702190661215,-0.5935152832285713
2015-01-14,38.5,-0.0394704131709552,-1.533107188000791
2015-01-15,31.86000061035156,-0.1893069176545367,-6.627990939445628
2015-01-16,33.09000015258789,0.0378798029056182,1.386251576828102
2015-01-20,33.630001068115234,0.0161874309681438,0.6053813029580728
2015-01-21,32.93000030517578,-0.0210344518572818,-0.7222152942191636
2015-01-22,32.630001068115234,-0.0091519623163056,-0.2928644216680038
2015-01-23,32.220001220703125,-0.0126447277040457,-0.41325646822275264
2015-01-26,31.299999237060547,-0.0289693424642857,-0.9926959418051994
2015-01-27,31.309999465942383,0.0003194451101752,0.056899211117767585
2015-01-28,30.18000030517578,-0.0367580548296624,-1.2623474535097587
2015-01-29,30.010000228881836,-0.0056487963724297,-0.15255655558821204
2015-01-30,29.38999938964844,-0.0208762074156231,-0.6921262267115006
2015-02-02,29.760000228881836,0.0125107579923082,0.5000091403702462
2015-02-03,29.84000015258789,0.0026845627932822,0.14527920513085155
2015-02-04,29.68000030517578,-0.0053763518677128,-0.14194989174073908
2015-02-05,30.36000061035156,0.0226525440498528,0.8600824854581273
2015-02-06,30.8700008392334,0.0166588930688834,0.6427833965881459
2015-02-09,30.579999923706055,-0.0094386676940993,-0.2915734034245478
2015-02-10,30.6299991607666,0.0016336954395978,0.1073567311757008
2015-02-11,31.43000030517578,0.0257829670735559,0.9691763949098197
2015-02-12,32.06999969482422,0.0201581436699631,0.7673354227764845
2015-02-13,32.0,-0.0021851013894098,-0.02986357639578357
2015-02-17,32.36000061035156,0.0111872082518609,0.4452569706749538
2015-02-18,31.450000762939453,-0.0285241036463321,-0.9687153500091404
2015-02-19,31.8799991607666,0.013579820191997,0.5322863254110218
2015-02-20,31.989999771118164,0.0034445192093808,0.1729408094791633
2015-02-23,32.060001373291016,0.0021858432098012,0.1260494565236802
2015-02-24,32.63999938964844,0.0179293213799752,0.6870397367575088
2015-02-25,33.2400016784668,0.0182155090862275,0.6949726432954023
2015-02-26,32.90999984741211,-0.0099774621639091,-0.30910783432718664
2015-02-27,31.729999542236328,-0.0365139671504651,-1.2485542692591334
2015-03-02,32.5099983215332,0.0242850915183035,0.9208284735514928
2015-03-03,31.3700008392334,-0.0356956337312416,-1.213043491709914
2015-03-04,30.959999084472656,-0.0131560298050953,-0.40406949178728796
2015-03-05,31.979999542236328,0.0324146739415178,1.2220630705657167
2015-03-06,32.2400016784668,0.0080972766083044,0.3486255739877784
2015-03-09,32.34000015258789,0.0030968891671497,0.16835693159705936
2015-03-10,32.439998626708984,0.0030873280467482,0.16742073642028865
2015-03-11,32.9900016784668,0.0168123492045871,0.6547348548672797
2015-03-12,34.77000045776367,0.0525504230667114,1.9122696695286923
2015-03-13,35.08000183105469,0.0088762605152746,0.35957013981557057
2015-03-16,35.619998931884766,0.0152760281746017,0.5848442291639114
2015-03-17,34.790000915527344,-0.0235772323954552,-0.7883951216442363
2015-03-18,34.369998931884766,-0.0121459556948907,-0.3782044870980062
2015-03-19,34.380001068115234,0.0002909712378482,0.06124561799719141
2015-03-20,33.95000076293945,-0.0125861545454786,-0.39232317830580804
2015-03-23,33.65999984741211,-0.0085786922476995,-0.24959091580178752
2015-03-24,34.0,0.0100503403867126,0.408916686352143
2015-03-25,32.79999923706055,-0.0359320324864127,-1.2163493293990257
2015-03-26,32.439998626708984,-0.0110363052157991,-0.33296391350043386
2015-03-27,33.349998474121094,0.0276655396941917,1.032103755977164
2015-03-30,34.279998779296875,0.0275043315116609,1.0182785601804034
2015-03-31,33.349998474121094,-0.027504331511661,-0.9225383669424191
2015-04-01,31.850000381469727,-0.0460203326128975,-1.5616544038556963
2015-04-02,30.6200008392334,-0.0393839763576921,-1.3167933444671658
2015-04-06,30.420000076293945,-0.0065531282983856,-0.16340843148864947
2015-04-07,30.350000381469727,-0.0023037592646399,-0.02887546016546633
2015-04-08,30.31999969482422,-0.0009889793655195,0.010353275322450131
2015-04-09,30.0,-0.0106101690468511,-0.33896921112019346
2015-04-10,30.489999771118164,0.0162013718312243,0.6381233997403738
2015-04-13,30.670000076293945,0.0058862271203562,0.26046686546231357
2015-04-14,29.969999313354492,-0.0230881221962588,-0.79144622730348
2015-04-15,30.059999465942383,0.0029985081409635,0.1589124299133818
2015-04-16,29.989999771118164,-0.0023313814294612,-0.03606219481331734
2015-04-17,29.75,-0.0080348531373404,-0.2406310536145934
2015-04-20,30.799999237060547,0.0346855332171283,1.3098988637110143
2015-04-21,30.989999771118164,0.0061498992052223,0.2708544542817603
2015-04-22,30.790000915527344,-0.0064745727430129,-0.18760500327918173
2015-04-23,30.61000061035156,-0.0058632187740422,-0.1678928284913648
2015-04-24,30.719999313354492,0.0035871130307951,0.17349963235935648
2015-04-27,30.6299991607666,-0.0029339924821121,-0.06773915916165342
2015-04-28,31.3700008392334,0.0238721555097073,0.903060420563265
2015-04-29,30.299999237060547,-0.0347043616195214,-1.2329410109416095
2015-04-30,29.850000381469727,-0.0149628347176369,-0.5129473297160899
2015-05-01,26.969999313354492,-0.1014597409261316,-3.5630725249580464
2015-05-04,27.25,0.0103284094172183,0.4109508099506788
2015-05-05,26.40999984741211,-0.031310800577868,-1.0645729148797374
2015-05-06,26.229999542236328,-0.0068389441045156,-0.19529115852092926
2015-05-07,26.690000534057617,0.0173852069992154,0.6604129915234127
2015-05-08,27.15999984741211,0.0174563136462997,0.6648216319121063
2015-05-11,26.299999237060547,-0.0321763868977707,-1.152975929907618
2015-05-12,26.649999618530273,0.0132202261231786,0.5283030807088798
2015-05-13,27.3700008392334,0.0266584174173231,1.0200658668298508
2015-05-14,27.25,-0.0043940326058623,-0.13114625202047858
2015-05-15,27.010000228881836,-0.0088463448307623,-0.2972223342467027
2015-05-18,27.850000381469727,0.0306258037920993,1.1606144328171797
2015-05-19,28.549999237060547,0.0248239293085056,0.9416511531929663
2015-05-20,28.6299991607666,0.0027981804178502,0.12626529043288476
2015-05-21,28.520000457763672,-0.0038494782002314,-0.11611996901319559
2015-05-22,28.1200008392334,-0.0141245148095355,-0.49096925788709556
2015-05-26,27.709999084472656,-0.0146877709518937,-0.5085756297936458
2015-05-27,28.059999465942383,0.0125517298063271,0.5073544388707438
2015-05-28,27.350000381469727,-0.0256285128259178,-0.9101356764724744
2015-05-29,28.270000457763672,0.0330846450823639,1.266557471501897
2015-06-01,29.020000457763672,0.0261840753320583,1.0034101332209215
2015-06-02,29.1299991607666,0.0037832789312909,0.16824877392936674
2015-06-03,29.34000015258789,0.0071832357541055,0.29353536973980066
2015-06-04,29.270000457763672,-0.0023886615723727,-0.061389598383243045
2015-06-05,29.510000228881836,0.0081660803677842,0.3349722549135234
2015-06-08,30.010000228881836,0.0168014703682027,0.656384485956382
2015-06-09,29.81999969482422,-0.0063513679764652,-0.19881964940827188
2015-06-10,30.25,0.0143168853741877,0.5725982142315811
2015-06-11,30.31999969482422,0.002311366232156,0.11828313377840487
2015-06-12,29.90999984741211,-0.0136146831687176,-0.48140597229036425
2015-06-15,30.100000381469727,0.0063323168879539,0.26931310563169536
2015-06-16,30.229999542236328,0.0043096092204287,0.19643214610425166
2015-06-17,30.479999542236328,0.0082359221512808,0.3411168292329113
2015-06-18,31.309999465942383,0.0268668024812679,1.0414879181873715
2015-06-19,31.09000015258789,-0.0070512893026164,-0.2336605727350922
2015-06-22,31.1200008392334,0.000964497299241,0.07101055130527072
2015-06-23,31.040000915527344,-0.0025740014677451,-0.06728563397420574
2015-06-24,30.93000030517578,-0.0035501282464617,-0.10472915421803662
2015-06-25,31.36000061035156,0.0138066183813103,0.5530386928203211
2015-06-26,31.850000381469727,0.0155041790502956,0.6176425584511889
2015-06-29,30.979999542236328,-0.0276955737826243,-1.0125981818508116
2015-06-30,30.989999771118164,0.0003227442013699,0.04935225428487312
2015-07-01,30.020000457763672,-0.0318007229600502,-1.1583846892335792
2015-07-02,29.780000686645508,-0.0080267911408062,-0.2569205784309339
2015-07-06,29.700000762939453,-0.0026899788162822,-0.053030551667678796
2015-07-07,30.270000457763672,0.0190100666594614,0.7649674613470715
2015-07-08,29.670000076293945,-0.0200207012821645,-0.7218507283524864
2015-07-09,30.5,0.0275902467392183,1.0836313157517725
2015-07-10,31.260000228881836,0.0246126487018403,0.9642694134805087
2015-07-13,32.13999938964844,0.0277620090037568,1.078437648617911
2015-07-14,31.829999923706055,-0.009692102421881,-0.33698226586678465
2015-07-15,31.459999084472656,-0.0116923703682648,-0.41623727534055216
2015-07-16,31.450000762939453,-0.0003178611235617,0.01436396015980332
2015-07-17,31.489999771118164,0.0012710204392803,0.07023689915217178
2015-07-20,31.510000228881836,0.0006349351884315,0.04898469281397272
2015-07-21,31.600000381469727,0.0028521696317259,0.13229299084466564
2015-07-22,31.969999313354492,0.0116408089292491,0.46895111979598103
2015-07-23,31.559999465942383,-0.0129074625382466,-0.46460988121677793
2015-07-24,30.59000015258789,-0.031217315904721,-1.1587808236801556
2015-07-27,29.8700008392334,-0.0238185028267597,-0.8773902734456247
2015-07-28,30.6200008392334,0.0247987573133367,0.9670691461700687
2015-07-29,30.81999969482422,0.0065104023525431,0.27040017136850647
2015-07-30,33.54999923706055,0.0848730206872245,3.178705680587525
2015-07-31,33.88999938964844,0.0100831269318569,0.38380311476366563
2015-08-03,33.349998474121094,-0.0160622410010351,-0.5979257745081575
2015-08-04,33.88999938964844,0.016062241001035,0.6085685771885818
2015-08-05,34.38999938964844,0.0146458390870612,0.5542108370185721
2015-08-06,34.18000030517578,-0.0061251200803028,-0.22462132364325724
2015-08-07,33.88999938964844,-0.0085207190067583,-0.3114317430039661
2015-08-10,33.2400016784668,-0.0193659471265391,-0.7222790399179203
2015-08-11,33.720001220703125,0.0143371488521771,0.54639534157049
2015-08-12,34.06999969482422,0.010326053380744,0.3896392892219991
2015-08-13,31.18000030517578,-0.0886403492983789,-3.264933147220817
2015-08-14,31.600000381469727,0.0133802592475135,0.5084864406491345
2015-08-17,30.290000915527344,-0.0423394774001483,-1.5393128588396967
2015-08-18,30.6200008392334,0.0108357623730068,0.4257560775525257
2015-08-19,30.260000228881836,-0.0118267017135005,-0.4120939492797151
2015-08-20,29.200000762939453,-0.0356579805217518,-1.2930308597578066
2015-08-21,28.700000762939453,-0.0172715860534678,-0.6105788001373202
2015-08-24,28.0,-0.0246926391736273,-0.8786890195946524
2015-08-25,28.350000381469727,0.0124225334542793,0.49004192731015755
2015-08-26,29.15999984741211,0.0281708582781932,1.073468491578072
2015-08-27,29.350000381469727,0.0064946573636938,0.27172536731542557
2015-08-28,29.709999084472656,0.0121910993876845,0.4784785857697669
2015-08-31,29.709999084472656,0.0,0.02859761549017886
2015-09-01,28.38999938964844,-0.0454467096729974,-1.6339843278407478
2015-09-02,28.75,0.0126008182573021,0.4965666961561907
2015-09-03,28.239999771118164,-0.017898362723199,-0.6208563939698104
2015-09-04,28.049999237060547,-0.0067507997507229,-0.21197891996116902
2015-09-08,29.049999237060547,0.0350298522655063,1.312269050376037
2015-09-09,28.86000061035156,-0.0065618825405165,-0.21094006706973897
2015-09-10,28.8799991607666,0.0006927104708693,0.05563215912263182
2015-09-11,29.11000061035156,0.00793249375931,0.32002372299314374
2015-09-14,28.68000030517578,-0.0148817523524698,-0.5168180449420695
2015-09-15,29.350000381469727,0.0230925328992331,0.8689158057695188
2015-09-16,29.719999313354492,0.0125276374743685,0.477759461481752
2015-09-17,30.459999084472656,0.0245941206645678,0.9475572523989565
2015-09-18,30.170000076293945,-0.0095662617105353,-0.32766420344581737
2015-09-21,29.690000534057617,-0.0160377489363086,-0.5733930602885101
2015-09-22,29.100000381469727,-0.0200721194770906,-0.7244698115986782
2015-09-23,28.920000076293945,-0.0062047873577049,-0.1975520483237815
2015-09-24,28.790000915527344,-0.0045052635043975,-0.12726377156726737
2015-09-25,27.31999969482422,-0.0524091128920969,-1.9370545666457981
2015-09-28,25.65999984741211,-0.0626856702912096,-2.291475706517119
2015-09-29,25.63999938964844,-0.0007797449931571,0.027698212573067954
2015-09-30,25.90999984741211,0.010475380437062,0.4449667712419347
2015-10-01,26.36000061035156,0.0172187441038979,0.6942945411163208
2015-10-02,27.510000228881836,0.0427018504676674,1.6434154188570307
2015-10-05,28.670000076293945,0.0413016992999521,1.5836310141213137
2015-10-06,28.770000457763672,0.0034819109182168,0.17278319709928608
2015-10-07,29.790000915527344,0.034839603983295,1.3295468505320798
2015-10-08,29.31999969482422,-0.0159029308478977,-0.551202529591311
2015-10-09,29.510000228881836,0.0064593301009254,0.2804894538473508
2015-10-12,29.420000076293945,-0.0030544789443656,-0.07710585186148201
2015-10-13,29.100000381469727,-0.0109365304801874,-0.37309031915335344
2015-10-14,29.100000381469727,0.0,0.03472951177245709
2015-10-15,30.3799991607666,0.0430462822567186,1.6353990893274337
2015-10-16,30.90999984741211,0.0172952816644124,0.6719359509348344
2015-10-19,30.770000457763672,-0.0045395469966053,-0.14117125257170104
2015-10-20,30.61000061035156,-0.0052134313139635,-0.1645806392744732
2015-10-21,29.65999984741211,-0.0315274413317163,-1.1364241497416547
2015-10-22,29.709999084472656,0.001684327093837,0.09833628681264399
2015-10-23,30.63999938964844,0.0308226662932453,1.1849579193200432
2015-10-26,29.8700008392334,-0.0254516646280853,-0.9076131255113803
2015-10-27,29.6299991607666,-0.0080673270625145,-0.25849391909917235
2015-10-28,29.290000915527344,-0.0115411411647236,-0.38218182822038993
2015-10-29,30.13999938964844,0.0286069808508229,1.1135149488907057
2015-10-30,29.899999618530273,-0.0079947053093438,-0.24700617682503487
2015-11-02,30.40999984741211,0.0169130290331295,0.6853242773490981
2015-11-03,30.229999542236328,-0.0059367030229138,-0.1748068314706891
2015-11-04,31.88999938964844,0.053457668234017,2.0301054154995173
2015-11-05,31.700000762939453,-0.0059757569319632,-0.18751695182076505
2015-11-06,36.09000015258789,0.1296991179319545,4.692718177584097
2015-11-09,37.060001373291016,0.026522435030416,0.9743865401161894
2015-11-10,36.970001220703125,-0.0024314519458074,-0.06037728425840217
2015-11-11,34.9900016784668,-0.0550444516177929,-1.9355992011540306
2015-11-12,33.0,-0.0585547928830151,-2.035273961872593
2015-11-13,33.27000045776367,0.0081485423229573,0.33512208563173596
2015-11-16,34.0,0.0217044208267237,0.8117085984450843
2015-11-17,34.70000076293945,0.0203791843233795,0.7596525072241341
2015-11-18,35.0,0.0086083525498726,0.3408847393333389
2015-11-19,34.650001525878906,-0.0100502918165931,-0.3226049714015643
2015-11-20,34.84000015258789,0.0054683866911569,0.2322064879270187
2015-11-23,34.77000045776367,-0.0020111971787294,-0.034342915296340835
2015-11-24,35.279998779296875,0.0145612373529133,0.5553750865004773
2015-11-25,36.189998626708984,0.0254666030907907,0.9371369102828709
2015-11-27,36.58000183105469,0.0107188933899361,0.41445096499813366
2015-11-30,36.59000015258789,0.0002732901824347,0.04381085589239681
2015-12-01,37.27000045776367,0.0184137425722071,0.6830484530879999
2015-12-02,36.900001525878906,-0.0099771333753174,-0.32984545534186904
2015-12-03,36.75,-0.0040733667393668,-0.11328813316321565
2015-12-04,36.439998626708984,-0.0084711909534503,-0.2716414048563556
2015-12-07,36.279998779296875,-0.0044004431051834,-0.12357803609310052
2015-12-08,36.91999816894531,0.0174867684392408,0.6602862691449117
2015-12-09,36.63999938964844,-0.00761283689159,-0.23690184078843987
2015-12-10,37.439998626708984,0.0215990917817464,0.8078053428269937
2015-12-11,36.290000915527344,-0.0311973684765417,-1.091171324364619
2015-12-14,36.709999084472656,0.0115069261162215,0.43998238206135465
2015-12-15,36.779998779296875,0.0019050134175672,0.08860684285169605
2015-12-16,36.560001373291016,-0.0059994018382431,-0.19556004011997202
2015-12-17,36.209999084472656,-0.0096194856548897,-0.3198813007056479
2015-12-18,36.16999816894531,-0.0011053031532925,-0.003687914065631753
2015-12-21,36.540000915527344,0.0101775806649123,0.40774860414818637
2015-12-22,36.650001525878906,0.0030058939611201,0.14538940539533676
2015-12-23,38.11000061035156,0.0390632609348278,1.4524468894629974
2015-12-24,37.779998779296875,-0.0086969011387573,-0.2887339897765203
2015-12-28,38.61000061035156,0.0217314963217322,0.820254492741848
2015-12-29,39.31999969482422,0.0182219614333624,0.6894119907416766
2015-12-30,39.0099983215332,-0.007915307025642,-0.2640751434436409
2015-12-31,37.810001373291016,-0.0312443262683042,-1.1088009194616075
2016-01-04,37.060001373291016,-0.0200353963105865,-0.7006301248434561
2016-01-05,37.4900016784668,0.0115360176057773,0.4463707864585075
2016-01-06,37.540000915527344,0.0013327800275378,0.06996455677200958
2016-01-07,36.75,-0.0212688298875654,-0.7489208122715609
2016-01-08,34.77000045776367,-0.0553832664735976,-2.0319206771067426
2016-01-11,34.209999084472656,-0.0162369869577152,-0.5748415063089878
2016-01-12,34.5,0.0084413518097812,0.3375367182307809
2016-01-13,33.56999969482422,-0.0273265221360998,-0.9870738143382729
2016-01-14,34.380001068115234,0.0238422291214125,0.9027884883831091
2016-01-15,33.91999816894531,-0.0134702740804911,-0.5686300058791922
2016-01-19,33.97999954223633,0.0017673458300881,0.06922568257050553
2016-01-20,34.41999816894531,0.0128656348137626,0.5322105563724401
2016-01-21,33.459999084472656,-0.0282870693891544,-1.17976392344027
2016-01-22,33.349998474121094,-0.003292941588691,-0.14067116099183843
2016-01-25,33.310001373291016,-0.0012000331749639,-0.055476698628610356
2016-01-26,33.0,-0.0093501319666969,-0.3991967661261023
2016-01-27,33.099998474121094,0.0030256748174753,0.11712737307598861
2016-01-28,32.06999969482422,-0.0316122320948191,-1.3316977862386448
2016-01-29,33.18000030517578,0.0340262897707443,1.400530301249454
2016-02-01,33.209999084472656,0.0009037138609527,0.017469902151943335
2016-02-02,32.720001220703125,-0.0148644587787351,-0.6355504911025575
2016-02-03,31.209999084472656,-0.0472480220938338,-1.962451855349773
2016-02-04,31.049999237060547,-0.005139743140096,-0.22008962656482658
2016-02-05,28.170000076293945,-0.097341199211547,-3.8984141206478786
2016-02-08,26.209999084472656,-0.0721166021917666,-2.8273044368459366
2016-02-09,26.0,-0.0080444443833728,-0.292794535863589
2016-02-10,25.86000061035156,-0.0053991410756223,-0.1870225160665473
2016-02-11,24.68000030517578,-0.0467041855433655,-1.8018945560890358
2016-02-12,24.969999313354492,0.0116818653903685,0.49970919648571144
2016-02-16,26.469999313354492,0.058336913505629,2.304748280649515
2016-02-17,27.510000228881836,0.0385375929579418,1.5218240634140348
2016-02-18,26.989999771118164,-0.0190831647067662,-0.718563687095266
2016-02-19,27.059999465942383,0.0025901844569205,0.12610607342529728
2016-02-22,27.739999771118164,0.0248188036291301,0.9859286208554869
2016-02-23,28.299999237060547,0.0199863710544821,0.7945074386265608
2016-02-24,29.260000228881836,0.0333596257241237,1.307748105319741
2016-02-25,29.420000076293945,0.0054533143522355,0.22999646921718564
2016-02-26,31.8799991607666,0.0803041098306928,3.0574597295676864
2016-02-29,30.63999938964844,-0.0396725026449521,-1.5017925459022248
2016-03-01,30.61000061035156,-0.0009795520553659,-0.028181356718354086
2016-03-02,30.950000762939453,0.0110462508843799,0.42377321942945934
2016-03-03,31.65999984741211,0.0226810258519723,0.8616935065829315
2016-03-04,31.559999465942383,-0.0031635705775907,-0.11901992828998141
2016-03-07,32.189998626708984,0.0197653235929819,0.7556688814350637
2016-03-08,31.299999237060547,-0.0280377294776326,-1.0642594391486309
2016-03-09,30.760000228881836,-0.0174029210927097,-0.6550620364740964
2016-03-10,30.65999984741211,-0.003256283611441,-0.11309139852007889
2016-03-11,31.36000061035156,0.022574346478054,0.8823004082469555
2016-03-14,31.329999923706055,-0.0009571124160199,-0.019524345280692693
2016-03-15,30.799999237060547,-0.0170614373201611,-0.6329155035752955
2016-03-16,30.799999237060547,0.0,0.018588742051396472
2016-03-17,31.329999923706055,0.017061437320161,0.6698905837687095
2016-03-18,31.61000061035156,0.0088974430074104,0.3547014170181511
2016-03-21,31.5,-0.0034859997047513,-0.12258222215231342
2016-03-22,32.31999969482422,0.0256986783789872,0.9923425445303347
2016-03-23,31.469999313354492,-0.0266515349533095,-1.0091948968560964
2016-03-24,30.969999313354492,-0.0160157174434651,-0.6066110120199987
2016-03-28,31.200000762939453,0.0073991474548239,0.29028752356957116
2016-03-29,32.16999816894531,0.0306161650642277,1.1814507865532933
2016-03-30,32.20000076293945,0.0009321919112825,0.04544851779154108
2016-03-31,33.15999984741211,0.0293778494213952,1.1314109794823448
2016-04-01,33.52000045776367,0.0107979636047869,0.4101716708663067
2016-04-04,34.310001373291016,0.0232946076260107,0.8871103518528003
2016-04-05,33.040000915527344,-0.0377179205338847,-1.4713131492143907
2016-04-06,33.81999969482422,0.023333358084462,0.8843706523879595
2016-04-07,33.45000076293945,-0.0110005250643127,-0.43964315174282836
2016-04-08,33.470001220703125,0.0005977423122032,0.00630946731309866
2016-04-11,33.380001068115234,-0.0026926014624475,-0.11792541119145945
2016-04-12,33.540000915527344,0.0047818334592966,0.17105605220271122
2016-04-13,34.400001525878906,0.0253178250446527,0.9569719890868836
2016-04-14,34.34000015258789,-0.0017457488235225,-0.08785136526261396
2016-04-15,34.060001373291016,-0.008187144358473,-0.33573799098357177
2016-04-18,34.08000183105469,0.000587040134943,0.0018477549874821712
2016-04-19,33.61000061035156,-0.0138870957924095,-0.5514856445399375
2016-04-20,33.720001220703125,0.0032675094379798,0.11362892967773133
2016-04-21,33.779998779296875,0.0017777059079792,0.05463986362773021
2016-04-22,35.060001373291016,0.037192043420032,1.4149154793625545
2016-04-25,35.150001525878906,0.0025637430043424,0.07833260195520751
2016-04-26,34.470001220703125,-0.0195352457249011,-0.7713231561907209
2016-04-27,34.70000076293945,0.0066502929972741,0.24135428717515717
2016-04-28,33.459999084472656,-0.0363890407427087,-1.4199278177643222
2016-04-29,33.29999923706055,-0.004793294121529,-0.20191616413631075
2016-05-02,32.939998626708984,-0.0108696910164903,-0.4649565091594387
2016-05-03,29.5,-0.1102974197130387,-4.248642245305492
2016-05-04,30.25,0.0251059211310762,0.9447388266493426
2016-05-05,30.0,-0.008298802814695,-0.33960222438344223
2016-05-06,29.770000457763672,-0.0076961912577935,-0.31280472603423953
2016-05-09,29.760000228881836,-0.0003359727485488,-0.02690914200585308
2016-05-10,29.549999237060547,-0.0070814996223001,-0.29138415973381654
2016-05-11,28.8700008392334,-0.0232806952892758,-0.9104189469634362
2016-05-12,27.309999465942383,-0.0555501068140105,-2.1276967008322543
2016-05-13,26.88999938964844,-0.0154984683475406,-0.5913177911941822
2016-05-16,28.020000457763672,0.0411641096632082,1.5629988834780388
2016-05-17,27.100000381469727,-0.0333848152838652,-1.267337699851434
2016-05-18,27.0,-0.0036968759576997,-0.13259433653127206
2016-05-19,28.219999313354492,0.0441940560884638,1.6788033576055426
2016-05-20,28.559999465942383,0.0119761966790943,0.4539729112981358
2016-05-23,29.09000015258789,0.0183873589805958,0.6919506202734984
2016-05-24,30.36000061035156,0.0427314948787525,1.598958620714239
2016-05-25,30.079999923706055,-0.0092654760859641,-0.36013763966900825
2016-05-26,29.5,-0.019470233199497,-0.7468351204283542
2016-05-27,30.219999313354492,0.0241136707772602,0.9022032389182585
2016-05-31,30.020000457763672,-0.0066400926690953,-0.256739866670282
2016-06-01,30.549999237060547,0.0175008191901966,0.6555456726987791
2016-06-02,31.200000762939453,0.021053458624488,0.7871215145435847
2016-06-03,31.540000915527344,0.0108384912937677,0.39863590235892643
2016-06-06,32.220001220703125,0.0213308050729389,0.7925572149966997
2016-06-07,32.06999969482422,-0.004666411446194,-0.18634639927495392
2016-06-08,32.58000183105469,0.0157776551865624,0.5827862770360076
2016-06-09,32.099998474121094,-0.0148426767748982,-0.5695809065049237
2016-06-10,31.209999084472656,-0.028117455652536,-1.0640703534430778
2016-06-13,30.770000457763672,-0.0141983227373667,-0.5393477255481619
2016-06-14,30.229999542236328,-0.0177054105622262,-0.6674063760045105
2016-06-15,29.780000686645508,-0.0149977433355386,-0.5622275630195808
2016-06-16,29.979999542236328,0.0066934270923502,0.2544063730026455
2016-06-17,28.899999618530273,-0.0366888954867413,-1.3666691571551017
2016-06-20,29.670000076293945,0.0262948549554057,0.993181667197582
2016-06-21,28.700000762939453,-0.0332392875253162,-1.2308929717064556
2016-06-22,28.65999984741211,-0.001394732272877,-0.040315986716695
2016-06-23,29.450000762939453,0.0271915189279043,1.0219386069508758
2016-06-24,28.540000915527344,-0.0313872918764251,-1.154833952364632
2016-06-27,28.219999313354492,-0.0112757220346406,-0.40214076109476854
2016-06-28,28.989999771118164,0.0269200129455716,1.0126066815287595
2016-06-29,29.709999084472656,0.0245327236206903,0.918546406032477
2016-06-30,30.239999771118164,0.0176818850834336,0.6577302393821501
2016-07-01,30.979999542236328,0.0241762764701309,0.8936740233794007
2016-07-05,30.459999084472656,-0.0169275028023127,-0.6330443217984113
2016-07-06,30.829999923706055,0.0120739220130866,0.44643352859746604
2016-07-07,31.13999938964844,0.010004907382216,0.3653467160222165
2016-07-08,32.11000061035156,0.030674380303959,1.1338740445439028
2016-07-11,32.11000061035156,0.0,-0.003968235734007793
2016-07-12,33.209999084472656,0.0336834807112652,1.2494228609509763
2016-07-13,32.810001373291016,-0.0121176189919566,-0.4556338078005274
2016-07-14,32.849998474121094,0.0012183096518508,0.03898647069582508
2016-07-15,33.209999084472656,0.0108993093401057,0.3977766657794902
2016-07-18,33.27000045776367,0.001805095968604,0.05908589825538093
2016-07-19,33.849998474121094,0.017282850491182,0.6324125000241534
2016-07-20,34.439998626708984,0.0172796854040254,0.6296763445057243
2016-07-21,34.36000061035156,-0.0023255248051573,-0.09711927138534787
2016-07-22,34.790000915527344,0.0124369006001817,0.4481528705928772
2016-07-25,34.060001373291016,-0.0212062999253682,-0.8057120239678408
2016-07-26,34.65999984741211,0.0174625643307385,0.6289421090962133
2016-07-27,34.93000030517578,0.0077597876704826,0.27017823175855366
2016-07-28,35.0099983215332,0.0022876194685545,0.06652351350604084
2016-07-29,35.38999938964844,0.0107955900868535,0.4030972687747971
2016-08-01,35.380001068115234,-0.0002825581894885,-0.017269480270384965
2016-08-02,35.29999923706055,-0.0022637765952066,-0.0949055236751314
2016-08-03,35.45000076293945,0.0042403321734652,0.15496293477903283
2016-08-04,41.84000015258789,0.1657295489039049,5.850156952695304
2016-08-05,43.15999984741211,0.0310613134509276,1.0664820782709161
2016-08-08,43.52000045776367,0.0083064762116206,0.25886181142837345
2016-08-09,44.25,0.0166347583877847,0.5488046344043125
2016-08-10,43.849998474121094,-0.0090806874334416,-0.3585030624342714
2016-08-11,42.86000061035156,-0.0228356797344789,-0.8399618885768654
2016-08-12,42.9900016784668,0.0030285652653629,0.06332584065849699
2016-08-15,44.5,0.0345216196208136,1.1943481780803946
2016-08-16,44.27000045776367,-0.0051819320878768,-0.24203165640550636
2016-08-17,43.04999923706055,-0.0279450439327489,-1.0581191244653112
2016-08-18,43.7400016784668,0.0159008404707787,0.5214370669546301
2016-08-19,43.4900016784668,-0.0057319884184853,-0.26500845580341204
2016-08-22,43.61000061035156,0.0027554306464919,0.03972434472949138
2016-08-23,43.349998474121094,-0.0059798278228558,-0.28029008340977185
2016-08-24,42.439998626708984,-0.0212153866401286,-0.8281140842357219
2016-08-25,41.599998474121094,-0.019991150799934,-0.7772521945626216
2016-08-26,41.939998626708984,0.0081398621421551,0.24417056405283052
2016-08-29,42.63999938964844,0.016552772813937,0.5489066862325533
2016-08-30,42.869998931884766,0.0053794901511431,0.14247237833224427
2016-08-31,42.33000183105469,-0.0126761579051734,-0.520495624451128
2016-09-01,42.459999084472656,0.0030663369234984,0.055457196516139506
2016-09-02,43.119998931884766,0.0154244671169838,0.5020610211903759
2016-09-06,43.88999938964844,0.0176995879637701,0.5813374159158754
2016-09-07,44.04999923706055,0.0036388452685869,0.07275185796787365
2016-09-08,43.630001068115234,-0.009580323445608,-0.4107912429226491
2016-09-09,41.040000915527344,-0.0611977884460439,-2.2678899650529893
2016-09-12,41.86000061035156,0.0197835084279511,0.6640712926380082
2016-09-13,40.689998626708984,-0.0283484033351245,-1.0748640082202139
2016-09-14,41.2400016784668,0.0134263715852175,0.43690052004856883
2016-09-15,42.16999816894531,0.022300324488949,0.7559139222388498
2016-09-16,42.47999954223633,0.0073243418200242,0.2173310342683003
2016-09-19,43.45000076293945,0.0225775031127193,0.764148197362419
2016-09-20,43.220001220703125,-0.0053074899477412,-0.24599390430719076
2016-09-21,44.880001068115234,0.0376889056911191,1.2988762278051893
2016-09-22,45.06999969482422,0.0042245449176061,0.08898531170441772
2016-09-23,43.93000030517578,-0.0256193649968525,-0.9840118802369135
2016-09-26,43.2599983215332,-0.0153690832091511,-0.6240744234508935
2016-09-27,43.77000045776367,0.0117202799357904,0.3523045998568075
2016-09-28,42.81999969482422,-0.0219433856266007,-0.8785261981781715
2016-09-29,39.529998779296875,-0.0799454296064211,-2.9389129030829473
2016-09-30,40.939998626708984,0.0350477002609808,1.1963516936179621
2016-10-03,40.720001220703125,-0.0053881444689099,-0.2505378747915321
2016-10-04,39.65999984741211,-0.0263762829759916,-1.0001776618267786
2016-10-05,39.58000183105469,-0.0020191328077117,-0.11876473495876051
2016-10-06,39.41999816894531,-0.0040507311618556,-0.187174873118043
2016-10-07,39.869998931884766,0.0113508793286326,0.36752295726495166
2016-10-10,40.68000030517578,0.0201124440789069,0.6828063416761775
2016-10-11,38.790000915527344,-0.0475740736281979,-1.7532992721829808
2016-10-12,38.88999938964844,0.0025746274193256,0.05131036873855151
2016-10-13,38.650001525878906,-0.0061903179605171,-0.2636280393526184
2016-10-14,38.68000030517578,0.0007758639620174,-0.006610389981296132
2016-10-17,39.34000015258789,0.0169191383647586,0.5778051797371794
2016-10-18,39.720001220703125,0.0096130530700697,0.3112674808280392
2016-10-19,39.4900016784668,-0.0058073521075305,-0.24677323659299927
2016-10-20,40.18000030517578,0.0173218491798564,0.5845643664014548
2016-10-21,40.08000183105469,-0.0024918645203988,-0.13346505001943496
2016-10-24,40.65999984741211,0.0143673019858185,0.48124736549863284
2016-10-25,39.40999984741211,-0.0312252171123181,-1.1735005989828373
2016-10-26,37.83000183105469,-0.0409171002879834,-1.513962389735989
2016-10-27,37.06999969482422,-0.0202944781169008,-0.7667274009773605
2016-10-28,37.0099983215332,-0.0016199078838682,-0.08810886249663452
2016-10-31,37.119998931884766,0.0029677780969899,0.07635236001641701
2016-11-01,36.650001525878906,-0.0127424091768799,-0.4881202833595288
2016-11-02,32.06999969482422,-0.1334924657773269,-4.629616837710207
2016-11-03,30.729999542236328,-0.0426816429430553,-1.4761711264190662
2016-11-04,35.22999954223633,0.1366586181134894,4.530354289400975
2016-11-07,35.810001373291016,0.0163292430001422,0.564956195275053
2016-11-08,35.380001068115234,-0.0120805034382708,-0.4113655448943332
2016-11-09,35.58000183105469,0.005637014779278,0.2001671319311714
2016-11-10,36.209999084472656,0.0175515647930033,0.6061111478088134
2016-11-11,35.52000045776367,-0.0192393674822634,-0.6848485898019404
2016-11-14,34.689998626708984,-0.0236445096173209,-0.8338515142310217
2016-11-15,36.63999938964844,0.0546891017537236,1.8932993398186073
2016-11-16,36.56999969482422,-0.0019122993315491,-0.07388522985129539
2016-11-17,37.25,0.0184237210092549,0.6329036365299688
2016-11-18,37.189998626708984,-0.001612073814942,-0.06592339419112665
2016-11-21,37.9900016784668,0.0212831403707124,0.7285713745522461
2016-11-22,37.119998931884766,-0.0231671322379955,-0.8140336068778833
2016-11-23,36.65999984741211,-0.012469640894029,-0.43863596652816517
2016-11-25,36.45000076293945,-0.0057447588635237,-0.20092392265730155
2016-11-28,35.209999084472656,-0.0346113722207423,-1.1962044492055994
2016-11-29,34.90999984741211,-0.0085567904189969,-0.29050798554567675
2016-11-30,33.650001525878906,-0.0367602153097312,-1.2588126256712615
2016-12-01,32.77000045776367,-0.0264996247566107,-0.8999977252510457
2016-12-02,33.31999969482422,0.0166443314599957,0.5885695077081767
2016-12-05,35.119998931884766,0.0526129302139067,1.8113462742029813
2016-12-06,36.060001373291016,0.0264135175050592,0.9062104582942131
2016-12-07,36.29999923706055,0.0066334643945183,0.2298220063987351
2016-12-08,37.529998779296875,0.0333228603676773,1.136855790427176
2016-12-09,37.61000061035156,0.0021294080898166,0.07231843578181059
2016-12-12,37.72999954223633,0.0031855331329181,0.10405440026666009
2016-12-13,37.470001220703125,-0.0069148764598598,-0.24021577564158653
2016-12-14,37.5099983215332,0.0010668739628715,0.03395375496353807
2016-12-15,37.56999969482422,0.0015983321164063,0.0511705727004923
2016-12-16,37.61000061035156,0.0010641372476637,0.03137843306242382
2016-12-19,38.58000183105469,0.0254640662281399,0.8645008532673671
2016-12-20,37.97999954223633,-0.0156743616074393,-0.5426115607879007
2016-12-21,37.58000183105469,-0.0105876506218856,-0.36628677312549485
2016-12-22,37.36000061035156,-0.0058714130118231,-0.19922823505508255
2016-12-23,37.68000030517578,0.0085288281096321,0.29370263771167043
2016-12-27,37.939998626708984,0.0068764705031708,0.23913912544908925
2016-12-28,37.54999923706055,-0.0103325704182959,-0.3496355219899193
2016-12-29,37.56999969482422,0.0005324935708371,0.023487858872852287
2016-12-30,37.68000030517578,0.0029236063442878,0.1014271360529336
2017-01-03,37.349998474121094,-0.008796587082,-0.3050584608321355
2017-01-04,37.599998474121094,0.006671139088655,0.23018565678585343
2017-01-05,36.97999954223633,-0.0166267962336658,-0.5722698414699772
2017-01-06,37.900001525878906,0.0245739387687406,0.8443218086713525
2017-01-09,38.290000915527344,0.0102376370505169,0.342741612262782
2017-01-10,41.20000076293945,0.0732494854738744,2.4920015073289647
2017-01-11,40.689998626708984,-0.0124559466099168,-0.45045761474110557
2017-01-12,40.130001068115234,-0.0138581173683089,-0.5011451012940356
2017-01-13,43.54999923706055,0.0817854748846075,2.7427887271378197
2017-01-17,43.5,-0.0011487476851716,-0.07249467893905824
2017-01-18,43.61000061035156,0.0025255577557155,0.052114193794223614
2017-01-19,43.04999923706055,-0.0129242826987851,-0.46874616613128134
2017-01-20,42.11000061035156,-0.0220769564835135,-0.7807810613348355
2017-01-23,41.40999984741211,-0.0167628627953872,-0.5980810167002655
2017-01-24,41.41999816894531,0.000241417887751,-0.02115445279435634
2017-01-25,41.84000015258789,0.0100890116431864,0.31046996760133466
2017-01-26,41.290000915527344,-0.0132324613325058,-0.47869498050949544
2017-01-27,41.63999938964844,0.0084408670178498,0.2517923085187166
2017-01-30,41.4900016784668,-0.0036087542894426,-0.15325401969078353
2017-01-31,41.599998474121094,0.0026476557879286,0.059785514980091464
2017-02-01,41.790000915527344,0.0045569677801973,0.12231167143461165
2017-02-02,42.11000061035156,0.0076281583004224,0.220811579763168
2017-02-03,42.7599983215332,0.0153177902355893,0.48152939622230884
2017-02-06,42.29999923706055,-0.010815978887806,-0.4359592341072708
2017-02-07,43.029998779296875,0.0171104504660166,0.53809140735123
2017-02-08,42.22999954223633,-0.0187666603757773,-0.7346323235373181
2017-02-09,42.29999923706055,0.0016562099097606,-0.010529381731836358
2017-02-10,42.33000183105469,0.0007090297736592,-0.05114979693092596
2017-02-13,41.93000030517578,-0.009494529328606,-0.4126025038082254
2017-02-14,42.630001068115234,0.0165566873717098,0.5278315101673888
2017-02-15,43.400001525878906,0.0179012204322571,0.5808033740471531
2017-02-16,43.41999816894531,0.0004606460145195,-0.051529051810713274
2017-02-17,45.33000183105469,0.0430489830672611,1.475075195228592
2017-02-21,46.0,0.0146722911424556,0.4560684822596246
2017-02-22,46.220001220703125,0.0047712347678515,0.10179540167175849
2017-02-23,45.52000045776367,-0.0152608313825515,-0.6142969410783025
2017-02-24,45.959999084472656,0.0096196331860694,0.2833617453321691
2017-02-27,46.16999816894531,0.0045587637994612,0.1133504331781211
2017-02-28,43.560001373291016,-0.0581908672687429,-2.1755986963767713
2017-03-01,46.11000061035156,0.05689052986429,2.0015830040755964
2017-03-02,47.220001220703125,0.0237876980532938,0.799990868357704
2017-03-03,46.29999923706055,-0.0196756128947525,-0.7664210597693311
2017-03-06,43.66999816894531,-0.0584806190458949,-2.142598267759756
2017-03-07,44.709999084472656,0.0235358442007546,0.7966581210064787
2017-03-08,45.33000183105469,0.0137719355777655,0.4416417029405637
2017-03-09,44.81999969482422,-0.0113146437827782,-0.4600403429640034
2017-03-10,44.90999984741211,0.0020060221381482,0.01764820077868364
2017-03-13,45.11000061035156,0.0044434812485891,0.10790465658274112
2017-03-14,44.72999954223633,-0.0084595577397713,-0.3549254630383684
2017-03-15,44.84000015258789,0.0024561943960733,0.034750957161993945
2017-03-16,44.2599983215332,-0.0130193049068804,-0.5199587192856892
2017-03-17,44.56999969482422,0.0069796834113324,0.2008190934563074
2017-03-20,44.22999954223633,-0.0076576985807366,-0.3234942213283686
2017-03-21,42.439998626708984,-0.0413120001432461,-1.5219924896333834
2017-03-22,42.220001220703125,-0.0051972100542839,-0.2244434965409224
2017-03-23,42.04999923706055,-0.0040347030577542,-0.18632187424904662
2017-03-24,42.880001068115234,0.0195461733966186,0.6559478232504057
2017-03-27,42.349998474121094,-0.0124371566040857,-0.4902789000088755
2017-03-28,42.43000030517578,0.0018872813388222,0.028395513799338256
2017-03-29,42.66999816894531,0.0056403878812294,0.16282280100599603
2017-03-30,42.650001525878906,-0.0004687445734662,-0.05293479332540638
2017-03-31,43.09000015258789,0.0102636454544408,0.3342864938092439
2017-04-03,42.90999984741211,-0.0041860597214556,-0.18324450174138107
2017-04-04,42.31999969482422,-0.0138451151085389,-0.5373063317636748
2017-04-05,41.97999954223633,-0.0080664768507366,-0.32374579426694666
2017-04-06,42.4900016784668,0.0120754901411911,0.4036478026824295
2017-04-07,42.75,0.0061004017534187,0.18607266803348838
2017-04-10,42.13999938964844,-0.0143718014906267,-0.5545837178010606
2017-04-11,42.29999923706055,0.0037896741236959,0.10401315274975845
2017-04-12,41.63999938964844,-0.0157258389268889,-0.5981465768893386
2017-04-13,41.369998931884766,-0.0065052744342237,-0.2628430902902315
2017-04-17,41.43000030517578,0.0014493088006425,0.02438698859434826
2017-04-18,40.93000030517578,-0.0121419654950152,-0.46680515725874044
2017-04-19,41.310001373291016,0.0092413366918686,0.3056444133016938
2017-04-20,41.79999923706055,0.0117916866263485,0.39684502324436666
2017-04-21,41.5,-0.0072028940419178,-0.2908809782850866
2017-04-24,42.36000061035156,0.0205111079052301,0.7184997419006304
2017-04-25,43.029998779296875,0.0156929833399723,0.5411043179335263
2017-04-26,43.86000061035156,0.0191052384237911,0.6596781253687417
2017-04-27,44.22999954223633,0.0084005246249695,0.27032040731869367
2017-04-28,43.40999984741211,-0.0187134557341537,-0.7196066588873486
2017-05-01,43.810001373291016,0.009172307375864,0.29456635903467315
2017-05-02,43.58000183105469,-0.0052637616399126,-0.2323449525321634
2017-05-03,41.33000183105469,-0.0530096987054904,-2.0326637275299424
2017-05-04,41.04999923706055,-0.0067978555140999,-0.29997826570276315
2017-05-05,42.099998474121094,0.0252568871313575,0.8943913038666998
2017-05-08,41.369998931884766,-0.0174917497894547,-0.70255136074059
2017-05-09,39.66999816894531,-0.0419607662856518,-1.6026155567851939
2017-05-10,39.099998474121094,-0.0144727604027905,-0.5791721232388569
2017-05-11,39.11000061035156,0.0002557764071622,-0.03532290166076941
2017-05-12,40.16999816894531,0.0267421984151031,0.9452921835341029
2017-05-15,40.959999084472656,0.0194755555909615,0.6675729819899056
2017-05-16,40.88999938964844,-0.0017104389296301,-0.12088993778004484
2017-05-17,40.599998474121094,-0.0071174904254181,-0.32949522622251726
2017-05-18,41.189998626708984,0.0144274460831282,0.48155411379061375
2017-05-19,42.0,0.019474143175778,0.6787317477228452
2017-05-22,42.38999938964844,0.0092428526826974,0.2911523992854497
2017-05-23,42.029998779296875,-0.0085288509926555,-0.3791010513629491
2017-05-24,42.369998931884766,0.0080569194558235,0.256803175425977
2017-05-25,42.70000076293945,0.0077583986727794,0.24289381619854797
2017-05-26,42.81999969482422,0.0028063379325786,0.050705210053250946
2017-05-30,41.86000061035156,-0.0226745444359556,-0.9151548679338221
2017-05-31,41.970001220703125,0.0026243748319979,0.04944255079301347
2017-06-01,42.33000183105469,0.0085409913588635,0.2769246534230459
2017-06-02,43.630001068115234,0.030248913827231,1.1036249287782287
2017-06-05,42.79999923706055,-0.0192069268546661,-0.7784983485946815
2017-06-06,42.5,-0.0070340088316916,-0.310391217800277
2017-06-07,42.470001220703125,-0.0007061028624762,-0.06949277362053667
2017-06-08,42.060001373291016,-0.0097007701425804,-0.4090642794287603
2017-06-09,41.40999984741211,-0.0155748090526462,-0.6331771890224006
2017-06-12,43.84000015258789,0.0570242522476551,2.1117115757722997
2017-06-13,44.2400016784668,0.0090827490337823,0.290001112732073
2017-06-14,46.189998626708984,0.0431338995570586,1.56694889146325
2017-06-15,46.77000045776367,0.0124786868141794,0.4041929046796284
2017-06-16,46.77000045776367,0.0,-0.06674527665328338
2017-06-19,48.439998626708984,0.0350839088091959,1.2508078686749953
2017-06-20,47.939998626708984,-0.0103756899743389,-0.46554077666439725
2017-06-21,47.900001525878906,-0.0008346640878222,-0.1090877798180733
2017-06-22,48.79999923706055,0.0186147609527176,0.6273867060003288
2017-06-23,49.380001068115234,0.0118152083224602,0.3717809773841209
2017-06-26,50.220001220703125,0.0168678724889934,0.5583403218804974
2017-06-27,49.0,-0.0245930799259232,-1.020870628142283
2017-06-28,50.41999816894531,0.0285675873331074,1.0049479205897398
2017-06-29,50.189998626708984,-0.0045721091387374,-0.2538565730046896
2017-06-30,51.310001373291016,0.0220699154134645,0.7617378849652198
2017-07-03,51.150001525878906,-0.0031231694893714,-0.19527280979869815
2017-07-05,52.06999969482422,0.0178264390848426,0.5997609325327282
2017-07-06,51.029998779296875,-0.0201752901593365,-0.8462114181490742
2017-07-07,51.529998779296875,0.0097504674963629,0.2958158685725239
2017-07-10,50.939998626708984,-0.0115156960586395,-0.510292743153713
2017-07-11,51.13999938964844,0.003918515335806,0.07920648892445586
2017-07-12,50.470001220703125,-0.0131878333892471,-0.5690259188585223
2017-07-13,49.61000061035156,-0.0171866859229261,-0.7211493044207197
2017-07-14,50.72999954223633,0.0223250039391165,0.7880859022874573
2017-07-17,49.4900016784668,-0.0247467796760029,-1.0054711900212123
2017-07-18,49.599998474121094,0.0022201400881279,0.024267365803127234
2017-07-19,49.79999923706055,0.004024165743344,0.0952346124329123
2017-07-20,50.400001525878906,0.0119762366421598,0.40008371022876804
2017-07-21,51.43000030517578,0.0202304603679359,0.7115281853547551
2017-07-24,52.7599983215332,0.0255316303152349,0.910807274056869
2017-07-25,53.52000045776367,0.0143021283372373,0.4776221021043394
2017-07-26,53.2400016784668,-0.0052453993197718,-0.2654740282625167
2017-07-27,52.2599983215332,-0.0185787970784877,-0.7700513774728054
2017-07-28,51.310001373291016,-0.0183455362563851,-0.7571559390267474
2017-07-31,50.310001373291016,-0.0196817999186528,-0.802648978041944
2017-08-01,49.68000030517578,-0.0126014480317552,-0.5308694880460691
2017-08-02,50.36000061035156,0.0135947775278622,0.4635627347720006
2017-08-03,50.09000015258789,-0.0053758308801153,-0.2566819975719238
2017-08-04,53.650001525878906,0.0686601071022661,2.7597157935549976
2017-08-07,53.880001068115234,0.004277873848062,0.13896437573950743
2017-08-08,54.709999084472656,0.0152871199754197,0.5878281737529544
2017-08-09,53.79999923706055,-0.01677303835484,-0.7172515029929145
2017-08-10,52.529998779296875,-0.023889041259047,-1.0039949880241168
2017-08-11,51.91999816894531,-0.0116803745986737,-0.5083250430561709
2017-08-14,54.06999969482422,0.0405754606208394,1.6122223645930964
2017-08-15,54.2599983215332,0.0035077785471806,0.11100388554499158
2017-08-16,54.9900016784668,0.0133641047458434,0.509905420132659
2017-08-17,54.58000183105469,-0.00748383221457,-0.34446861838357357
2017-08-18,54.81999969482422,0.0043875364794895,0.14284890529606928
2017-08-21,55.790000915527344,0.0175395729599074,0.676637942315378
2017-08-22,57.47999954223633,0.0298423949792689,1.171980243792791
2017-08-23,57.650001525878906,0.0029532199360984,0.07429079083809978
2017-08-24,57.86000061035156,0.0036360369137091,0.09827341931292038
2017-08-25,57.18000030517578,-0.0118221178654815,-0.5349038184829632
2017-08-28,57.709999084472656,0.0092262606273266,0.3253796443115752
2017-08-29,57.619998931884766,-0.0015607417394478,-0.11272619883244024
2017-08-30,57.2599983215332,-0.00626744076226,-0.30334679818843135
2017-08-31,58.060001373291016,0.0138747118925548,0.5163035714091505
2017-09-01,58.16999816894531,0.001892744195577,0.026325480816420995
2017-09-05,57.95000076293945,-0.0037891434937846,-0.20311720228459673
2017-09-06,58.61000061035156,0.0113247579508778,0.4168190922726833
2017-09-07,57.970001220703125,-0.0109796844929777,-0.4940905313120173
2017-09-08,58.68000030517578,0.0121733020663201,0.45019173499179754
2017-09-11,58.31999969482422,-0.006153876007837,-0.3130504773918922
2017-09-12,58.650001525878906,0.005642518648553,0.17870421050134805
2017-09-13,58.810001373291016,0.0027243307070076,0.05258546508398219
2017-09-14,59.15999984741211,0.0059337034401756,0.1875582432202513
2017-09-15,59.459999084472656,0.005058166909228,0.15415744424254293
2017-09-18,58.709999084472656,-0.012693747690553,-0.5828845465048222
2017-09-19,58.220001220703125,-0.0083810951974807,-0.3984229457206466
2017-09-20,57.83000183105469,-0.0067212554517129,-0.328861518662756
2017-09-21,57.15999984741211,-0.0116533534406598,-0.5287757614508963
2017-09-22,57.43000030517578,0.0047124697978997,0.15724011935714574
2017-09-25,57.0,-0.0075155523555289,-0.3591973983762873
2017-09-26,56.599998474121094,-0.0070423095844045,-0.3409468345363202
2017-09-27,57.7400016784668,0.0199412450540368,0.7915565873496063
2017-09-28,55.650001525878906,-0.0368680981634212,-1.587455588014788
2017-09-29,55.08000183105469,-0.0102953980367584,-0.4975997254367256
2017-10-02,55.66999816894531,0.0106546622001847,0.4058883729689929
2017-10-03,55.75,0.0014360410360407,0.00814836217330307
2017-10-04,56.099998474121094,0.0062583749891546,0.2106394022036706
2017-10-05,59.09000015258789,0.0519259226104967,2.151587041960289
2017-10-06,58.83000183105469,-0.0044097479390094,-0.2564027679436981
2017-10-09,59.02000045776367,0.0032244172700002,0.07131533293757744
2017-10-10,59.56999969482422,0.0092757092467479,0.3322439240880139
2017-10-11,60.349998474121094,0.0130088357420956,0.48582394489440617
2017-10-12,60.88999938964844,0.0089080253369296,0.3076674446335838
2017-10-13,60.93000030517578,0.0006567216723887,-0.04962302488664442
2017-10-16,60.4900016784668,-0.0072475794023704,-0.38934166802356324
2017-10-17,61.689998626708984,0.0196437310937244,0.7704203958088107
2017-10-18,62.59000015258789,0.0144837024141197,0.5467790640321719
2017-10-19,61.970001220703125,-0.0099551067021983,-0.5062674864230833
2017-10-20,61.58000183105469,-0.0063132444413856,-0.34544551229290765
2017-10-23,61.02000045776367,-0.0091354854405352,-0.4658874593450189
2017-10-24,59.650001525878906,-0.0227075126659267,-1.0431725220935042
2017-10-25,57.9900016784668,-0.0282235632920377,-1.282072307737431
2017-10-26,58.5,0.008756143405389,0.30472197258890227
2017-10-27,57.560001373291016,-0.0161988483602177,-0.7787301711661063
2017-10-30,58.34000015258789,0.0134600611774758,0.5054987556032706
2017-10-31,58.810001373291016,0.0080239647681134,0.2687994765615738
2017-11-01,58.41999816894531,-0.0066536662065302,-0.3689983607571943
2017-11-02,58.150001525878906,-0.0046323604115851,-0.3267911829592547
2017-11-03,69.44999694824219,0.1775811200534876,7.292934804737626
2017-11-06,69.86000061035156,0.0058862228569127,0.14170017074162075
2017-11-07,71.68000030517578,0.0257185248086821,1.0252636238440158
2017-11-08,67.58999633789062,-0.0587517839931189,-2.6998395021570643
2017-11-09,67.5999984741211,0.0001479715457141,-0.1056232934212328
2017-11-10,67.77999877929688,0.0026591876923765,0.007551524918726695
2017-11-13,68.26000213623047,0.0070568266049336,0.19709220381887027
2017-11-14,67.41999816894531,-0.0123822921270653,-0.6642203921262978
2017-11-15,67.86000061035156,0.00650508570337,0.18144913211939803
2017-11-16,69.0,0.0166597362468993,0.6315932574247861
2017-11-17,70.63999938964844,0.0234900430581343,0.9350837100323762
2017-11-20,71.80000305175781,0.0162879709023747,0.6100518306506186
2017-11-21,70.94999694824219,-0.0119091579645126,-0.6421022705579218
2017-11-22,70.0,-0.0134801185438966,-0.7150716877302784
2017-11-24,70.05999755859375,0.0008567408726181,-0.07665418036355294
2017-11-27,71.08999633789062,0.0145946455057069,0.5341986464061739
2017-11-28,71.36000061035156,0.0037908683972025,0.044421457962299286
2017-11-29,71.13999938964844,-0.003087738884161,-0.2660299858539082
2017-11-30,71.7300033569336,0.0082593589971923,0.23796418996858715
2017-12-01,70.68000030517578,-0.0147464651687118,-0.8076053164295728
2017-12-04,69.6500015258789,-0.0146799296355826,-0.7985336224354495
2017-12-05,69.48999786376953,-0.0022998955489403,-0.22945726283292978
2017-12-06,68.79000091552734,-0.0101244277377425,-0.5823091866752574
2017-12-07,68.7300033569336,-0.0008725648710942,-0.15631654002230566
2017-12-08,69.76000213623047,0.0148749762474472,0.5717322801658394
2017-12-11,70.4800033569336,0.0102682190342207,0.3580037340609931
2017-12-12,70.0999984741211,-0.0054062569841442,-0.36198591516124246
2017-12-13,70.06999969482422,-0.0004280342462262,-0.13407787035144716
2017-12-14,68.04000091552734,-0.0293989570437605,-1.456232451074137
2017-12-15,68.44999694824219,0.0060077261673218,0.16629107130871087
2017-12-18,69.02999877929688,0.0084376678810179,0.27631212565635876
2017-12-19,69.55000305175781,0.0075047872163448,0.23732046381312621
2017-12-20,69.5199966430664,-0.0004315295782397,-0.13020046458514895
2017-12-21,68.19999694824219,-0.0191699125675948,-0.9893309639051103
2017-12-22,69.16999816894531,0.0141226960384555,0.5363598085124176
2017-12-26,69.33999633789062,0.00245467130238,0.0015830605029487795
2017-12-27,68.69000244140625,-0.009418223674897,-0.540554283882821
2017-12-28,69.66000366210938,0.0140226537408758,0.5312806604044074
2017-12-29,69.0,-0.0095198129117884,-0.5475667605229366
2018-01-02,69.0,0.0,-0.1101660716836022
2018-01-03,69.0,0.0,-0.11182419474705631
2018-01-04,68.48999786376953,-0.0074187865778456,-0.4497219449782144
2018-01-05,68.76000213623047,0.0039344935631584,0.0677183006740407
2018-01-08,78.12000274658203,0.1276239295844054,5.400785011406033
2018-01-09,75.08000183105469,-0.0396919050606213,-1.8221555186189011
2018-01-10,75.83000183105469,0.009939780753325,0.32946207038272474
2018-01-11,77.30000305175781,0.0191999782130965,0.7295614842925588
2018-01-12,75.62000274658203,-0.0219731602891503,-1.0713941678256909
2018-01-16,73.79000091552734,-0.0244976013061516,-1.18905753687973
2018-01-17,72.91000366210938,-0.0119973794313317,-0.627678373304431
2018-01-18,72.88999938964844,-0.0002744070256207,-0.1033427729146134
2018-01-19,75.18000030517578,0.0309337951747767,1.2803105840042484
2018-01-22,75.9000015258789,0.0095314623100902,0.3213581218401552
2018-01-23,76.23999786376953,0.0044695268207437,0.09159664444848088
2018-01-24,76.62999725341797,0.0051023778140532,0.11904442337367632
2018-01-25,77.08999633789062,0.0059849138266447,0.1592838477306482
2018-01-26,77.76000213623047,0.0086536646574507,0.27503896226336677
2018-01-29,78.05999755859375,0.0038505428521639,0.06076950166392332
2018-01-30,77.25,-0.0104308146985919,-0.5773519989121308
2018-01-31,76.52999877929688,-0.0093641109066736,-0.5271742983322981
2018-02-01,76.8499984741211,0.0041726452581352,0.07852756584349506
2018-02-02,75.83999633789062,-0.0132296404698583,-0.695751708513746
2018-02-05,73.91999816894531,-0.025642407096791,-1.2403617662968311
2018-02-06,75.12000274658203,0.0161034688999333,0.6164346713858521
2018-02-07,75.62000274658203,0.0066339633210271,0.19619967043839026
2018-02-08,72.9000015258789,-0.0366321748378918,-1.7241231737904872
2018-02-09,72.75,-0.0020597538941339,-0.18713670647258526
2018-02-12,73.47000122070312,0.0098482701955714,0.3403042221893404
2018-02-13,72.45999908447266,-0.0138425034151766,-0.7110479744107937
2018-02-14,74.5,0.0277644525535171,1.1324896626286964
2018-02-15,76.75,0.0297542610817927,1.2161709766340383
2018-02-16,76.7300033569336,-0.0002605765277845,-0.11147627169524771
2018-02-20,77.62999725341797,0.011661105097646,0.4240287645661351
2018-02-21,77.73999786376953,0.0014159829077413,-0.02967534230766618
2018-02-22,80.45999908447266,0.0343902571980681,1.4279235258315397
2018-02-23,75.55000305175781,-0.0629654260303474,-2.838812720272226
2018-02-26,76.80000305175781,0.0164099507774253,0.6275825139564069
2018-02-27,76.5,-0.0039139390575654,-0.2583730437482345
2018-02-28,75.08999633789062,-0.0186033954903002,-0.9178225076627283
2018-03-01,72.87000274658203,-0.0300102759684664,-1.4178118707659495
2018-03-02,73.06999969482422,0.0027408122529176,0.04500298674947648
2018-03-05,75.81999969482422,0.0369442244365439,1.5568602016503252
2018-03-06,78.94999694824219,0.0404525959841547,1.7104808116217158
2018-03-07,80.62000274658203,0.0209320897099256,0.8349923025223588
2018-03-08,79.66000366210938,-0.0119791680320214,-0.638276280430503
2018-03-09,80.33000183105469,0.0083755492546344,0.2722422936787535
2018-03-12,83.1500015258789,0.0345030510099767,1.4342536949711375
2018-03-13,84.73999786376953,0.0189414959993236,0.7346978869136289
2018-03-14,84.5199966430664,-0.0025995669589481,-0.22911472104111885
2018-03-15,84.61000061035156,0.0010643171198832,-0.06506386595998913
2018-03-16,85.2300033569336,0.0073010537708515,0.21034264913351086
2018-03-19,84.19000244140625,-0.012277345572626,-0.6617723476156228
2018-03-20,84.62000274658203,0.0050944994014163,0.11271591075286949
2018-03-21,86.55999755859375,0.0226671091436289,0.8928405945874917
2018-03-22,85.25,-0.015249670729759,-0.8109475013856396
2018-03-23,84.27999877929688,-0.0114435417115383,-0.6381120602695407
2018-03-26,87.19999694824219,0.0340597214656228,1.3998076784452054
2018-03-27,87.06999969482422,-0.0014919065821339,-0.1951537358003219
2018-03-28,84.97000122070312,-0.0244141219538431,-1.2147618119304997
2018-03-29,86.68000030517578,0.0199249128071421,0.7642299659492784
2018-04-02,85.0,-0.0195719236985592,-0.9943506423913722
2018-04-03,85.08000183105469,0.000940755363284,-0.07841342370455583
2018-04-04,84.41000366210938,-0.0079060904731917,-0.47204531579044656
2018-04-05,86.08000183105469,0.0195911963046113,0.7475898118431629
2018-04-06,83.7699966430664,-0.0272022095925222,-1.3304661472659862
2018-04-09,85.0199966430664,0.0148115753540993,0.5356889497744599
2018-04-10,86.1500015258789,0.0132034972392264,0.46282506232239323
2018-04-11,85.52999877929688,-0.0072228033653551,-0.4458010455726358
2018-04-12,85.68000030517578,0.0017522523808335,-0.04660153736448412
2018-04-13,84.94000244140625,-0.008674276073462,-0.5116129695302342
2018-04-16,85.66000366210938,0.0084408613110693,0.24701333602676534
2018-04-17,87.81999969482422,0.0249032467196473,0.9733719245591353
2018-04-18,88.63999938964844,0.0092939544546817,0.2767234689218338
2018-04-19,88.44999694824219,-0.002145830010077,-0.22960548994967983
2018-04-20,86.69000244140625,-0.020098821060123,-1.0199405267999209
2018-04-23,86.44999694824219,-0.0027723882145818,-0.2522252704654992
2018-04-24,84.9000015258789,-0.0180920655384943,-0.9247082915070266
2018-04-25,84.88999938964844,-0.0001178177299971,-0.12487791642189132
2018-04-26,86.41999816894531,0.0178628157559636,0.6733542709306258
2018-04-27,87.33999633789062,0.0105893968121356,0.3501124708270525
2018-04-30,86.0,-0.0154612098745568,-0.8069342920575824
2018-05-01,87.08000183105469,0.0124799611401089,0.4329838018965223
2018-05-02,86.97000122070312,-0.0012640117560325,-0.17786018886758773
2018-05-03,87.08999633789062,0.0013787790173517,-0.07097954013828356
2018-05-04,83.87999725341797,-0.0375548513653997,-1.8045073767520694
2018-05-07,83.62000274658203,-0.0031044145151236,-0.26084380175887695
2018-05-08,83.2699966430664,-0.0041944588405271,-0.3124474863926354
2018-05-09,83.72000122070312,0.005389612224696,0.10961875009508182
2018-05-10,86.16000366210938,0.0287281631931413,1.1548601299680978
2018-05-11,86.3499984741211,0.0022027115701028,-0.042430091838003565
2018-05-14,87.22000122070312,0.0100248894884735,0.31419532696113084
2018-05-15,86.41999816894531,-0.0092145670943703,-0.550924048107673
2018-05-16,86.95999908447266,0.0062291229688817,0.14635578467933974
2018-05-17,87.55000305175781,0.0067618613043633,0.16802786554662405
2018-05-18,87.5199966430664,-0.0003427932716918,-0.15095047361688177
2018-05-21,88.91999816894531,0.0158697681863556,0.5840893144919577
2018-05-22,87.48999786376953,-0.0162125918025178,-0.8635696749373155
2018-05-23,89.16000366210938,0.0189080728898037,0.7200490305671189
2018-05-24,93.1500015258789,0.0437785638373528,1.8261377333012432
2018-05-25,92.83000183105467,-0.0034412302918194,-0.2929864553640345
2018-05-29,94.20999908447266,0.0147564402059767,0.5219813025004525
2018-05-30,93.73999786376952,-0.0050013536369633,-0.369033155881482
2018-05-31,93.79000091552734,0.0005332805766364,-0.1195918722235077
2018-06-01,94.81999969482422,0.0109221039731902,0.3474349994011578
2018-06-04,94.9000015258789,0.0008433674391928,-0.10109743417655677
2018-06-05,95.5199966430664,0.0065118928058238,0.1503993699023103
2018-06-06,96.56999969482422,0.0109325163181612,0.34712639405334655
2018-06-07,94.0199966430664,-0.0267606409271545,-1.3480373680715412
2018-06-08,96.51000213623048,0.0261391621623329,1.0279102669019216
2018-06-11,98.41999816894533,0.0195973647794801,0.7275398608934236
2018-06-12,99.95999908447266,0.0155260799744806,0.5578691256389949
2018-06-13,101.93000030517578,0.0195162093664808,0.7369185611943863
2018-06-14,99.0999984741211,-0.0281568802357186,-1.4218726841460894
2018-06-15,97.38999938964844,-0.0174058962325556,-0.9250515379539208
2018-06-18,96.91000366210938,-0.0049407791707966,-0.3565196151463555
2018-06-19,95.19000244140624,-0.0179078306242933,-0.9396209909460407
2018-06-20,98.1500015258789,0.0306220163579361,1.264594889492217
2018-06-21,96.81999969482422,-0.0136433549093101,-0.7474381097637197
2018-06-22,97.37000274658205,0.0056646018387897,0.133076091906137
2018-06-25,91.41000366210938,-0.0631632614701612,-2.9355918782939443
2018-06-26,92.8000030517578,0.0150917509492901,0.5663633081310421
2018-06-27,86.6500015258789,-0.068569638906179,-3.1169174021402535
2018-06-28,87.98999786376953,0.0153461136080674,0.579229379284798
2018-06-29,85.69999694824219,-0.0263703573854065,-1.2526483069595282
2018-07-02,86.0,0.0034945062595504,0.06362576020972549
2018-07-03,86.30999755859375,0.0035981416915763,0.06702081519353491
2018-07-05,87.4000015258789,0.0125498621749744,0.46237164019531307
2018-07-06,88.73999786376953,0.0152154217577899,0.5743470765480116
2018-07-09,89.8499984741211,0.0124308743692054,0.45095881687005257
2018-07-10,88.95999908447266,-0.0099547760362308,-0.536722334652575
2018-07-11,87.56999969482422,-0.0157483501616249,-0.7878755196772717
2018-07-12,87.88999938964844,0.0036475555828622,0.06378012961453598
2018-07-13,86.06999969482422,-0.0209251105163464,-1.0185364298398571
2018-07-16,85.98999786376953,-0.0009299295356865,-0.13347642236002133
2018-07-17,87.36000061035156,0.0158065334031928,0.5993991820482951
2018-07-18,88.6500015258789,0.0146585307493927,0.546112442613439
2018-07-19,88.88999938964844,0.0027035936546014,0.01787874153627999
2018-07-20,87.5999984741211,-0.0146186628635777,-0.7426428408961008
2018-07-23,86.27999877929688,-0.0151831731508397,-0.7614550837356334
2018-07-24,83.79000091552734,-0.0292841278211507,-1.372557543879794
2018-07-25,85.62000274658203,0.0216052532438969,0.8698868529638815
2018-07-26,85.73999786376953,0.0014005034590733,-0.021614307291963376
2018-07-27,83.30000305175781,-0.0288708504460721,-1.3512488857907907
2018-07-30,81.43000030517578,-0.0227048265817974,-1.0784674109307588
2018-07-31,83.16000366210938,0.0210227477999736,0.8366573691601402
2018-08-01,83.87000274658203,0.0085015067176857,0.2826197024726733
2018-08-02,87.54000091552734,0.0428278284767316,1.777386345279795
2018-08-03,85.88999938964844,-0.019028441549205,-0.9245537965042093
2018-08-06,85.69000244140625,-0.0023312394997604,-0.1861338855174824
2018-08-07,86.08999633789062,0.0046570569595394,0.12428690113833282
2018-08-08,84.91000366210938,-0.0138013029911347,-0.6905121685431094
2018-08-09,86.06999969482422,0.0135689999751364,0.5203156071189019
2018-08-10,87.0199966430664,0.0109770236002443,0.3998610918495039
2018-08-13,86.6500015258789,-0.0042609049446614,-0.2805803243980027
2018-08-14,87.0,0.0040310848832872,0.09614043713889209
2018-08-15,86.19999694824219,-0.0092379763881598,-0.4964494541055343
2018-08-16,88.02999877929688,0.0210075093394916,0.8571980976201772
2018-08-17,88.30000305175781,0.0030624905652418,0.051675984864144604
2018-08-20,89.41999816894531,0.0126042081576618,0.47748160114098137
2018-08-21,90.76000213623048,0.0148743331199574,0.5797899869547892
2018-08-22,94.33000183105467,0.0385806086241444,1.6364670565138058
2018-08-23,93.98999786376952,-0.0036109211689854,-0.24804898910028111
2018-08-24,94.06999969482422,0.0008508118357892,-0.04816630015284977
2018-08-27,97.6500015258789,0.0373504902089627,1.5676759655816412
2018-08-28,99.55999755859376,0.019370780028744,0.7649995144445603
2018-08-29,100.4499969482422,0.0088996079026469,0.2975775981282806
2018-08-30,102.52999877929688,0.0204953658961068,0.8075060565048888
2018-08-31,104.2699966430664,0.0168282298306902,0.6439393180938956
2018-09-04,103.9000015258789,-0.0035547438156604,-0.2599669434778628
2018-09-05,102.69000244140624,-0.0117141478064842,-0.620371252530427
2018-09-06,104.76000213623048,0.0199572750464414,0.7823871166288605
2018-09-07,103.80999755859376,-0.0091097583440445,-0.5063202462353542
2018-09-10,105.87999725341795,0.0197440697312542,0.7707941261636645
2018-09-11,108.04000091552734,0.0201951859799989,0.785396346892995
2018-09-12,107.0500030517578,-0.0092054938549102,-0.5127664204329048
2018-09-13,108.12999725341795,0.0100381380132342,0.3370160551353854
2018-09-14,106.83000183105467,-0.012095378459017,-0.6380707185962047
2018-09-17,102.5500030517578,-0.0408882888205684,-1.8886901093277386
2018-09-18,104.61000061035156,0.019888640913093,0.7717070813230315
2018-09-19,103.22000122070312,-0.0133765106434048,-0.685948226496142
2018-09-20,102.5999984741211,-0.0060247266822528,-0.3638300272633512
2018-09-21,102.19000244140624,-0.0040040683495847,-0.27674759273580957
2018-09-24,102.5999984741211,0.0040040683495847,0.07462744865945914
2018-09-25,105.33999633789062,0.0263552614260269,1.0471905224235913
2018-09-26,106.38999938964844,0.0099184025007668,0.324645695204585
2018-09-27,105.44000244140624,-0.0089694878826918,-0.49772852869736794
2018-09-28,105.9499969482422,0.0048251620018963,0.1000602663989688
2018-10-01,105.19000244140624,-0.0071989939498805,-0.430601271144345
2018-10-02,101.9000015258789,-0.0317763067577156,-1.5003774202791715
2018-10-03,100.20999908447266,-0.0167239802688069,-0.8352161420173984
2018-10-04,96.29000091552734,-0.0399034941739362,-1.8311092479386026
2018-10-05,95.5,-0.0082382332735289,-0.44576122215219366
2018-10-08,92.87999725341795,-0.0278179396683455,-1.2979454579798004
2018-10-09,90.87999725341795,-0.0217683830675716,-1.0264382677531556
2018-10-10,87.66999816894531,-0.0359601800360345,-1.630574775782823
2018-10-11,87.33000183105469,-0.0038856773220161,-0.23284940690549175
2018-10-12,88.55000305175781,0.0138733312997935,0.5387230461212471
2018-10-15,88.75,0.0022560296630152,0.033208189335438655
2018-10-16,92.72000122070312,0.0437607838414491,1.8178504050250497
2018-10-17,92.41000366210938,-0.0033489746680964,-0.21426156621533146
2018-10-18,90.0999984741211,-0.0253150898499786,-1.1553597208304907
2018-10-19,88.19000244140625,-0.0214265420953283,-0.9840780902579406
2018-10-22,88.0999984741211,-0.0010210899612883,-0.10530884587688367
2018-10-23,88.98999786376953,0.0100514642412014,0.3689023836647376
2018-10-24,84.52999877929688,-0.0514174933637114,-2.2586409110487113
2018-10-25,82.83000183105469,-0.0203161497834223,-0.9309526229253955
2018-10-26,84.02999877929688,0.0143835266967848,0.554394173210615
2018-10-29,83.18000030517578,-0.0101669254295092,-0.4982553304289246
2018-10-30,85.37000274658203,0.0259878452112728,1.0470900703653878
2018-10-31,88.20999908447266,0.0327255416968251,1.326636697325825
2018-11-01,90.12999725341795,0.0215327172030335,0.8436778339716563
2018-11-02,88.52999877929688,-0.017911578260381,-0.8327373100812414
2018-11-05,83.80000305175781,-0.0549084199291817,-2.648877564310683
2018-11-06,86.0999984741211,0.0270763498063198,1.2455068575571286
2018-11-07,90.18000030517578,0.0462982826654978,2.1399402793312836
2018-11-08,91.41000366210938,0.0135472453511735,0.5912747023588912
2018-11-09,87.5999984741211,-0.0425739412045488,-2.0697049289452054
2018-11-12,82.08000183105469,-0.0650865767930063,-3.0662679271983753
2018-11-13,80.75,-0.0163364416278644,-0.7909367390416491
2018-11-14,79.38999938964844,-0.0169855540537595,-0.8197827231856974
2018-11-15,81.7300033569336,0.0290487645524875,1.3117831269313267
2018-11-16,81.88999938964844,0.0019557032272927,0.0591903984098975
2018-11-19,76.02999877929688,-0.0742488926439871,-3.3850162754377133
2018-11-20,75.30000305175781,-0.0096478078509603,-0.44699339521504444
2018-11-21,78.08999633789062,0.0363817854447338,1.6282391729452153
2018-11-23,77.31999969482422,-0.0099093103853621,-0.46618477711352896
2018-11-26,80.88999938964844,0.0451375490911987,2.00016274252267
2018-11-27,81.0199966430664,0.0016057968567396,0.048820508588497104
2018-11-28,84.2300033569336,0.0388551958404921,1.7056941877903018
2018-11-29,85.05000305175781,0.0096881625421545,0.4008714660711102
2018-11-30,83.93000030517578,-0.0132562329929849,-0.6192909851008166
2018-12-03,86.45999908447266,0.0296987469196466,1.286382818126278
2018-12-04,82.63999938964844,-0.0451880512247422,-2.0267439308588364
2018-12-06,83.95999908447266,0.0158466666223889,0.6664900075081991
2018-12-07,80.75,-0.0389825219453386,-1.7393485099310961
2018-12-10,82.48999786376953,0.0213190858730324,0.9026970389626866
2018-12-11,82.48999786376953,0.0,-0.02917636857164508
2018-12-12,83.37000274658203,0.010611517391212,0.4362242444005577
2018-12-13,81.11000061035156,-0.0274822997597715,-1.2273265127644555
2018-12-14,79.68000030517578,-0.0177876485008785,-0.7992738034945494
2018-12-17,76.52999877929688,-0.040335812235179,-1.7771048408988772
2018-12-18,76.80000305175781,0.0035218750188743,0.1335089121411335
2018-12-19,75.41999816894531,-0.0181322123379499,-0.8042470230274943
2018-12-20,73.2699966430664,-0.0289212651961696,-1.263597164630501
2018-12-21,73.47000122070312,0.0027259738912373,0.1087392469898985
2018-12-24,73.55999755859375,0.0012241902996283,0.04013813861451866
2018-12-26,76.75,0.042452019920505,1.815472574611906
2018-12-27,76.62000274658203,-0.0016952113480014,-0.09031658760808949
2018-12-28,77.58999633789062,0.0125803305883383,0.5223056448418395
2018-12-31,79.31999969482422,0.0220517940965515,0.9289079894986472
2019-01-02,73.43000030517578,-0.0771577241846663,-3.2677549076851222
2019-01-03,72.44000244140625,-0.0135739089018559,-0.5808015528396738
2019-01-04,77.1500015258789,0.0629929318695773,2.6028567951484467
2019-01-07,74.20999908447266,-0.0388526989421888,-1.6217532145468014
2019-01-08,74.1500015258789,-0.0008088104828479,-0.045887003744710435
2019-01-09,74.87999725341797,0.0097967063273412,0.43745006488646376
2019-01-10,74.22000122070312,-0.0088531234100117,-0.3888725849637031
2019-01-11,73.05000305175781,-0.0158894921065475,-0.6946222295808581
2019-01-14,74.3499984741211,0.0176394724102511,0.7853747957658032
2019-01-15,76.97000122070312,0.0346320990224457,1.5212178100631806
2019-01-16,73.9800033569336,-0.039620919625154,-1.7378379623370404
2019-01-17,74.80999755859375,0.0111567014690167,0.4847895324813704
2019-01-18,74.94999694824219,0.001869650581802,0.07714085075334805
2019-01-22,76.45999908447266,0.0199465324629711,0.8736546605521253
2019-01-23,74.16999816894531,-0.0304079852331299,-1.3280832535107754
2019-01-24,76.86000061035156,0.0356258620165817,1.5518601029259997
2019-01-25,78.44999694824219,0.0204758472005877,0.8873569467323057
2019-01-28,78.44000244140625,-0.0001274078257165,-0.008546950939031185
2019-01-29,76.55000305175781,-0.0243898704827564,-1.0571633956210575
2019-01-30,76.93000030517578,0.0049517594678767,0.21768638392737832
2019-01-31,81.19000244140625,0.0538961955068658,2.30932474622507
2019-02-01,82.52999877929688,0.0163697318689325,0.6906758234236021
2019-02-04,81.08000183105469,-0.0177255046464618,-0.7700840332451557
2019-02-05,81.72000122070312,0.0078624407199431,0.32496150025460513
2019-02-06,81.43000030517578,-0.0035550256603042,-0.16958986638681187
2019-02-07,81.31999969482422,-0.0013517742193775,-0.07181373251255466
2019-02-08,81.97000122070312,0.0079613565496415,0.32926877456562753
2019-02-11,82.8499984741211,0.0106783838981931,0.44032465472789345
2019-02-12,84.3499984741211,0.0179430654469223,0.7505735617280357
2019-02-13,84.95999908447266,0.0072057558155211,0.2867281212729999
2019-02-14,84.83000183105469,-0.0015312713130146,-0.09335500968726536
2019-02-15,88.45999908447266,0.0419011866859281,1.7778125531845823
2019-02-19,87.62999725341797,-0.0094270883657446,-0.43047879940505923
2019-02-20,85.83999633789062,-0.0206383180644127,-0.9103617359510077
2019-02-21,85.2300033569336,-0.0071315317394378,-0.32401862936331816
2019-02-22,87.5999984741211,0.0274274566026706,1.16098884373074
2019-02-25,89.91999816894531,0.0261393852585914,1.1089350416740436
2019-02-26,92.11000061035156,0.0240631558442493,1.0177094085493958
2019-02-27,93.5199966430664,0.0151917596419798,0.6301311443526166
2019-02-28,93.91000366210938,0.0041616345440109,0.14640678530573178
2019-03-01,94.3499984741211,0.0046743398295531,0.1650171725697889
2019-03-04,92.51000213623048,-0.0196944857669076,-0.9057519596293512
2019-03-05,93.86000061035156,0.0144875469939442,0.5917099152150466
2019-03-06,92.12999725341795,-0.0186037235602448,-0.8526892102915443
2019-03-07,93.08000183105467,0.0102587647971154,0.4251381977707639
2019-03-08,92.02999877929688,-0.0113447605193503,-0.5259280619198268
2019-03-11,93.97000122070312,0.0208609977987443,0.8943615705463858
2019-03-12,95.87999725341795,0.0201217855348232,0.8585107689443113
2019-03-13,95.7300033569336,-0.0015656168952015,-0.09434981284109806
2019-03-14,95.95999908447266,0.0023996644058308,0.08476106003985993
2019-03-15,98.04000091552734,0.0214441395674406,0.9257775961570541
2019-03-18,97.47000122070312,-0.0058309171252118,-0.28371624904619275
2019-03-19,98.83000183105467,0.0138565700424046,0.5886240968591189
2019-03-20,99.47000122070312,0.0064548825209869,0.2571169609066463
2019-03-21,101.87000274658205,0.0238414141272166,1.0234214889155429
2019-03-22,97.83999633789062,-0.0403640636142686,-1.8010421853757912
2019-03-25,97.18000030517578,-0.006768521831272,-0.32157575438841135
2019-03-26,96.76000213623048,-0.0043312242986258,-0.21538178948490877
2019-03-27,93.38999938964844,-0.0354494412333323,-1.5759141059110084
2019-03-28,94.04000091552734,0.0069359668212651,0.2924631933714803
2019-03-29,95.08999633789062,0.011103539631939,0.47098873864488966
2019-04-01,95.43000030517578,0.0035692245877468,0.14108020573310615
2019-04-02,95.8000030517578,0.0038697192052595,0.1504908504321437
2019-04-03,96.2300033569336,0.0044784774204658,0.17684164934953867
2019-04-04,95.75,-0.0050005661920342,-0.243852753933174
2019-04-05,95.8499984741211,0.0010438255114518,0.027400456884440223
2019-04-08,94.62000274658205,-0.0129155543417058,-0.5962043830793307
2019-04-09,93.9000015258789,-0.0076384967662426,-0.35762838214474013
2019-04-10,93.76000213623048,-0.0014920538515283,-0.08143536279544489
2019-04-11,93.48999786376952,-0.0028838927593346,-0.14423535797035522
2019-04-12,93.3499984741211,-0.0014986022114477,-0.08193415527275251
2019-04-15,91.43000030517578,-0.0207821981278047,-0.9376789347395896
2019-04-16,89.48999786376953,-0.0214467921905406,-0.9604483663195275
2019-04-17,82.72000122070312,-0.0786654378064342,-3.4102721375984753
2019-04-18,82.12999725341797,-0.007158101206953,-0.29814174170654395
2019-04-22,82.43000030517578,0.0036461277171627,0.17072724434344877
2019-04-23,83.20999908447266,0.0094180698823486,0.417119206965489
2019-04-24,83.31999969482422,0.0013210908203494,0.06388960875438457
2019-04-25,83.19999694824219,-0.0014413015826949,-0.05932945180607893
2019-04-26,85.12999725341797,0.0229321564851985,0.9971669148152295
2019-04-29,86.12000274658203,0.0115622367560815,0.5039632316766934
2019-04-30,86.25,0.0015083515228081,0.06786402589113577
2019-05-01,84.83000183105469,-0.0166007805068361,-0.7205506543280881
2019-05-02,86.08000183105469,0.0146278422803871,0.638856713337595
2019-05-03,96.66999816894533,0.1160259798502018,4.796113517193726
2019-05-06,101.87999725341795,0.0524925256170427,2.132262553885144
2019-05-07,102.55999755859376,0.0066523462154318,0.24183074275185654
2019-05-08,102.80999755859376,0.0024346314401523,0.06670489642733266
2019-05-09,104.87999725341795,0.0199342124597422,0.7847336132850399
2019-05-10,103.18000030517578,-0.0163417744933842,-0.7078414455565021
2019-05-13,101.4000015258789,-0.0174019325690085,-0.7451450996653246
2019-05-14,103.3499984741211,0.0190481651583903,0.7561257931442273
2019-05-15,104.08999633789062,0.0071346029816438,0.26533117736638284
2019-05-16,106.1999969482422,0.0200682057266563,0.7932605751274774
2019-05-17,103.9000015258789,-0.0218951672806734,-0.9298325691985321
2019-05-20,104.08000183105467,0.0017309390057965,0.04298170463456167
2019-05-21,104.73999786376952,0.0063212166587742,0.23073855766616405
2019-05-22,106.9499969482422,0.0208803385381932,0.8284053869697428
2019-05-23,105.56999969482422,-0.0129871698831192,-0.5648265458875628
2019-05-24,108.56999969482422,0.0280208863220341,1.1188020152872784
2019-05-28,109.4499969482422,0.008072672653311,0.3071509764074498
2019-05-29,107.1500015258789,-0.0212380599260323,-0.8997558593705923
2019-05-30,110.04000091552734,0.0266142082161511,1.0709248514306118
2019-05-31,109.79000091552734,-0.0022744857907875,-0.11953631323413508
2019-06-03,109.31999969482422,-0.0042901003172516,-0.20176669677628203
2019-06-04,111.79000091552734,0.0223427612036564,0.8923435320220269
2019-06-05,111.9800033569336,0.00169819442678,0.04284754827896373
2019-06-06,112.6999969482422,0.0064090800684124,0.23667928577625974
2019-06-07,111.41000366210938,-0.0115122710253467,-0.496906943830132
2019-06-10,112.4000015258789,0.0088468280932385,0.3355519980496241
2019-06-11,109.7699966430664,-0.0236767139173223,-0.9974964812396786
2019-06-12,115.8499984741211,0.0539090005895216,2.1782809115104462
2019-06-13,116.88999938964844,0.0089370786908647,0.34028475797247265
2019-06-14,115.08999633789062,-0.0155189172372175,-0.6549466065704301
2019-06-17,116.43000030517578,0.0115758375091621,0.44870160907747964
2019-06-18,118.5999984741211,0.0184662370278327,0.7255962214286498
2019-06-19,120.7300033569336,0.0178002014517264,0.693973065075406
2019-06-20,119.5500030517578,-0.0098219557182184,-0.44007462781433043
2019-06-21,119.7699966430664,0.0018384894998728,0.0431465118964143
2019-06-24,117.72000122070312,-0.0172642751964283,-0.7420569151392781
2019-06-25,116.05999755859376,-0.0142016560080824,-0.6124253330741987
2019-06-26,115.29000091552734,-0.0066565765407926,-0.315810345803814
2019-06-27,116.61000061035156,0.0113843375804244,0.43682989482931084
2019-06-28,119.37999725341795,0.0234766209670816,0.9399992207998765
2019-07-01,118.5,-0.0073986991582643,-0.3633767769634423
2019-07-02,119.0999984741211,0.0050505029743227,0.15901135925976945
2019-07-03,119.58999633789062,0.0041057318090028,0.11878714591999631
2019-07-05,119.8499984741211,0.0021717527903096,0.03690216336437517
2019-07-08,117.3499984741211,-0.0210800388545916,-0.943574994355356
2019-07-09,118.94000244140624,0.0134582755105859,0.5215463819715536
2019-07-10,121.91999816894533,0.0247458921150272,0.9967208524133854
2019-07-11,123.8000030517578,0.0153023079813617,0.592378600970912
2019-07-12,120.25,-0.0290944759153342,-1.2822599907620669
2019-07-15,120.6999969482422,0.0037351938337887,0.10461433130298835
2019-07-16,119.68000030517578,-0.0084865860435609,-0.4143654317485549
2019-07-17,121.25,0.0130330130414941,0.49344111715010025
2019-07-18,122.31999969482422,0.0087860293083174,0.3152082692619956
2019-07-19,121.16999816894533,-0.0094460559939313,-0.4522124691191702
2019-07-22,120.87000274658205,-0.0024788925371747,-0.15650135039014307
2019-07-23,121.75,0.0072541513678951,0.251883265637299
2019-07-24,123.56999969482422,0.0148380326837406,0.5681928516477963
2019-07-25,123.33999633789062,-0.0018630547742673,-0.1444023801861583
2019-07-26,123.98999786376952,0.0052561600905235,0.16118373870116548
2019-07-29,125.11000061035156,0.008992455245132,0.3188710965038992
2019-07-30,125.83000183105467,0.0057384489478619,0.17512395285952603
2019-07-31,122.94000244140624,-0.0232353528183083,-1.0617620934335426
2019-08-01,122.55999755859376,-0.0030957652651907,-0.19812613727662046
2019-08-02,120.88999938964844,-0.0137196499071079,-0.6480721198291929
2019-08-05,117.93000030517578,-0.0247898054754336,-1.113743598583301
2019-08-06,143.1300048828125,0.1936621116210043,7.300333319840673
2019-08-07,142.33999633789062,-0.0055348061674294,-0.2875322208872902
2019-08-08,145.8000030517578,0.0240173043624569,0.834055334285063
2019-08-09,152.30999755859375,0.0436820610925392,1.566796268013992
2019-08-12,151.0500030517578,-0.0083069735619129,-0.399220300889208
2019-08-13,152.77000427246094,0.0113226223079461,0.34430210800497507
2019-08-14,146.38999938964844,-0.042659261330286,-1.6853044375330768
2019-08-15,151.41000366210938,0.0337171241930202,1.1839356353137394
2019-08-16,150.24000549316406,-0.0077573611844421,-0.37423855817645435
2019-08-19,152.5399932861328,0.0151927606997318,0.48904266333416757
2019-08-20,152.42999267578125,-0.0007213864982479,-0.10854355301987412
2019-08-21,153.97999572753906,0.0101172698790173,0.29924150379459596
2019-08-22,155.19000244140625,0.0078274923122105,0.21429759569882842
2019-08-23,154.08999633789062,-0.0071133648875373,-0.3419276753568865
2019-08-26,154.36000061035156,0.0017507170957766,-0.00822482670940275
2019-08-27,151.4499969482422,-0.0190320233005165,-0.7886204923941059
2019-08-28,150.33999633789062,-0.0073561459325065,-0.34297274415011014
2019-08-29,152.50999450683594,0.0143307602592321,0.4781967850215131
2019-08-30,154.1699981689453,0.0108257461456875,0.3452582559293734
2019-09-03,167.9499969482422,0.0856104200922753,3.1063048815579024
2019-09-04,157.1199951171875,-0.0666564843584768,-2.505118727622934
2019-09-05,158.8300018310547,0.0108246458462649,0.33528614855615063
2019-09-06,157.00999450683594,-0.0115249967741048,-0.48456392442077273
2019-09-09,147.3800048828125,-0.0632951441317317,-2.3473041068821714
2019-09-10,146.3699951171875,-0.0068766893331454,-0.2992142386752487
2019-09-11,145.1699981689453,-0.0082321722763133,-0.3446287033341052
2019-09-12,144.52000427246094,-0.0044875210176103,-0.20518205257459712
2019-09-13,143.24000549316406,-0.0088963523629476,-0.3655696622086112
2019-09-16,143.10000610351562,-0.0009778542650982,-0.07601634578751038
2019-09-17,145.07000732421875,0.0136727058237845,0.45320120836679884
2019-09-18,148.0399932861328,0.0202660271279541,0.6868014041666738
2019-09-19,152.58999633789062,0.0302720997377317,1.0492955720490809
2019-09-20,155.8000030517578,0.0208185911203343,0.699335331179946
2019-09-23,158.5,0.0171814402930251,0.5631254740842209
2019-09-24,164.52000427246094,0.0372775760141372,1.2852069671135413
2019-09-25,165.55999755859375,0.0063014828027056,0.15988927068679062
2019-09-26,165.10000610351562,-0.002782264239498,-0.1660524730124934
2019-09-27,163.86000061035156,-0.007538979456176,-0.33652528652014224
2019-09-30,164.92999267578125,0.0065086886135113,0.17219379764980125
2019-10-01,162.8300018310547,-0.0128143740306942,-0.5279251938258454
2019-10-02,157.30999755859375,-0.0344883577066222,-1.3078162445121015
2019-10-03,158.69000244140625,0.0087342636448034,0.2535540441398168
2019-10-04,155.60000610351562,-0.0196639779895332,-0.7778906237993333
2019-10-07,158.07000732421875,0.0157493682546203,0.5028096490125934
2019-10-08,153.07000732421875,-0.0321426382721557,-1.2374619494225223
2019-10-09,154.74000549316406,0.0108509436681892,0.32175455570973627
2019-10-10,154.89999389648438,0.0010333833992575,-0.03953036439743974
2019-10-11,153.38999938964844,-0.0097960142389463,-0.44026678305662365
2019-10-14,152.25,-0.007459787190928,-0.35409335630579447
2019-10-15,155.4199981689453,0.0206072114097572,0.6727960347334572
2019-10-16,155.61000061035156,0.0012217629539706,-0.03685406007937452
2019-10-17,156.47999572753906,0.0055752980292132,0.12869131328662015
2019-10-18,153.74000549316406,-0.0176652793317421,-0.7234073859316156
2019-10-21,153.8800048828125,0.0009102099641886,-0.04469609152875026
2019-10-22,150.8699951171875,-0.0197546031277816,-0.8060458121028676
2019-10-23,146.49000549316406,-0.0294613022473746,-1.1563188148238752
2019-10-24,149.35000610351562,0.0193353812890753,0.6343713663630574
2019-10-25,145.8699951171875,-0.0235768049049186,-0.9506235548460401
2019-10-28,147.16000366210938,0.0088046744974014,0.2412295307133668
2019-10-29,146.9199981689453,-0.0016322466332664,-0.14238436054357997
2019-10-30,146.99000549316406,0.0004763861363711,-0.0659774405288567
2019-10-31,145.32000732421875,-0.0114263368712763,-0.5014565262517464
2019-11-01,146.47999572753906,0.0079506134450927,0.2205080702559421
2019-11-04,145.63999938964844,-0.005751052082308,-0.2845334665458257
2019-11-05,144.80999755859375,-0.0057152976352739,-0.2852666610319413
2019-11-06,159.99000549316406,0.0996888261339063,3.552726574260494
2019-11-07,164.8699951171875,0.0300459073419086,1.004358531306464
2019-11-08,169.4600067138672,0.0274596954325531,0.9156884289073007
2019-11-11,173.99000549316406,0.0263809074808444,0.8731902572583685
2019-11-12,177.3000030517578,0.0188453724222108,0.5909306863441003
2019-11-13,177.61000061035156,0.0017469084231481,-0.04908348651830865
2019-11-14,176.8800048828125,-0.0041185745612889,-0.26987444490089374
2019-11-15,180.33999633789065,0.0193723736106482,0.6018128210972528
2019-11-18,182.4900054931641,0.0118514693368363,0.3240543563205345
2019-11-19,180.88999938964844,-0.0088062987625167,-0.44683299265156784
2019-11-20,180.22999572753903,-0.003655319040275,-0.26922944072838845
2019-11-21,175.77999877929688,-0.0250005831071045,-1.0765938630334861
2019-11-22,176.75999450683594,0.0055596429935698,0.08825140943026992
2019-11-25,181.16000366210935,0.0245877897172167,0.8068813157385182
2019-11-26,184.32000732421875,0.0172927783411634,0.5359585069929209
2019-11-27,186.0,0.0090732564692458,0.22069218884355601
2019-11-29,185.6999969482422,-0.0016142217883474,-0.1822253735637584
2019-12-02,181.8999938964844,-0.0206753999550142,-0.907247413954217
2019-12-03,184.0399932861328,0.0116960368369496,0.32875075768076284
2019-12-04,182.88999938964844,-0.0062682129275651,-0.35472274185407776
2019-12-05,184.22999572753903,0.0073000779392855,0.1591814578990191
2019-12-06,183.9600067138672,-0.0014665746504445,-0.1770495320809267
2019-12-09,180.66000366210935,-0.0181015471756416,-0.8266926320239089
2019-12-10,178.1999969482422,-0.0137103340811793,-0.6509346706172094
2019-12-11,180.19000244140625,0.0111053653765449,0.3107189258806133
2019-12-12,173.27999877929688,-0.0391030870797941,-1.6222076938132504
2019-12-13,175.64999389648438,0.013584567755673,0.40718747262999405
2019-12-16,174.69000244140625,-0.00548035547088,-0.3331071563273094
2019-12-17,175.35000610351562,0.0037710229010155,0.018744921709886952
2019-12-18,172.5,-0.0163867749223889,-0.7629504351587605
2019-12-19,170.52999877929688,-0.0114860093048811,-0.573604161471946
2019-12-20,172.8800048828125,0.0136865132760378,0.4016261880276912
2019-12-23,170.89999389648438,-0.0115191860349856,-0.5805302134787454
2019-12-24,171.61000061035156,0.0041459095632462,0.030621776134217828
2019-12-26,171.75999450683594,0.0008736576180674,-0.0911187314743995
2019-12-27,172.50999450683594,0.0043570523741696,0.04458007464916783
2019-12-30,169.35000610351562,-0.0184875586584525,-0.8457524362293483
2019-12-31,171.1999969482422,0.010864830577337,0.3063707061221272
2020-01-02,169.77000427246094,-0.0083878408932401,-0.46855862003928594
2020-01-03,171.47999572753906,0.0100220118258485,0.26431259544258556
2020-01-06,177.80999755859375,0.0362489339228731,1.3290151783183577
2020-01-07,175.67999267578125,-0.0120514341069504,-0.6274423420799883
2020-01-08,176.9499969482422,0.0072030729145462,0.1521496030672139
2020-01-09,180.67999267578125,0.0208602807044073,0.703648693298597
2020-01-10,182.52999877929688,0.0101870661375698,0.26818958480225075
2020-01-13,184.4499969482422,0.0104638711105001,0.27547228008198904
2020-01-14,185.2599945068359,0.004381806677266,0.030815410832969212
2020-01-15,187.05999755859375,0.0096691937801699,0.2503023759512144
2020-01-16,191.4600067138672,0.0232495366299457,0.7972049020563171
2020-01-17,188.7599945068359,-0.0142026068280176,-0.7310290489508999
2020-01-21,190.9499969482422,0.0115352599326796,0.31991582856057205
2020-01-22,191.22000122070312,0.0014130063515112,-0.09103511027730332
2020-01-23,192.0,0.0040707679867187,0.0121779090696811
2020-01-24,192.55999755859375,0.0029124087683567,-0.03018151419867576
2020-01-27,193.0099945068359,0.0023341917774626,-0.05109945503134975
2020-01-28,193.5099945068359,0.002587189760477,-0.04110599309873535
2020-01-29,195.7599945068359,0.0115602287396306,0.3240847500810095
2020-01-30,196.9199981689453,0.0059081545178213,0.09011371812252582
2020-01-31,194.0399932861328,-0.0147332568149434,-0.7581907332657134
2020-02-03,194.83999633789065,0.0041144013662851,0.029426704727398948
2020-02-04,197.72000122070312,0.0146732044697848,0.46493405716214425
2020-02-05,194.3000030517578,-0.0174485225228401,-0.8707247287995634
2020-02-06,198.41000366210935,0.0209322431738447,0.7246984631883437
2020-02-07,200.02999877929688,0.0081317339329002,0.1899434788377155
2020-02-10,202.63999938964844,0.0129636534848591,0.3902935855128048
2020-02-11,203.25,0.0030057457464995,-0.023132640859996795
2020-02-12,201.80999755859375,-0.0071100998198443,-0.44047741487686937
2020-02-13,205.41000366210935,0.0176813510212969,0.5903497809020506
2020-02-14,212.32000732421875,0.0330866054506561,1.2225146815026846
2020-02-18,212.27000427246097,-0.0002355356961928,-0.15476233320534244
2020-02-19,215.6699981689453,0.0158903837899778,0.5139478261767242
2020-02-20,216.44000244140625,0.00356393088055,-0.004433232057368495
2020-02-21,212.30999755859375,-0.019265924797813,-0.9556664975606167
2020-02-24,207.30999755859375,-0.0238322134881263,-1.137139259911388
2020-02-25,196.72999572753903,-0.0523830371976341,-2.2951384024499792
2020-02-26,180.00999450683594,-0.0888198341840601,-3.6850356621535942
2020-02-27,183.75,0.0205637637062162,0.7200249249228413
2020-02-28,189.97000122070312,0.0332900332897795,1.2240768751095048
2020-03-02,181.5099945068359,-0.045555453040539,-1.9186130598434978
2020-03-03,174.25999450683594,-0.0407623130618516,-1.7168153255658312
2020-03-04,179.0500030517578,0.0271167082082721,0.9726935886564892
2020-03-05,180.8800048828125,0.0101687414758689,0.29714525707089495
2020-03-06,179.3000030517578,-0.0087734573329881,-0.45107398345948196
2020-03-09,172.6699981689453,-0.0376781498115077,-1.5860715456467098
2020-03-10,180.52999877929688,0.0445147143668127,1.6478212371181817
2020-03-11,172.11000061035156,-0.0477631513586153,-1.9553363180799508
2020-03-12,165.6699981689453,-0.0381359639301526,-1.5661524204947064
2020-03-13,165.07000732421875,-0.003628176168195,-0.2245600784932275
2020-03-16,137.27999877929688,-0.1843470438822454,-6.568614422023085
2020-03-17,130.11000061035156,-0.0536423756411567,-1.9240131238611737
2020-03-18,130.00999450683594,-0.0007689228842087,-0.0652398830967859
2020-03-19,139.99000549316406,0.0739597024042036,2.5182453637217397
2020-03-20,142.60000610351562,0.018472520055425,0.5947251164643106
2020-03-23,143.8000030517578,0.0083799157273369,0.23874881735057377
2020-03-24,157.50999450683594,0.0910654469294415,3.048602879366893
2020-03-25,166.42999267578125,0.055085843152205,1.7985718596606122
2020-03-26,177.77000427246094,0.0659158473774075,2.1400715083388864
2020-03-27,175.75,-0.0114280732774637,-0.46961812522942303
2020-03-30,174.5800018310547,-0.006679430895229,-0.30690528349418345
2020-03-31,165.67999267578125,-0.0523249269152356,-1.828141572953517
2020-04-01,159.1699981689453,-0.0400853709423143,-1.4062499842989746
2020-04-02,167.0399932861328,0.0482604625631073,1.53170466175411
2020-04-03,164.9199981689453,-0.0127727677650877,-0.4961861835473631
2020-04-06,171.89999389648438,0.0414523801465889,1.2961921140733934
2020-04-07,165.6699981689453,-0.0369150299845794,-1.2926223902896004
2020-04-08,175.8699951171875,0.0597472110864878,1.878069070894294
2020-04-09,182.94000244140625,0.0394131855890993,1.2023255163310673
2020-04-13,180.0,-0.0162013926834012,-0.6144963611446801
2020-04-14,185.16000366210935,0.0282634850509396,0.8338119082765886
2020-04-15,187.4199981689453,0.0121317419847339,0.3033112907882404
2020-04-16,192.3500061035156,0.0259645830037198,0.7492194448747539
2020-04-17,199.33999633789065,0.0356952302385342,1.065261631115886
2020-04-20,203.97999572753903,0.0230100377087442,0.6413374152012947
2020-04-21,197.5099945068359,-0.0322327407181971,-1.176928281845095
2020-04-22,200.0099945068359,0.0125781496749455,0.29990122991657825
2020-04-23,206.16000366210935,0.0302852462739117,0.8784496039312719
2020-04-24,203.8300018310547,-0.0113662620286593,-0.4909152142924885
2020-04-27,198.91000366210935,-0.0244338425510277,-0.9138535186931784
2020-04-28,191.6499938964844,-0.0371817195484905,-1.3220716906972472
2020-04-29,196.5500030517578,0.0252461074151275,0.7192490125580108
2020-04-30,199.72000122070312,0.0159995243499886,0.4126158580394903
2020-05-01,194.88999938964844,-0.0244810980423228,-0.9065129179322937
2020-05-04,192.88999938964844,-0.010315218630256,-0.43886259599810024
2020-05-05,201.2599945068359,0.0424775021394158,1.339671047708335
2020-05-06,206.55999755859375,0.025993338067658,0.7809650878063352
2020-05-07,215.1499938964844,0.0407445156369795,1.2679919051910533
2020-05-08,217.6300048828125,0.0114609646463224,0.28731668288460466
2020-05-11,224.72999572753903,0.032103267054094,0.9723534850969153
2020-05-12,220.6999969482422,-0.0180953631813107,-0.7098114779797122
2020-05-13,195.02000427246097,-0.1237021601202793,-4.08829464610653
2020-05-14,201.55999755859375,0.032984952385062,0.981583721372866
2020-05-15,203.97999572753903,0.0119348371770384,0.3022413329099642
2020-05-18,201.2599945068359,-0.0134243516655645,-0.5194195334309261
2020-05-19,195.66000366210935,-0.0282190994653359,-0.9924684304678026
2020-05-20,195.4499969482422,-0.0010739011210258,-0.114655664090249
2020-05-21,193.88999938964844,-0.0080135918299691,-0.335285814110063
2020-05-22,192.0800018310547,-0.0093790233492179,-0.37995456628421115
2020-05-26,182.6300048828125,-0.0504496865057268,-1.6901004844005878
2020-05-27,178.42999267578125,-0.0232659485448407,-0.8102075357172255
2020-05-28,184.5800018310547,0.0338866573623433,1.0189017517819108
2020-05-29,188.57000732421875,0.0213863458221338,0.6184341684569221
2020-06-01,188.77999877929688,0.001112979850846,-0.03334600766348703
2020-06-02,186.5,-0.0121510703466544,-0.4583567320623459
2020-06-03,181.0,-0.0299342078180445,-1.0215898508302492
2020-06-04,172.97999572753906,-0.0453210750866216,-1.5023663955103677
2020-06-05,179.02999877929688,0.0343774265655498,1.0369522602284071
2020-06-08,180.9499969482422,0.0106673503997981,0.27865523258171926
2020-06-09,181.8699951171875,0.0050713861465569,0.10078155576205604
2020-06-10,186.1999969482422,0.0235292291621808,0.6834299881428941
2020-06-11,180.97999572753903,-0.0284348441376679,-0.966665421652325
2020-06-12,180.55999755859375,-0.0023233853276433,-0.1295880410096124
2020-06-15,184.8000030517578,0.0232110567334462,0.6825211748571501
2020-06-16,183.88999938964844,-0.0049364262877751,-0.21599382075157733
2020-06-17,193.8300018310547,0.0526437462512385,1.6145875620433956
2020-06-18,189.5,-0.022592471162407,-0.775995680959611
2020-06-19,199.52000427246097,0.0515254788229426,1.5678911780774496
2020-06-22,201.9499969482422,0.0121056235525456,0.31775328934456054
2020-06-23,200.5099945068359,-0.0071560334793177,-0.29375451669979263
2020-06-24,192.11000061035156,-0.042795965601206,-1.414685148886249
2020-06-25,193.44000244140625,0.006899271670037,0.1530444486585155
2020-06-26,187.1999969482422,-0.032789851746116,-1.0925326277636207
2020-06-29,186.97000122070312,-0.0012293650353121,-0.09493291486072691
2020-06-30,194.2599945068359,0.0382492569907484,1.1418165939188147
2020-07-01,194.6000061035156,0.0017487614195186,-0.006280103727647908
2020-07-02,201.11000061035156,0.0329058239651038,0.9687026951065858
2020-07-06,204.67999267578125,0.017595723071711,0.48570150690835884
2020-07-07,206.1300048828125,0.0070593132459819,0.15158562292299488
2020-07-08,207.69000244140625,0.0075395337139747,0.1674466204464782
2020-07-09,211.2899932861328,0.0171849705367316,0.4718141344614026
2020-07-10,207.82000732421875,-0.016559209982236,-0.5851972493239473
2020-07-13,194.0099945068359,-0.0687626798547975,-2.2039266947267335
2020-07-14,196.1699981689453,0.0110719450944827,0.28517965656250455
2020-07-15,202.25,0.0305229350313267,0.8857321254993997
2020-07-16,196.4199981689453,-0.0292493415311126,-0.9689286434941655
2020-07-17,199.92999267578125,0.0177120542423365,0.48988674700862395
2020-07-20,203.1000061035156,0.0157312299882891,0.42517136587019766
2020-07-21,202.3500061035156,-0.003699597153079,-0.17850848332259642
2020-07-22,203.27999877929688,0.0045854315218403,0.0792840919720187
2020-07-23,201.6199951171875,-0.0081996195989778,-0.315228104403937
2020-07-24,196.69000244140625,-0.0247558157336389,-0.8258700046300342
2020-07-27,192.5500030517578,-0.0212730215641702,-0.7137884683467706
2020-07-28,196.3800048828125,0.0196957064951581,0.5549571553132104
2020-07-29,200.38999938964844,0.0202138821149875,0.5688845964870154
2020-07-30,201.42999267578125,0.005176425408986,0.0997611769264729
2020-07-31,203.36000061035156,0.009535920313259,0.2333785416121628
2020-08-03,202.4499969482422,-0.0044848830384402,-0.20258943888129013
2020-08-04,206.3699951171875,0.0191777231415167,0.5264472836456581
2020-08-05,215.32000732421875,0.0424546771627061,1.3629617833419223
2020-08-06,220.4199981689453,0.023409481248017,0.7227640137121255
2020-08-07,217.72999572753903,-0.0122790655147996,-0.46284845025135596
2020-08-10,203.94000244140625,-0.0654298985342011,-2.20895685209384
2020-08-11,198.83999633789065,-0.0253253820981741,-0.8751440049085821
2020-08-12,204.6499938964844,0.0288007103051412,0.9143818132679571
2020-08-13,206.55999755859375,0.0092897421647305,0.2631879445014108
2020-08-14,202.1300048828125,-0.021679836363277,-0.7590923589362992
2020-08-17,209.6000061035156,0.0362899026510142,1.1599544595097786
2020-08-18,209.94000244140625,0.0016208056700051,0.011726553199382874
2020-08-19,209.7599945068359,-0.0008577934091818,-0.07050859031059101
2020-08-20,210.0399932861328,0.001333962977414,0.003382774235235968
2020-08-21,208.6000061035156,-0.0068793849788558,-0.2672771731053801
2020-08-24,209.9600067138672,0.006498496534891,0.17495077836544926
2020-08-25,217.7599945068359,0.0364764453163982,1.162266856387056
2020-08-26,215.42999267578125,-0.010757516885186,-0.40262825025646676
2020-08-27,216.3300018310547,0.0041690312687535,0.09027034951683487
2020-08-28,214.33999633789065,-0.009241505861616,-0.35092602339211104
2020-08-31,218.25,0.0180776725203762,0.5530061429026573
2020-09-01,223.2100067138672,0.0224718677299114,0.7173521731924627
2020-09-02,224.27999877929688,0.0047822033630847,0.11445740969051141
2020-09-03,209.0099945068359,-0.0705131943843949,-2.4041305972821583
2020-09-04,204.8300018310547,-0.0202016956763613,-0.7132455028597878
2020-09-08,204.57000732421875,-0.0012701247482856,-0.08709155669870328
2020-09-09,212.44000244140625,0.0377493560427478,1.225020591013844
2020-09-10,213.0,0.0026325586630112,0.03753707890836916
2020-09-11,211.58999633789065,-0.0066417431288007,-0.27545199279371263
2020-09-14,218.11000061035156,0.0303491029015026,0.9672204414479969
2020-09-15,225.58999633789065,0.0337196506847311,1.0737776123290106
2020-09-16,222.52000427246097,-0.0137021717594201,-0.5180378078737716
2020-09-17,223.72000122070312,0.0053782710023371,0.12589601372671583
2020-09-18,225.02000427246097,0.0057940307201778,0.14342323871928123
2020-09-21,224.57000732421875,-0.0020018109250905,-0.11653926795422796
2020-09-22,230.55999755859375,0.0263236264573214,0.8376129740045664
2020-09-23,227.6499938964844,-0.0127017866923559,-0.47300274991286584
2020-09-24,216.5500030517578,-0.0499878532165681,-1.7159464204980213
2020-09-25,223.9600067138672,0.0336460127054067,1.0876578470894123
2020-09-28,227.3800048828125,0.0151551537165327,0.4644746419524998
2020-09-29,231.97000122070312,0.0199854100473114,0.6241610982521564
2020-09-30,236.58999633789065,0.0197206115229705,0.6107846314716321
2020-10-01,237.55999755859375,0.004091543125169,0.08248334982188578
2020-10-02,231.7599945068359,-0.0247178831115063,-0.8794132426863353
2020-10-05,235.3500061035156,0.0153714640217888,0.46073718451686113
2020-10-06,230.7400054931641,-0.0197822344750632,-0.7138209828946055
2020-10-07,244.3500061035156,0.057310089388872,1.8518036075174822
2020-10-08,247.7100067138672,0.0136570855064437,0.39365675746899353
2020-10-09,248.58999633789065,0.0035462040733801,0.05573017413981038
2020-10-12,245.97999572753903,-0.0105547238294408,-0.4149677580917711
2020-10-13,248.75,0.0111981615935774,0.3088380288781636
2020-10-14,247.9199981689453,-0.0033422699448768,-0.1735850683975633
2020-10-15,250.63999938964844,0.0109115381149387,0.3013190154962141
2020-10-16,248.3300018310547,-0.0092591300327194,-0.3704375754030267
2020-10-19,248.52000427246097,0.0007648282110665,-0.03813764808765604
2020-10-20,245.8300018310547,-0.0108830948067492,-0.42576006239329117
2020-10-21,241.13999938964844,-0.0192625724223059,-0.7058474307494719
2020-10-22,245.25,0.0169004232874164,0.4972450602598615
2020-10-23,249.38999938964844,0.016739835318256,0.49230585128655363
2020-10-26,253.52999877929688,0.0164642206459449,0.4782443727363719
2020-10-27,246.0399932861328,-0.0299880573572123,-1.0709606057153556
2020-10-28,228.41000366210935,-0.0743518213588668,-2.512517040297732
2020-10-29,228.72000122070312,0.001356277657569,-0.013147253697436297
2020-10-30,222.25,-0.0286956789571494,-1.0014118168704749
2020-11-02,215.97000122070312,-0.0286633595925043,-0.9936743249440954
2020-11-03,223.1000061035156,0.0324806139947341,1.010937264412528
2020-11-04,231.42999267578125,0.0366572915476631,1.1397209574599603
2020-11-05,255.67999267578125,0.0996492135879655,3.2029948454482224
2020-11-06,257.010009765625,0.0051883987092514,0.11242651072525417
2020-11-09,255.3300018310547,-0.0065581993128185,-0.2688863811134407
2020-11-10,260.0,0.0181247976872223,0.5434577313114682
2020-11-11,256.739990234375,-0.0126177693957698,-0.463212246599362
2020-11-12,260.6499938964844,0.0151146261778379,0.44677515530185113
2020-11-13,256.0,-0.0180010433180333,-0.6394254896576768
2020-11-16,253.0399932861328,-0.0116298920149989,-0.42626609063889503
2020-11-17,259.6099853515625,0.025632895999914,0.795407116819493
2020-11-18,259.2699890136719,-0.0013105010921497,-0.089917386401079
2020-11-19,264.239990234375,0.0189877967527995,0.5731523168067064
2020-11-20,265.239990234375,0.0037772955574683,0.07047278937080152
2020-11-23,265.8900146484375,0.0024477048279154,0.027191331636122036
2020-11-24,253.61000061035156,-0.0472850881415577,-1.591325721589856
2020-11-25,248.86000061035156,-0.018907164568878,-0.6576097876868404
2020-11-27,251.47999572753903,0.0104729547255177,0.30349113694187707
2020-11-30,257.7099914550781,0.0244714420345134,0.7572451387235526
2020-12-01,262.57000732421875,0.0186828524833497,0.5631899573835724
2020-12-02,255.07000732421875,-0.0289796950374871,-0.988084032360677
2020-12-03,255.5399932861328,0.0018408808839542,0.016761951816726267
2020-12-04,258.8800048828125,0.0129857258415001,0.3797243592435691
2020-12-07,249.69000244140625,-0.0361444945275606,-1.2155194074664146
2020-12-08,245.6499938964844,-0.0163124244355955,-0.5705318591539135
2020-12-09,243.8800048828125,-0.0072314127072788,-0.27593686198835243
2020-12-10,246.97000122070312,0.0125905556432703,0.36911209705109466
2020-12-11,238.9600067138672,-0.0329706747002079,-1.115815994765313
2020-12-14,239.0500030517578,0.0003765458342518,-0.027586157236038945
2020-12-15,241.7599945068359,0.0112727279645677,0.32534621539942654
2020-12-16,238.3000030517578,-0.0144150788918046,-0.509184345266928
2020-12-17,240.9199981689453,0.0109345236641944,0.31312937081372605
2020-12-18,240.6499938964844,-0.0011213501887666,-0.0811098274029695
2020-12-21,237.41000366210935,-0.0135549506736636,-0.4828333159117503
2020-12-22,254.4600067138672,0.0693550593864888,2.188556112745489
2020-12-23,260.9800109863281,0.0253001390312182,0.7623780219937099
2020-12-24,257.2799987792969,-0.0142788368845836,-0.5120017226774292
2020-12-28,255.9499969482422,-0.0051828802656186,-0.21753507437813147
2020-12-29,260.6499938964844,0.0181963868172614,0.5315414871175883
2020-12-30,260.54998779296875,-0.0003837532933855,-0.06611881947661329
2020-12-31,255.6300048828125,-0.0190636288951427,-0.6667036102201077
2021-01-04,251.6199951171875,-0.0158111120915852,-0.5583147840474106
2021-01-05,253.66000366210935,0.0080748085588796,0.21520837272171434
2021-01-06,252.3699951171875,-0.0050985567754631,-0.21110450404022477
2021-01-07,259.2099914550781,0.0267422657146874,0.8137880637047676
2021-01-08,265.75,0.0249175062064709,0.754134215913681
2021-01-11,254.6499938964844,-0.0426659878596969,-1.412988389663905
2021-01-12,265.82000732421875,0.0429293861841279,1.3279433270231054
2021-01-13,270.3999938964844,0.0170829060501471,0.4986240855633592
2021-01-14,284.1400146484375,0.0495648044008856,1.526008543686666
2021-01-15,281.20001220703125,-0.0104009226505171,-0.3801526375810188
2021-01-19,284.4599914550781,0.0115264127559792,0.31562773790141274
2021-01-20,293.04998779296875,0.0297505851643397,0.8931494212842382
2021-01-21,290.6199951171875,-0.0083266461761377,-0.31794853913898485
2021-01-22,290.29998779296875,-0.0011017261103135,-0.08729722796105917
2021-01-25,288.9100036621094,-0.004799595378823,-0.20402399208583816
2021-01-26,284.5799865722656,-0.0151008716688968,-0.5294279490158622
2021-01-27,260.0,-0.0903327309176241,-2.862970373564846
2021-01-28,275.0299987792969,0.0561985471717177,1.7064458993426697
2021-01-29,267.17999267578125,-0.0289576170386299,-0.9369731247740665
2021-02-01,263.75,-0.0129208763583392,-0.43917234697029855
2021-02-02,274.8399963378906,0.0411874120480851,1.2331851322192424
2021-02-03,274.3999938964844,-0.0016022232297642,-0.08991942848883823
2021-02-04,278.0,0.0130342400820399,0.35988022880336057
2021-02-05,281.1700134277344,0.0113384026781928,0.3086728257784207
2021-02-08,280.8900146484375,-0.0009963305998384,-0.07267137474626281
2021-02-09,282.0299987792969,0.0040502581613036,0.08493734928425059
2021-02-10,280.1499938964844,-0.0066882917056006,-0.24691708009872992
2021-02-11,287.1099853515625,0.0245402143447514,0.7170445057041919
2021-02-12,289.7699890136719,0.0092221003759075,0.24353951460730944
2021-02-16,282.2200012207031,-0.026400553990379,-0.8537697505205993
2021-02-17,279.69000244140625,-0.0090050572492905,-0.3131529503988702
2021-02-18,273.30999755859375,-0.023075182545762,-0.7441120691010964
2021-02-19,274.0299987792969,0.0026309118311213,0.0525111425667154
2021-02-22,256.510009765625,-0.0660698967142643,-2.0545152119993366
2021-02-23,260.739990234375,0.0163560165043552,0.475246314935335
2021-02-24,262.3599853515625,0.0061938458110497,0.15625836155962172
2021-02-25,262.6700134277344,0.0011809919925595,-0.010010289764657792
2021-02-26,259.1000061035156,-0.0136844314600774,-0.4729975789126069
2021-03-01,270.260009765625,0.0421703836194587,1.2799222508064518
2021-03-02,265.9100036621094,-0.0162265753069758,-0.559048371335127
2021-03-03,253.1000061035156,-0.0493732277710349,-1.5998924871420532
2021-03-04,242.36000061035156,-0.0433604650709582,-1.3982581737058597
2021-03-05,252.0,0.0390048609162675,1.1794933423217062
2021-03-08,235.9499969482422,-0.0658091822729443,-2.0759143298579765
2021-03-09,247.55999755859375,0.0480330617708046,1.4442777354299503
2021-03-10,245.4199981689453,-0.0086819459217846,-0.30786589653388874
2021-03-11,259.760009765625,0.0567871443018897,1.7129329027242879
2021-03-12,261.8800048828125,0.0081282368287303,0.19659586049487987
2021-03-15,269.5400085449219,0.0288304318247627,0.8363373225364573
2021-03-16,265.6600036621094,-0.0144995245535765,-0.572013771607607
2021-03-17,259.9200134277344,-0.021843366467434,-0.8263506423614729
2021-03-18,252.0,-0.0309448555104481,-1.1253614205812774
2021-03-19,261.0299987792969,0.0352062510581335,1.1073343771140347
2021-03-22,269.32000732421875,0.0312649523027508,0.9710227873119751
2021-03-23,277.04998779296875,0.0282976603802984,0.8668664265267575
2021-03-24,263.6300048828125,-0.0496513277773103,-1.7648284134968897
2021-03-25,259.1700134277344,-0.0170623546258671,-0.6462107217437646
2021-03-26,266.79998779296875,0.0290149994385485,0.9485093754914967
2021-03-29,259.8299865722656,-0.0264717489558376,-0.968519515803583
2021-03-30,261.3800048828125,0.0059477865176458,0.1502291143097034
2021-03-31,260.9200134277344,-0.0017614074588591,-0.12403878897978589
2021-04-01,264.82000732421875,0.0148364791780317,0.44782741216085725
2021-04-05,269.1199951171875,0.0161069810719997,0.4990444929497204
2021-04-06,276.95001220703125,0.0286796699148153,0.9335398431709647
2021-04-07,278.5,0.0055810308115657,0.12905141294679212
2021-04-08,284.55999755859375,0.0215260596932776,0.6840607933231073
2021-04-09,287.1300048828125,0.0089909728208893,0.2507540976525789
2021-04-12,284.7200012207031,-0.0084288463921874,-0.3636479117043752
2021-04-13,288.1300048828125,0.0119055386367592,0.3586538304683556
2021-04-14,284.70001220703125,-0.0119757469652644,-0.48949185518213617
2021-04-15,294.8800048828125,0.0351324733193425,1.1894372811644232
2021-04-16,297.0,0.0071636283225441,0.19437826174611855
2021-04-19,281.510009765625,-0.053564133185078,-1.9536677881116242
2021-04-20,283.4800109863281,0.0069736070796471,0.201784674944553
2021-04-21,285.19000244140625,0.0060140206751729,0.16267253545432198
2021-04-22,283.6400146484375,-0.0054497532921769,-0.244117074130885
2021-04-23,295.5,0.0409629567658881,1.4091740088053923
2021-04-26,299.1000061035156,0.0121091491960202,0.37742864993680647
2021-04-27,304.05999755859375,0.01644705628116,0.5268981882702355
2021-04-28,303.17999267578125,-0.0028983779494489,-0.1690450259391609
2021-04-29,301.55999755859375,-0.005357671126305,-0.2531263364769289
2021-04-30,295.2200012207031,-0.0212481480038352,-0.8171914093685886
2021-05-03,282.0899963378906,-0.0454946892687088,-1.6767109879389466
2021-05-04,271.9599914550781,-0.0365711907365509,-1.3499237851444315
2021-05-05,264.45001220703125,-0.0280027215664232,-1.0372764972647162
2021-05-06,253.16000366210935,-0.0436305292993637,-1.579312886608565
2021-05-07,234.19000244140625,-0.0778889522440429,-2.7488824769751297
2021-05-10,226.75,-0.0322846731334079,-1.137617177192241
2021-05-11,229.9600067138672,0.0140573209556482,0.4906474584010551
2021-05-12,225.52000427246097,-0.0194965442001058,-0.6878651654027689
2021-05-13,226.02000427246097,0.0022146440842377,0.05952501406464484
2021-05-14,232.4199981689453,0.0279225620814867,1.0003131989930205
2021-05-17,228.42999267578125,-0.0173162863120312,-0.6492699544937237
2021-05-18,236.33999633789065,0.0340416451112986,1.2178052821566185
2021-05-19,239.7899932861328,0.0144920815913111,0.49976961050400204
2021-05-20,252.77999877929688,0.052756028082776,1.8760215477723046
2021-05-21,253.52000427246097,0.0029231918453574,0.06742827471770502
2021-05-24,256.7699890136719,0.0127379675397523,0.4201928326536356
2021-05-25,259.6600036621094,0.0111923972606093,0.35769172594874243
2021-05-26,263.19000244140625,0.0135031170490277,0.43728110204975223
2021-05-27,272.04998779296875,0.033109613976776,1.154354402284259
2021-05-28,269.6700134277344,-0.0087867890147659,-0.37348008950924433
2021-06-01,264.4700012207031,-0.0194712111154169,-0.7605838476354709
2021-06-02,264.260009765625,-0.0007943239905281,-0.07961812026293154
2021-06-03,263.8399963378906,-0.0015906590094291,-0.11314562442347255
2021-06-04,271.8399963378906,0.0298707995208098,1.0332995319707206
2021-06-07,276.1099853515625,0.0155856395365776,0.5115225433325125
2021-06-08,278.2699890136719,0.0077925419108355,0.22448753892886272
2021-06-09,272.92999267578125,-0.0193765006851752,-0.7733953784985723
2021-06-10,281.6000061035156,0.0312723207440054,1.0907359603168663
2021-06-11,282.45001220703125,0.0030139410313461,0.046038502033065795
2021-06-14,283.95001220703125,0.005296622323864,0.1291581965600125
2021-06-15,277.75,-0.0220767807937743,-0.874092298128494
2021-06-16,279.489990234375,0.0062450503191721,0.16911400639960003
2021-06-17,284.7900085449219,0.0187856177271953,0.640765094273324
2021-06-18,280.54998779296875,-0.0150001778801987,-0.6152396148145225
2021-06-21,281.5799865722656,0.0036646326613694,0.08596744353898801
2021-06-22,282.3800048828125,0.0028371475257386,0.056399608842345704
2021-06-23,280.54998779296875,-0.006501780187108,-0.29325000205177837
2021-06-24,277.0400085449219,-0.0125899877481025,-0.5282135107951313
2021-06-25,278.3399963378906,0.0046814438969375,0.12178389209883546
2021-06-28,283.239990234375,0.01745118547056,0.5961981444300793
2021-06-29,283.4200134277344,0.0006353834689317,-0.038294544544913114
2021-06-30,274.510009765625,-0.0319422180409551,-1.2573096295636157
2021-07-01,278.5899963378906,0.0147534280685852,0.5028159725806219
2021-07-02,281.3399963378906,0.0098227355110167,0.3211183414906706
2021-07-06,286.7699890136719,0.0191165731203076,0.6722903243605964
2021-07-07,284.0400085449219,-0.009565359035781,-0.40972635240696714
2021-07-08,282.7200012207031,-0.0046580905083115,-0.22237540662554042
2021-07-09,280.69000244140625,-0.0072061466806369,-0.3152161361345259
2021-07-12,275.6400146484375,-0.0181551465760877,-0.7290164458707096
2021-07-13,268.82000732421875,-0.0250536817435598,-1.0086415822472108
2021-07-14,260.6700134277344,-0.0307867468572005,-1.218462783508922
2021-07-15,260.3599853515625,-0.0011900585896694,-0.08390874121556814
2021-07-16,268.3299865722656,0.0301522838292357,1.1069409203304024
2021-07-19,265.0,-0.0124876902849558,-0.5210087191447803
2021-07-20,272.8999938964844,0.0293755793626778,1.078155933841537
2021-07-21,271.4800109863281,-0.0052168930450652,-0.24400162877126377
2021-07-22,271.4599914550781,-7.374491166265844e-05,-0.04669394748547042
2021-07-23,276.54998779296875,0.0185768249081007,0.6617920733804672
2021-07-26,263.6700134277344,-0.0476932201293225,-1.8572263774894386
2021-07-27,266.8500061035156,0.011988353481462,0.4069578637662313
2021-07-28,272.510009765625,0.0209886208611054,0.7491789503019652
2021-07-29,273.739990234375,0.0045033685947825,0.1243868870966755
2021-07-30,279.69000244140625,0.0215031405973838,0.7685629557642973
2021-08-02,278.70001220703125,-0.0035458774178857,-0.18251408082994644
2021-08-03,278.8599853515625,0.0005738329493559,-0.026519379548819548
2021-08-04,279.17999267578125,0.001146897612703,-0.0019903552869780703
2021-08-05,280.45001220703125,0.0045387906310743,0.1335961057346729
2021-08-06,275.510009765625,-0.017771538460425,-0.7144747604973768
2021-08-09,286.6499938964844,0.0396379770413133,1.4705199000785887
2021-08-10,279.3999938964844,-0.0256175130840397,-1.0361726611831579
2021-08-11,275.0299987792969,-0.0157642467905348,-0.6584388990859384
2021-08-12,281.3500061035156,0.0227192893857178,0.8292606228326003
2021-08-13,287.57000732421875,0.0218668667586319,0.7935380822640585
2021-08-16,292.9100036621094,0.0183990727669662,0.6539864059176547
2021-08-17,302.8399963378906,0.0333391940439892,1.2323810770691983
2021-08-18,297.0,-0.0194724623398511,-0.8049443379000374
2021-08-19,294.80999755859375,-0.0074010660415415,-0.33781576612514735
2021-08-20,295.2799987792969,0.0015929818265321,0.009313802646802143
2021-08-23,293.5400085449219,-0.0059101092947317,-0.28046560029475703
2021-08-24,300.0199890136719,0.0218351571891325,0.7872812740662688
2021-08-25,299.75,-0.0009003085744674,-0.083911963484986
2021-08-26,294.1300048828125,-0.0189269308287124,-0.7796386491266192
2021-08-27,295.0899963378906,0.0032585190676395,0.07835991251895887
2021-08-30,296.1499938964844,0.0035856799668819,0.08907014900740844
2021-08-31,297.80999755859375,0.0055896289584421,0.16863289181145324
2021-09-01,299.989990234375,0.0072934171422558,0.2372135234977198
2021-09-02,301.70001220703125,0.0056840784117099,0.17469503608625095
2021-09-03,302.5899963378906,0.0029455551531712,0.05816230348648853
2021-09-07,307.2699890136719,0.0153480623660071,0.5413701949322018
2021-09-08,302.67999267578125,-0.0150506865165931,-0.6537832019167797
2021-09-09,302.2699890136719,-0.0013554962800121,-0.10890814888139379
2021-09-10,296.4200134277344,-0.0195432085199549,-0.8233093813486362
2021-09-13,295.1000061035156,-0.0044631101966929,-0.22833313151570056
2021-09-14,294.2900085449219,-0.0027485978669783,-0.1558574351690952
2021-09-15,291.44000244140625,-0.0097315436874333,-0.426709796347638
2021-09-16,287.8999938964844,-0.012220984659348,-0.5258468028561413
2021-09-17,292.45001220703125,0.0156805772116029,0.5800599218682398
2021-09-20,289.04998779296875,-0.0116941123326809,-0.5032654233086346
2021-09-21,293.32000732421875,0.0146645468987327,0.5393363065979604
2021-09-22,288.0,-0.0183037080597151,-0.7612610984635114
2021-09-23,290.6000061035156,0.0089872920033871,0.3182703305405319
2021-09-24,289.20001220703125,-0.0048292396450727,-0.2391869464598519
2021-09-27,286.2799987792969,-0.0101481838878818,-0.4464119468488753
2021-09-28,276.5400085449219,-0.0346148417465005,-1.4156982122392856
2021-09-29,278.9700012207031,0.0087487466740882,0.3209860193068821
2021-09-30,284.2300109863281,0.018679554676141,0.7188700198703849
2021-10-01,285.3299865722656,0.003862549891929,0.1255601516052991
2021-10-04,279.3999938964844,-0.021001933124256,-0.8712212843786141
2021-10-05,287.0299987792969,0.0269423106828495,1.0463733911345776
2021-10-06,291.6300048828125,0.0158991565836337,0.59928378876943
2021-10-07,293.0,0.0046867167728038,0.16041266326422565
2021-10-08,290.9200134277344,-0.0071242475746223,-0.31405600208378043
2021-10-11,293.2300109863281,0.0079089600384008,0.2934316919393323
2021-10-12,297.510009765625,0.0144905492098238,0.5555435648464813
2021-10-13,300.25,0.009167590269423,0.3406251906289859
2021-10-14,304.0299987792969,0.0125109157726141,0.47313194163625155
2021-10-15,300.489990234375,-0.0117119336803838,-0.5025807887913862
2021-10-18,291.9100036621094,-0.0289688949260798,-1.1940392000470417
2021-10-19,299.92999267578125,0.0271035415504062,1.0604651929436788
2021-10-20,298.69000244140625,-0.0041428352477148,-0.19785032136462524
2021-10-21,303.3500061035156,0.0154810200797466,0.5867914262270456
2021-10-22,304.3299865722656,0.0032253203333909,0.09547803229125017
2021-10-25,302.20001220703125,-0.0070235046095514,-0.31400503409833735
2021-10-26,303.9200134277344,0.005675462828654,0.20002869201604112
2021-10-27,299.3299865722656,-0.0152179542058513,-0.6470492547616427
2021-10-28,309.989990234375,0.0349934085360169,1.38708498109537
2021-10-29,310.0199890136719,9.67686983252767e-05,-0.04558223895861875
2021-11-01,308.70001220703125,-0.0042668050382058,-0.22940091579999158
2021-11-02,312.8599853515625,0.013385788261101,0.4919303697314512
2021-11-03,311.9800109863281,-0.0028166409069915,-0.17177961080137322
2021-11-04,301.6099853515625,-0.0338043748902399,-1.4438711074452313
2021-11-05,308.0,0.020965039458245,0.8659990767372545
2021-11-08,313.4700012207031,0.0176038826347172,0.7192865878462235
2021-11-09,318.2900085449219,0.0152592781302815,0.6149502450507949
2021-11-10,307.67999267578125,-0.0339026857027669,-1.473094513028137
2021-11-11,314.6199951171875,0.0223052878388381,0.9151226577905957
2021-11-12,314.8500061035156,0.0007308084455782,-0.0008036447704814129
2021-11-15,316.2200012207031,0.0043418234220733,0.14942692391037463
2021-11-16,317.010009765625,0.0024951721841688,0.06831291168503434
2021-11-17,310.8699951171875,-0.0195585472740681,-0.8658030890014298
2021-11-18,302.760009765625,-0.0264343579560963,-1.1521297002275541
2021-11-19,301.0,-0.0058301799474246,-0.2706324204066341
2021-11-22,298.8299865722656,-0.0072354598580513,-0.32863054006321135
2021-11-23,290.79998779296875,-0.0272391012088724,-1.1731674165796067
2021-11-24,297.55999755859375,0.0229801734364358,0.956168394810839
2021-11-26,295.3900146484375,-0.0073193104074753,-0.3426917659241748
2021-11-29,295.8699951171875,0.001623585448903,0.04193357747563571
2021-11-30,288.44000244140625,-0.0254330516470832,-1.1086526398141312
2021-12-01,283.4599914550781,-0.0174161109190447,-0.759137579922525
2021-12-02,287.239990234375,0.0132470796502909,0.5487250191471084
2021-12-03,263.1700134277344,-0.0875178070291071,-3.661658897872609
2021-12-06,259.1400146484375,-0.0154317494870899,-0.6447919427581625
2021-12-07,272.5,0.050270101375517,2.0768504680385265
2021-12-08,277.1300048828125,0.0168481136892667,0.6810138121534451
2021-12-09,268.5,-0.031635813843646,-1.3275692383223512
2021-12-10,262.5199890136719,-0.0225236861928883,-0.942770891734265
2021-12-13,264.6000061035156,0.0078920469917763,0.3111909288810734
2021-12-14,255.32000732421875,-0.0357015856735235,-1.4880156568800325
2021-12-15,269.0,0.0521936905275551,2.1235342486159317
2021-12-16,258.739990234375,-0.0388877208550885,-1.6014309447953525
2021-12-17,262.70001220703125,0.0151890844123147,0.60604756197089
2021-12-20,256.8999938964844,-0.0223258628015603,-0.9204431139592569
2021-12-21,265.57000732421875,0.0331916066372484,1.3306832604321832
2021-12-22,269.3900146484375,0.0142817111440142,0.5799333157516413
2021-12-23,273.260009765625,0.0142635605090578,0.5818447666642502
2021-12-27,272.760009765625,-0.0018314351923788,-0.0853168465703908
2021-12-28,266.1700134277344,-0.0244570706174177,-1.015721969089425
2021-12-29,270.19000244140625,0.0149901714165812,0.612956498599328
2021-12-30,269.57000732421875,-0.002297300202473,-0.10041391694053979
2021-12-31,266.07000732421875,-0.0130686644682541,-0.5464268780332387
2022-01-03,275.70001220703125,0.0355539027223675,1.4488911959818183
2022-01-04,273.54998779296875,-0.0078289864209142,-0.3346606066764614
2022-01-05,255.4499969482422,-0.0684576920551252,-2.7768912992984447
2022-01-06,260.42999267578125,0.0193073991180544,0.7827486295141419
2022-01-07,250.0800018310547,-0.0405532089532236,-1.630495885041012
2022-01-10,240.6999969482422,-0.038229541884694,-1.5390135662284388
2022-01-11,245.6699981689453,0.0204378323865483,0.844249609023544
2022-01-12,242.77999877929688,-0.0118334860552606,-0.4643202720012269
2022-01-13,242.3699951171875,-0.0016902144280183,-0.04348244212839746
2022-01-14,242.7100067138672,0.0014018786636454,0.08155051089533541
2022-01-18,234.1000061035156,-0.0361189421081401,-1.4460239773519399
2022-01-19,235.02000427246097,0.0039222345158095,0.19688663398924758
2022-01-20,232.32000732421875,-0.011554871922078,-0.4376178466543204
2022-01-21,224.13999938964844,-0.0358449092620543,-1.4227332563095114
2022-01-24,223.0,-0.0050990824406813,-0.16636693449671774
2022-01-25,211.82000732421875,-0.0514348794670362,-2.0380206631447852
2022-01-26,199.0,-0.0624320672685901,-2.523363774513357
2022-01-27,194.8000030517578,-0.0213314178499498,-0.8289099820829245
2022-01-28,230.58999633789065,0.1686678190042143,6.436165325576162
2022-01-31,248.0,0.0727875202862254,2.736482581853873
2022-02-01,248.0800018310547,0.0003225360081153,0.02744932690976201
2022-02-02,253.19000244140625,0.0203889224888077,0.7787515810005713
2022-02-03,242.05999755859375,-0.0449545854374026,-1.6614978104615803
2022-02-04,243.4900054931641,0.0058902772531526,0.24182590630194722
2022-02-07,242.52999877929688,-0.0039504874447328,-0.1260431124703967
2022-02-08,247.69000244140625,0.0210525650871078,0.8061938924733957
2022-02-09,256.3500061035156,0.0343657479189849,1.2935326228666462
2022-02-10,252.80999755859375,-0.0139055132437232,-0.49989512088086435
2022-02-11,248.05999755859375,-0.0189675662501076,-0.684095206459511
2022-02-14,245.55999755859375,-0.0101293359280874,-0.3575945181064071
2022-02-15,254.33999633789065,0.0351306335770236,1.321417927340148
2022-02-16,252.3300018310547,-0.0079341782950777,-0.28383527945084136
2022-02-17,240.80999755859375,-0.0467295312257571,-1.712053998410486
2022-02-18,234.17999267578125,-0.0279182115287294,-1.0308748239538925
2022-02-22,234.5399932861328,0.0015361012626806,0.07324106442967623
2022-02-23,230.82000732421875,-0.0159879026836785,-0.5792091753581384
2022-02-24,255.3699951171875,0.1010752370515983,3.6820988556974816
2022-02-25,262.3699951171875,0.0270422478799881,0.9808169099747126
2022-02-28,264.69000244140625,0.0088036364706216,0.324352904580864
2022-03-01,260.8399963378906,-0.0146521606404423,-0.532090149394654
2022-03-02,270.7099914550781,0.0371409271511553,1.3499470101723698
2022-03-03,265.3900146484375,-0.0198476082274854,-0.7427855557358469
2022-03-04,261.7099914550781,-0.01396350956051,-0.520599640627755
2022-03-07,261.8599853515625,0.0005729660111631,0.005954818364379776
2022-03-08,248.3000030517578,-0.053172249054919,-1.9823260721192208
2022-03-09,249.3699951171875,0.0043000129324866,0.15793769189165008
2022-03-10,234.92999267578125,-0.0596501514824342,-2.207030694750084
2022-03-11,223.2599945068359,-0.0509505792725309,-1.8615917096096912
2022-03-14,211.9600067138672,-0.0519393776825277,-1.8774383949948206
2022-03-15,216.07000732421875,0.0192048538552908,0.7369334015040622
2022-03-16,238.63999938964844,0.0993536744938552,3.5779214204799046
2022-03-17,248.27000427246097,0.0395607431878758,1.4196270137933127
2022-03-18,260.0299987792969,0.0462801234434049,1.6549970150419766
2022-03-21,253.41000366210935,-0.0257882594213129,-0.9140191960204
2022-03-22,250.0,-0.0135478269965899,-0.47090853857946474
2022-03-23,243.11000061035156,-0.0279468995403521,-0.9942736601319418
2022-03-24,251.61000061035156,0.0343662537683197,1.2382043051691451
2022-03-25,251.94000244140625,0.00131070152437,0.055349900400378405
2022-03-28,253.42999267578125,0.0058966482619566,0.21612114340367405
2022-03-29,260.6199951171875,0.0279757671048475,1.00689381831539
2022-03-30,263.6499938964844,0.0115590538450214,0.41423265251992486
2022-03-31,266.3900146484375,0.0103390125864257,0.3711040793592679
2022-04-01,279.0199890136719,0.0463219690524282,1.653285091655754
2022-04-04,270.92999267578125,-0.0294229665680671,-1.050153269959814
2022-04-05,270.6499938964844,-0.0010340072055329,-0.0329561782489139
2022-04-06,267.2799987792969,-0.0125296572102946,-0.4400272902993036
2022-04-07,267.510009765625,0.0008601918391729,0.040892635820641905
2022-04-08,267.6300048828125,0.000448462517898,0.02487903851070327
2022-04-11,258.1400146484375,-0.0361033176853026,-1.2747604321789547
2022-04-12,253.6000061035156,-0.0177438835225759,-0.6175068304681298
2022-04-13,265.2799987792969,0.045027620714804,1.620323170766903
2022-04-14,263.5,-0.0067324993639483,-0.2231102832826314
2022-04-18,257.0,-0.0249772830861972,-0.8826404890861045
2022-04-19,270.8299865722656,0.0524151832925766,1.8729103252589825
2022-04-20,273.2099914550781,0.0087494307840183,0.31759069119453875
2022-04-21,261.95001220703125,-0.0420870065169715,-1.4808530000865918
2022-04-22,249.3800048828125,-0.0491758353065953,-1.716685073103175
2022-04-25,251.38999938964844,0.0080276585414419,0.30860332250968797
2022-04-26,240.2899932861328,-0.0451590164022216,-1.5591493083383283
2022-04-27,234.52000427246097,-0.0243056089735581,-0.819872012918792
2022-04-28,237.9600067138672,0.0145617302200623,0.5454814368975066
2022-04-29,238.9900054931641,0.0043191125029065,0.18166213327151315
2022-05-02,247.1699981689453,0.0336546185506513,1.2063356536465861
2022-05-03,238.8699951171875,-0.0341569011369584,-1.1878804424531397
2022-05-04,247.0099945068359,0.0335093489492053,1.1916082215508006
2022-05-05,226.91000366210935,-0.0848753201675595,-2.9405203392852908
2022-05-06,205.57000732421875,-0.0987668350658057,-3.3914636385327137
2022-05-09,191.4600067138672,-0.0711076995815219,-2.408803258962978
2022-05-10,190.2400054931641,-0.0063924827675023,-0.19296276150523434
2022-05-11,186.3999938964844,-0.0203915923100798,-0.6717402922399446
2022-05-12,189.02999877929688,0.0140108566570443,0.5033334435629045
2022-05-13,199.05999755859375,0.0517005483888901,1.780892003205228
2022-05-16,196.91000366210935,-0.0108594843982794,-0.3497554467662068
2022-05-17,200.02999877929688,0.0157205590415984,0.5591163624431347
2022-05-18,190.02999877929688,-0.051285401187034,-1.7096539061007274
2022-05-19,194.7400054931641,0.0244834157487648,0.8707654583300998
2022-05-20,198.72000122070312,0.0202314411296516,0.7226029294729089
2022-05-23,202.8500061035156,0.0205700148533247,0.7326174166017038
2022-05-24,217.8300018310547,0.0712481307248852,2.4228171653636847
2022-05-25,221.6499938964844,0.0173845831881812,0.6082242785466894
2022-05-26,229.05999755859375,0.0328844336568652,1.1301164821090948
2022-05-27,235.2100067138672,0.0264947933603919,0.9089096989320422
2022-05-31,213.47999572753903,-0.0969356292192494,-3.167197475565813
2022-06-01,207.3800048828125,-0.0289902487769675,-0.9223058255832894
2022-06-02,213.88999938964844,0.0309089786484153,1.042229228812605
2022-06-03,212.57000732421875,-0.0061904809831949,-0.17155543041157797
2022-06-06,212.02000427246097,-0.0025907503444272,-0.0507827584072767
2022-06-07,219.88999938964844,0.0364467885387981,1.227045609654122
2022-06-08,219.41000366210935,-0.0021852761903945,-0.043331790486919104
2022-06-09,219.30999755859375,-0.0004558994573737,0.01765211976067315
2022-06-10,221.2100067138672,0.0086262640463824,0.31587565013800384
2022-06-13,203.5,-0.0834465020509306,-2.6648671223827805
2022-06-14,205.5500030517578,0.0100233233080281,0.36424448634144274
2022-06-15,204.2899932861328,-0.0061488080555109,-0.15927737131886516
2022-06-16,198.3300018310547,-0.0296082008892068,-0.9140607290084176
2022-06-17,200.8000030517578,0.0123770837696109,0.44463376644435854
2022-06-21,204.77000427246097,0.0195780159095794,0.675636867252537
2022-06-22,207.92999267578125,0.0153140304484072,0.5355175436158632
2022-06-23,218.97000122070312,0.0517332903328432,1.6982193929808271
2022-06-24,227.72999572753903,0.0392259582293044,1.2847813762929603
2022-06-27,228.2100067138672,0.0021055891613023,0.09293629270463848
2022-06-28,226.2100067138672,-0.0088024860474658,-0.2542043315614128
2022-06-29,221.94000244140625,-0.019056714976826,-0.5808321294542282
2022-06-30,217.94000244140625,-0.0181872793217817,-0.5554214089133733
2022-07-01,226.4600067138672,0.038348551781992,1.2563136575745462
2022-07-05,231.67999267578125,0.0227887190509112,0.7549299985720302
2022-07-06,230.32000732421875,-0.0058873994797323,-0.1609022255546306
2022-07-07,235.11000061035156,0.0205838142248029,0.6836094930701503
2022-07-08,235.5099945068359,0.0016998597465062,0.07770200053876467
2022-07-11,230.82000732421875,-0.0201151343518561,-0.6192681123527385
2022-07-12,224.6000061035156,-0.0273171482441688,-0.8480298844508335
2022-07-13,226.5500030517578,0.0086446151043282,0.29861723717476796
2022-07-14,227.47000122070312,0.0040526823464881,0.1473845620077939
2022-07-15,232.27999877929688,0.0209251683183341,0.6853091030557079
2022-07-18,225.3699951171875,-0.030200060883727,-0.9460477943110539
2022-07-19,231.2100067138672,0.0255829431311599,0.83663598193409
2022-07-20,236.97999572753903,0.0246493138638379,0.8077669582077053
2022-07-21,244.33999633789065,0.0305849516283422,0.9914955710559881
2022-07-22,240.63999938964844,-0.0152586447630461,-0.4724774407080059
2022-07-25,240.5800018310547,-0.0002493560481793,0.009711456391437858
2022-07-26,239.5,-0.0044992653259578,-0.13232579526383317
2022-07-27,243.61000061035156,0.017015171550772,0.558239893342115
2022-07-28,247.47000122070312,0.0157207790717396,0.517538188370864
2022-07-29,247.8000030517578,0.0013326140369671,0.055527825667034146
2022-08-01,245.67999267578125,-0.0085921351899091,-0.2598387603367955
2022-08-02,257.05999755859375,0.0452796648640281,1.4606133660608054
2022-08-03,260.8500061035156,0.0146360416823984,0.47707242892897767
2022-08-04,256.010009765625,-0.0187290085048414,-0.5882187541734643
2022-08-05,267.04998779296875,0.0422193167129954,1.3520824987866955
2022-08-08,263.05999755859375,-0.0150537273152837,-0.4741253950240856
2022-08-09,258.67999267578125,-0.0167903854952638,-0.523762510532645
2022-08-10,262.489990234375,0.0146212005995698,0.4757626275869511
2022-08-11,264.0799865722656,0.0060390878335721,0.19847399728767962
2022-08-12,270.70001220703125,0.0247592050168557,0.7972933854647308
2022-08-15,270.6400146484375,-0.000221663116943,0.0006124495066821914
2022-08-16,268.6099853515625,-0.0075291196538299,-0.2303315007844385
2022-08-17,266.6000061035156,-0.0075110283052819,-0.22505788112830216
2022-08-18,271.32000732421875,0.017549532434125,0.5753895696964185
2022-08-19,267.4200134277344,-0.0144784566739673,-0.45261540625051655
2022-08-22,261.8900146484375,-0.0208958821928377,-0.6553166768577023
2022-08-23,259.8800048828125,-0.0077046194047851,-0.23173826610684392
2022-08-24,273.70001220703125,0.0518126558456237,1.6667879878124423
2022-08-25,282.8599853515625,0.0329193631587968,1.0565905483686344
2022-08-26,267.1700134277344,-0.0570668136363028,-1.7963373838400425
2022-08-29,263.7799987792969,-0.0127697923991604,-0.39045638806081584
2022-08-30,258.2200012207031,-0.0213034782960579,-0.6571347361974194
2022-08-31,255.47000122070312,-0.0107069487755669,-0.31961882775031775
2022-09-01,259.5299987792969,0.015767307458496,0.5170257007564248
2022-09-02,254.3500061035156,-0.0201610028915813,-0.6159893358696701
2022-09-06,249.7899932861328,-0.0180907572787895,-0.5475831658967383
2022-09-07,262.8399963378906,0.0509249301103132,1.6209556382055033
2022-09-08,269.6300048828125,0.0255051988243193,0.8157544020301594
2022-09-09,268.9100036621094,-0.002673902173524,-0.06942957545141819
2022-09-12,268.0,-0.003389784236759,-0.09400129532489736
2022-09-13,252.72000122070312,-0.0587048191867677,-1.8143575651994768
2022-09-14,263.6000061035156,0.0421506644587228,1.3255038753207609
2022-09-15,259.1400146484375,-0.01706431305503,-0.5164142488498681
2022-09-16,255.0,-0.0161049675693555,-0.48598724756701744
2022-09-19,254.63999938964844,-0.0014127645815082,-0.026870367334124966
2022-09-20,255.0399932861328,0.0015695887001704,0.06432336200694191
2022-09-21,250.38999938964844,-0.0184006693884522,-0.5531591106373333
2022-09-22,241.25,-0.0371859596695407,-1.1332673925834489
2022-09-23,234.19000244140625,-0.0297009780904412,-0.8947202889481344
2022-09-26,231.58999633789065,-0.0111642110678242,-0.3188993931876241
2022-09-27,230.58999633789065,-0.004327325182073,-0.10759660617757753
2022-09-28,236.13999938964844,0.0237836210155047,0.7579458425367334
2022-09-29,231.17999267578125,-0.0212282507100283,-0.6355822518891184
2022-09-30,229.3999938964844,-0.0077294180953957,-0.2135923312308989
2022-10-03,232.97000122070312,0.0154425170621166,0.5042370328227572
2022-10-04,244.27000427246097,0.0473644932266879,1.4811641128628046
2022-10-05,245.07000732421875,0.0032697255304769,0.12067594308018864
2022-10-06,245.5099945068359,0.0017937433199358,0.07674138649831848
2022-10-07,237.2899932861328,-0.034054663718321,-1.0270768410634825
2022-10-10,231.92999267578125,-0.0228474230886775,-0.6780526734497021
2022-10-11,232.77999877929688,0.0036582258487537,0.14133237344180305
2022-10-12,232.5500030517578,-0.0009885274766857,-0.0003393214365427093
2022-10-13,234.2599945068359,0.0073263173995987,0.25692096286002786
2022-10-14,221.1199951171875,-0.0577260676956017,-1.735467708144071
2022-10-17,224.16000366210935,0.0136545804286091,0.4553451322435677
2022-10-18,227.47000122070312,0.0146582680044761,0.4813490900272775
2022-10-19,215.82000732421875,-0.0525736060579184,-1.571580700009674
2022-10-20,212.22000122070312,-0.016821282674779,-0.47386519331129373
2022-10-21,227.0,0.0673265392838939,2.0810703725242505
2022-10-24,230.6199951171875,0.0158212956890214,0.5140143755000462
2022-10-25,238.02999877929688,0.0316253978491736,0.9875496301629391
2022-10-26,243.6000061035156,0.0231308498716268,0.7271966174445549
2022-10-27,243.30999755859375,-0.0011912204597742,-0.011179491468505406
2022-10-28,255.5500030517578,0.0490817567247589,1.507085619963903
2022-10-31,258.80999755859375,0.0126760951671889,0.4047717490754007
2022-11-01,266.07000732421875,0.0276652672604851,0.8527467842075137
2022-11-02,261.70001220703125,-0.0165606034026513,-0.4783721717865539
2022-11-03,255.3500061035156,-0.0245636791850312,-0.7165481661850404
2022-11-04,313.0,0.2035680135439525,5.727342324313322
2022-11-07,303.3900146484375,-0.0311840356754332,-0.8755628828794548
2022-11-08,304.29998779296875,0.0029948619230838,0.08760549637052764
2022-11-09,294.92999267578125,-0.0312760015746144,-0.8707449072614416
2022-11-10,304.9599914550781,0.0334425772328355,0.941159181383742
2022-11-11,293.6700134277344,-0.0377238587806886,-1.0513402397509743
2022-11-14,290.0799865722656,-0.0123000329485591,-0.3360936156332673
2022-11-15,305.6700134277344,0.0523494318663848,1.4667465529494572
2022-11-16,299.239990234375,-0.0212602382137162,-0.5873525126469781
2022-11-17,297.45001220703125,-0.0059997096965966,-0.16275276570307962
2022-11-18,295.5299987792969,-0.0064758342677072,-0.17845073512635368
2022-11-21,290.6000061035156,-0.0168225782658085,-0.4664569989158283
2022-11-22,289.7300109863281,-0.0029982794041853,-0.08040578595241539
2022-11-23,292.6300048828125,0.0099595363309898,0.2780672621370678
2022-11-25,293.70001220703125,0.0036498507013615,0.10369174188394265
2022-11-28,292.30999755859375,-0.0047440051609932,-0.13173120932139823
2022-11-29,288.55999755859375,-0.0129118464718761,-0.3588346945259922
2022-11-30,299.3699951171875,0.0367772221194076,1.0247414751100326
2022-12-01,308.0,0.0284195327195369,0.7852499314137872
2022-12-02,308.05999755859375,0.0001947782976372,-0.002318225133358289
2022-12-05,302.42999267578125,-0.0184447397551497,-0.5373912340564977
2022-12-06,299.9599914550781,-0.0082007175697449,-0.24848154229374045
2022-12-07,304.8900146484375,0.0163019999164582,0.45028820652879253
2022-12-08,303.3399963378906,-0.0050968273121471,-0.15498328047820145
2022-12-09,302.32000732421875,-0.0033681932826855,-0.10923928012708448
2022-12-12,300.8399963378906,-0.0049075334826872,-0.15515641615103315
2022-12-13,313.0,0.0396246407548979,1.1068380603808707
2022-12-14,311.8500061035156,-0.003680867996062,-0.12739439712001618
2022-12-15,299.1300048828125,-0.0416440447119005,-1.1993384987774942
2022-12-16,298.989990234375,-0.0004681824788941,-0.029781892212614226
2022-12-19,294.2900085449219,-0.0158443905885089,-0.465723117260032
2022-12-20,298.5400085449219,0.0143382510626739,0.3929727495061711
2022-12-21,301.4700012207031,0.0097665569506849,0.26532219045271216
2022-12-22,297.82000732421875,-0.0121812110233178,-0.36031551466874817
2022-12-23,292.0899963378906,-0.0194273403358439,-0.5638591913066381
2022-12-27,292.04998779296875,-0.0001369827304117,-0.011686978137495968
2022-12-28,290.0400085449219,-0.0069061047239974,-0.20770178521702098
2022-12-29,295.0400085449219,0.0170920953655626,0.4798132058490344
2022-12-30,294.3900146484375,-0.0022055006850167,-0.07322070846053023
2023-01-03,286.3800048828125,-0.0275858513491446,-0.7981287366959563
2023-01-04,279.7200012207031,-0.0235305100962929,-0.6760752654148419
2023-01-05,286.1600036621094,0.0227620005484969,0.6468004126889866
2023-01-06,292.30999755859375,0.0212637668583247,0.5979069534649977
2023-01-09,296.2699890136719,0.0134562890304745,0.37349163842477245
2023-01-10,299.05999755859375,0.009373050355117,0.2506348413740726
2023-01-11,303.94000244140625,0.0161861075458886,0.4424459150906792
2023-01-12,306.2799987792969,0.0076693907213576,0.1970999889814826
2023-01-13,305.8900146484375,-0.0012741041706116,-0.06357776981836538
2023-01-17,298.9200134277344,-0.0230495841058142,-0.6923219117608574
2023-01-18,289.1600036621094,-0.0331958431861744,-0.9805867641544816
2023-01-19,292.3800048828125,0.0110741619869535,0.2955126658671874
2023-01-20,294.30999755859375,0.0065792825161644,0.16487339145511562
2023-01-23,294.82000732421875,0.0017314001622888,0.022793803498337716
2023-01-24,291.67999267578125,-0.010707739642257,-0.3415453188876843
2023-01-25,289.70001220703125,-0.0068113389077885,-0.22810748875922215
2023-01-26,286.1300048828125,-0.0123996768471837,-0.39672671655275
2023-01-27,285.5,-0.0022042409688561,-0.1068736407576349
2023-01-30,286.20001220703125,0.0024488806783855,0.027127394782398558
2023-01-31,287.32000732421875,0.0039056929236535,0.09386338032589091
2023-02-01,290.5299987792969,0.0111102342839695,0.32760269582410106
2023-02-02,292.95001220703125,0.0082951506780569,0.23860586402851564
2023-02-03,295.19000244140625,0.0076172374242779,0.2191505911688639
2023-02-06,292.1700134277344,-0.0102833544845568,-0.3462403527069179
2023-02-07,289.3599853515625,-0.0096643335795846,-0.3248195594168259
2023-02-08,288.07000732421875,-0.0044680054368463,-0.16166234093007883
2023-02-09,286.5400085449219,-0.0053253592971509,-0.18542448383512253
2023-02-10,294.8299865722656,0.0285207012150604,0.8790007641878538
2023-02-13,298.6099853515625,0.0127394516057973,0.3796986100384494
2023-02-14,293.20001220703125,-0.018283313460828,-0.595627346956858
2023-02-15,297.739990234375,0.0153655780034409,0.45892212451707376
2023-02-16,298.9100036621094,0.0039219473374104,0.1033701293769137
2023-02-17,296.0,-0.0097830826630901,-0.32813707724959423
2023-02-21,292.17999267578125,-0.0129894286871811,-0.43513750649271954
2023-02-22,287.7699890136719,-0.0152085138492412,-0.5074995211528346
2023-02-23,297.5799865722656,0.0335215394888046,1.0294160139074668
2023-02-24,294.3500061035156,-0.0109134950666004,-0.3754587845790072
2023-02-27,281.94000244140625,-0.0430752652077514,-1.3968597976556199
2023-02-28,276.3599853515625,-0.0199899803864099,-0.6494146644264257
2023-03-01,282.4800109863281,0.02190347989686,0.6954478429678677
2023-03-02,282.95001220703125,0.0016624562179995,0.04305946556143109
2023-03-03,287.1700134277344,0.0148041749218552,0.4694442973954955
2023-03-06,290.57000732421875,0.011770114674248,0.3678527941697471
2023-03-07,286.5199890136719,-0.014036232924412,-0.4640895231241346
2023-03-08,286.1700134277344,-0.0012222166547767,-0.05075887246574599
2023-03-09,283.1199951171875,-0.0107152679566883,-0.36430732433700375
2023-03-10,280.3599853515625,-0.009796379407315,-0.3326367581103511
2023-03-13,303.44000244140625,0.0791094660429548,2.5184490191670266
2023-03-14,312.7699890136719,0.0302841555909997,0.9371262059390348
2023-03-15,307.8900146484375,-0.0157254371148206,-0.5600614903410734
2023-03-16,312.3599853515625,0.0144136979958785,0.4216728185918726
2023-03-17,309.0899963378906,-0.0105238371214132,-0.3838310147466829
2023-03-20,318.29998779296875,0.0293618111602851,0.9443794823392266
2023-03-21,326.0299987792969,0.0239951019911076,0.771310451521841
2023-03-22,315.1600036621094,-0.0339089399311139,-1.159955886967354
2023-03-23,311.489990234375,-0.0117132543651849,-0.41987008516492796
2023-03-24,310.1700134277344,-0.0042466260739021,-0.1742300172300461
2023-03-27,314.92999267578125,0.0152297910934956,0.4801901070235571
2023-03-28,311.2900085449219,-0.0116253876237831,-0.4172801391791693
2023-03-29,312.8999938964844,0.0051586501405997,0.1446936477191683
2023-03-30,316.8800048828125,0.0126395375541339,0.39770143910184763
2023-03-31,318.9599914550781,0.0065425075604627,0.19402039668131477
2023-04-03,318.8399963378906,-0.0003762782091561,-0.036535907807019895
2023-04-04,319.9100036621094,0.0033503196088901,0.09459613519598636
2023-04-05,315.8900146484375,-0.0126456195911493,-0.44732349367830504
2023-04-06,317.7200012207031,0.0057763975152677,0.17345826260176053
2023-04-10,314.9200134277344,-0.0088518146521807,-0.32073872088159266
2023-04-11,314.0,-0.0029256950465691,-0.12020745446693096
2023-04-12,316.2900085449219,0.007266555364813,0.2228602017230967
2023-04-13,317.1300048828125,0.0026522585724946,0.062137537323853145
2023-04-14,318.82000732421875,0.0053149033328353,0.14928762254972386
2023-04-17,321.2699890136719,0.0076551537059384,0.2346183830152793
2023-04-18,321.29998779296875,9.337124484938045e-05,-0.02360422964684735
2023-04-19,326.1400146484375,0.0149515538185144,0.47715185473116706
2023-04-20,321.1400146484375,-0.0154495712122936,-0.552432828422778
2023-04-21,319.29998779296875,-0.0057461492452719,-0.21805600205750797
2023-04-24,318.7699890136719,-0.0016612563525995,-0.08396305915867973
2023-04-25,321.3299865722656,0.0079987855191245,0.242009786497947
2023-04-26,316.6700134277344,-0.014608326066869,-0.5370236627706401
2023-04-27,316.2300109863281,-0.001390432913008,-0.08623380343641293
2023-04-28,318.0400085449219,0.0057073562239449,0.1566434831786426
2023-05-01,318.8699951171875,0.002606293000011,0.050333609488134284
2023-05-02,314.8399963378906,-0.0127189192581401,-0.48097369452337213
2023-05-03,320.989990234375,0.0193453779307338,0.6386388641775709
2023-05-04,322.2300109863281,0.0038556707994119,0.09333904071354542
2023-05-05,328.760009765625,0.0200624206119756,0.6633539198514632
2023-05-08,318.9800109863281,-0.0301995916480515,-1.1235615437334632
2023-05-09,319.7200012207031,0.0023171772391895,0.020635998090935935
2023-05-10,322.8500061035156,0.0097422214017322,0.28432751772809495
2023-05-11,321.2699890136719,-0.0049059810932534,-0.2590043756505283
2023-05-12,330.2300109863281,0.0275075577712928,0.9354486910537828
2023-05-15,320.7900085449219,-0.0290026845818328,-1.1501525142287856
2023-05-16,319.8699951171875,-0.0028720820869004,-0.1769999385273535
2023-05-17,313.1600036621094,-0.021200394253129,-0.8569559611885069
2023-05-18,302.8699951171875,-0.0334105993157377,-1.3001022728226013
2023-05-19,301.0299987792969,-0.0060937309166562,-0.2959279037169242
2023-05-22,306.54998779296875,0.0181709108866386,0.612154431112622
2023-05-23,296.42999267578125,-0.0335697562211181,-1.3113625418707466
2023-05-24,293.75,-0.0090820127085233,-0.39384186233204177
2023-05-25,277.04998779296875,-0.0585311142057627,-2.228652026697501
2023-05-26,272.6300048828125,-0.0160823687780464,-0.6332839192300266
2023-05-30,272.5799865722656,-0.0001834827368211,-0.03282896770222602
2023-05-31,274.25,0.0061079994176013,0.20696824033357994
2023-06-01,272.4800109863281,-0.0064748419212026,-0.2879866668537278
2023-06-02,281.0299987792969,0.0308961636231591,1.148807481691331
2023-06-05,284.07000732421875,0.0107592915893695,0.37362592302862424
2023-06-06,285.55999755859375,0.0052314436380552,0.15748809726677077
2023-06-07,278.79998779296875,-0.0239575209825399,-0.969655325629037
2023-06-08,281.3399963378906,0.0090692542107006,0.31439854069299716
2023-06-09,283.0899963378906,0.0062009660375438,0.20164432038098623
2023-06-12,284.0899963378906,0.0035262211259193,0.09710398631696537
2023-06-13,281.4800109863281,-0.0092296403474158,-0.3957010718490803
2023-06-14,283.5899963378906,0.0074680840630795,0.24424360311350177
2023-06-15,287.1300048828125,0.012405571689497,0.4398553738924652
2023-06-16,284.5,-0.00920183831512,-0.4174275778328082
2023-06-20,288.7099914550781,0.0146894409382772,0.5252349633743659
2023-06-21,289.0799865722656,0.0012807254602257,-0.006579448189542464
2023-06-22,291.4100036621094,0.008027802864171,0.26406635987878946
2023-06-23,287.8500061035156,-0.0122916905034351,-0.5411795100272946
2023-06-26,296.739990234375,0.0304167692873202,1.1701850371668137
2023-06-27,293.8699951171875,-0.0097188255495847,-0.4317178682787966
2023-06-28,294.5400085449219,0.0022773702457301,0.05088875729886364
2023-06-29,290.9800109863281,-0.0121602722655484,-0.5293018130650783
2023-06-30,288.3399963378906,-0.0091142473604477,-0.40876676178827787
2023-07-03,283.42999267578125,-0.0171751734250785,-0.7335607732550264
2023-07-05,281.989990234375,-0.00509357857267,-0.2412033611694908
2023-07-06,277.67999267578125,-0.0154022295082869,-0.652471823804833
2023-07-07,278.6700134277344,0.0035589890755529,0.11345283082830696
2023-07-10,285.5299987792969,0.0243187638569506,0.9526703546303171
2023-07-11,282.5,-0.0106685475230662,-0.46062945622162743
2023-07-12,285.489990234375,0.0105284174198927,0.392092661167269
2023-07-13,285.75,0.0009103346685316,-0.0018349380270699144
2023-07-14,290.8900146484375,0.0178279365184201,0.6828775687368781
2023-07-17,287.9599914550781,-0.0101236872662275,-0.4484106368959265
2023-07-18,285.3900146484375,-0.0089648347128503,-0.3970119706994407
2023-07-19,287.82000732421875,0.0084785929749845,0.30563392395776195
2023-07-20,278.8299865722656,-0.0317330812319829,-1.3200742563653372
2023-07-21,284.2799987792969,0.0193574347074136,0.7580371502065686
2023-07-24,279.6000061035156,-0.0165996314755675,-0.6983751469006885
2023-07-25,281.739990234375,0.0076245929812166,0.285452165369826
2023-07-26,280.8699951171875,-0.0030927137210105,-0.15119155038661283
2023-07-27,277.57000732421875,-0.0118187314338999,-0.5056715841496929
2023-07-28,280.5299987792969,0.0106074867486317,0.40983137124951863
2023-07-31,276.75,-0.0135660951753014,-0.5715158552943751
2023-08-01,270.94000244140625,-0.0212171684252818,-0.8786250052520048
2023-08-02,268.739990234375,-0.0081530700547628,-0.3465916580994329
2023-08-03,265.2799987792969,-0.0129584657633363,-0.5362078831816407
2023-08-04,263.1400146484375,-0.0080996017398267,-0.33353682096251813
2023-08-07,260.8500061035156,-0.0087407127385723,-0.36178398400892403
2023-08-08,238.33999633789065,-0.0902473425693702,-3.6097196842123456
2023-08-09,229.69000244140625,-0.0369676259667968,-1.4591831340746932
2023-08-10,233.66000366210935,0.0171364986310156,0.7024764364992299
2023-08-11,225.27999877929688,-0.0365230154107412,-1.4335508427685788
2023-08-14,223.88999938964844,-0.0061892104657902,-0.22089364215803778
2023-08-15,219.0800018310547,-0.0217178888118355,-0.8339215776487405
2023-08-16,210.6000061035156,-0.0394763395920173,-1.5297988994148939
2023-08-17,208.2899932861328,-0.0110293214814062,-0.3982722753576822
2023-08-18,205.11000061035156,-0.0153848836304838,-0.569858409585847
2023-08-21,196.52000427246097,-0.042782194528502,-1.641638680646289
2023-08-22,197.7400054931641,0.0061888352076796,0.2922939741897302
2023-08-23,188.52000427246097,-0.0477489395300172,-1.8277197227134672
2023-08-24,187.83999633789065,-0.0036136075748665,-0.09152083963884818
2023-08-25,183.0,-0.026104364302413,-0.9712229206038093
2023-08-28,181.2100067138672,-0.0098295360671528,-0.320657068995439
2023-08-29,189.47999572753903,0.0446268387329348,1.8345838892858144
2023-08-30,201.6199951171875,0.0621012579006945,2.4894022865196117
2023-08-31,191.7100067138672,-0.0504008648549857,-1.9276784029654048
2023-09-01,192.17999267578125,0.0024485461849657,0.14017485247227
2023-09-05,186.97000122070312,-0.0274842120318232,-1.0244509481740087
2023-09-06,193.3999938964844,0.033812368754113,1.361909730080592
2023-09-07,178.52999877929688,-0.0800039039728209,-3.016321507675361
2023-09-08,171.9199981689453,-0.0377274058037121,-1.3877683025803331
2023-09-11,175.25999450683594,0.0192413126011274,0.807393141210913
2023-09-12,175.4600067138672,0.00114058067985,0.10924766846967611
2023-09-13,176.97999572753906,0.0086255727336668,0.3957375847161611
2023-09-14,174.6999969482422,-0.01296650802683,-0.44725786736324674
2023-09-15,169.67999267578125,-0.0291559325799137,-1.0695476733082623
2023-09-18,170.97999572753906,0.0076322985184781,0.3623942532782835
2023-09-19,167.3800048828125,-0.0212798598332666,-0.7651561616362357
2023-09-20,164.74000549316406,-0.015898198919198,-0.552582128224942
2023-09-21,159.92999267578125,-0.029632333151173,-1.0808366720297924
2023-09-22,155.6999969482422,-0.0268051144666655,-0.9685248136002196
2023-09-25,154.6699981689453,-0.0066372560281217,-0.19010354602824703
2023-09-26,159.2899932861328,0.0294325949462532,1.2071705560694699
2023-09-27,161.6999969482422,0.0150163495522585,0.6407022407127058
2023-09-28,163.86000061035156,0.0132696607284043,0.5695612626972881
2023-09-29,159.49000549316406,-0.0270311496617827,-0.9919887784620643
2023-10-02,165.0399932861328,0.0342065693060316,1.3804677958273226
2023-10-03,156.8000030517578,-0.0512167007037047,-1.916533459928573
2023-10-04,152.07000732421875,-0.0306301380632127,-1.1139128407649181
2023-10-05,146.0800018310547,-0.0401865599345752,-1.4725608255451568
2023-10-06,145.50999450683594,-0.0039096543601841,-0.0710734185101448
2023-10-09,144.6199951171875,-0.0061351960373225,-0.1557767538616588
2023-10-10,146.1300048828125,0.0103870909169755,0.47650390530634934
2023-10-11,133.4499969482422,-0.0907698169183704,-3.3547897436614846
2023-10-12,127.7699966430664,-0.0434951066523809,-1.5498512661176957
2023-10-13,132.3800048828125,0.0354448652456182,1.4147144113025105
2023-10-16,135.91000366210938,0.0263163173367655,1.066993480992672
2023-10-17,141.3800048828125,0.0394584063672436,1.551016571972273
2023-10-18,144.8699951171875,0.0243854195691671,0.9812016200225081
2023-10-19,145.24000549316406,0.002550829518651,0.16282829896295925
2023-10-20,144.72999572753906,-0.0035176762381274,-0.073170758163279
2023-10-23,147.0,0.01556267864944,0.644464431361738
2023-10-24,141.0,-0.041672696400568,-1.5201969290103508
2023-10-25,139.63999938964844,-0.0096922125122264,-0.29450321658424966
2023-10-26,135.13999938964844,-0.0327564042583522,-1.1674019764304007
2023-10-27,133.42999267578125,-0.0127343327451057,-0.3964779159348932
2023-10-30,130.75999450683594,-0.0202134010159888,-0.6795811486542525
2023-10-31,132.57000732421875,0.0137473232121969,0.630506459310232
2023-11-01,137.72000122070312,0.0381117842752902,1.5595314457529277
2023-11-02,140.44000244140625,0.01955772135023,0.8493913721542043
2023-11-03,162.5800018310547,0.1463898308966984,5.365522513761057
2023-11-06,158.9199981689453,-0.0227692801563766,-0.7559721069324127
2023-11-07,161.8699951171875,0.0183925943563104,0.8603302630949812
2023-11-08,154.97000122070312,-0.0435619561045721,-1.669906191691998
2023-11-09,152.8800048828125,-0.0135782258053978,-0.4427728228123222
2023-11-10,155.10000610351562,0.0144167776637496,0.6938348821030224
2023-11-13,163.7100067138672,0.0540265013423589,2.2957452248948966
2023-11-14,172.9499969482422,0.0549059068608763,2.3013414671002166
2023-11-15,173.49000549316406,0.0031174747630898,0.20825037109827174
2023-11-16,174.75999450683594,0.0072935801496691,0.3877430054891886
2023-11-17,174.05999755859375,-0.0040135193154843,-0.07604546744190198
2023-11-20,181.2599945068359,0.0405323809860613,1.724143460881552
2023-11-21,181.32000732421875,0.0003310321453349,0.0920804802934248
2023-11-22,186.30999755859375,0.0271484734617323,1.1706756225966324
2023-11-24,187.9499969482422,0.0087640138448517,0.42424297856486837
2023-11-27,187.7400054931641,-0.0011178976048458,0.026054447892624035
2023-11-28,185.72000122070312,-0.0108178864437327,-0.36434983788638453
2023-11-29,188.9199981689453,0.0170834656111581,0.7609264702293452
2023-11-30,189.08999633789065,0.0008994374904167,0.10424706212026166
2023-12-01,192.19000244140625,0.0162614059232895,0.7318093064732367
2023-12-04,193.9900054931641,0.0093221609103525,0.4542590540940713
2023-12-05,191.13999938964844,-0.0148004990149362,-0.5252234160708497
2023-12-06,189.3000030517578,-0.0096730663082618,-0.31820605005156316
2023-12-07,194.5399932861328,0.0273046885932392,1.1787776036843964
2023-12-08,194.66000366210935,0.0006167028814035,0.09746747668176778
2023-12-11,195.17999267578125,0.0026677063766597,0.17959962119125902
2023-12-12,197.2899932861328,0.0107525212885719,0.5057709686085629
2023-12-13,204.8300018310547,0.0375056822755224,1.5782199693083039
2023-12-14,206.80999755859375,0.0096201098075646,0.4578333879709327
2023-12-15,206.97000122070312,0.0007733755645819,0.09755062156899759
2023-12-18,209.6300048828125,0.0127702341442198,0.5790533951248764
2023-12-19,214.61000061035156,0.0234783350090755,1.0103489389385318
2023-12-20,207.97000122070312,-0.0314285858779526,-1.2217547350807052
2023-12-21,218.97000122070312,0.0515408953069599,2.1276872600368035
2023-12-22,216.17999267578125,-0.0128233795985314,-0.46380399239271625
2023-12-26,220.7100067138672,0.0207382929238191,0.8830212855776576
2023-12-27,221.4199981689453,0.0032116891300327,0.17377839973957893
2023-12-28,219.42999267578125,-0.0090281004923275,-0.3181391142593221
2023-12-29,216.97999572753903,-0.0112280779656642,-0.40602442498971447
